Date,Code,Gross_num,PctGrossVsIssuedPct_num
2026-08-04,PLS,8837152,0.2741373875388859
2026-08-04,SGP,6220988,0.2558346405921977
2026-08-04,ZIP,6074008,0.48751117367476643
2026-08-04,LTR,5517262,0.17354732482494495
2026-08-04,PDI,5337253,0.1080398706361508
2026-08-04,MEK,5054940,0.16939362974380645
2026-08-04,GMD,4243048,0.3616310330333325
2026-08-04,ORA,3603401,0.2940728915158051
2026-08-04,BPT,3406379,0.149315247729813
2026-08-04,EVN,3380862,0.16645550407964038
2026-08-04,KAR,3099704,0.4388302589576106
2026-08-04,DRO,2436478,0.26366219185448897
2026-08-04,TWE,2263432,0.28032295660965656
2026-08-04,VEA,2213731,0.13477642515723767
2026-08-04,LYC,2167956,0.2153949773589154
2026-08-04,SBM,1617400,0.13369197664993498
2026-08-04,DYL,1480584,0.15202392976566403
2026-08-04,WAF,1435094,0.1254723694680766
2026-08-04,PGA1,1353734,1.3289403714611643
2026-08-04,VBND,1289320,1.2015779204903443
2026-08-04,HLS,1050445,0.14465834599430966
2026-08-04,NHC,982169,0.11640203433185246
2026-08-04,BOE,973847,0.23456283480434242
2026-08-04,SHL,897798,0.18165298608704783
2026-08-04,FFM,896247,0.11657951657959306
2026-08-04,VYS,867280,0.1644304678546768
2026-08-04,LOT,827157,0.19286696266553668
2026-08-04,NUF,804068,0.20925235122889055
2026-08-04,CIA,802533,0.1432974574941062
2026-08-04,MHJ,716510,0.18618260979328893
2026-08-04,DRR,703731,0.13291573378078386
2026-08-04,VUL,653771,0.13658337721566663
2026-08-04,IPX,613811,0.1694486317907272
2026-08-04,WTC,567537,0.16875779476374567
2026-08-04,BBOZ,507135,6.600853587266217
2026-08-04,RIO,501384,0.1348454529009203
2026-08-04,GNC,486024,0.2186110243981875
2026-08-04,PNR,462047,0.11855912194213179
2026-08-04,PDN,458483,0.10203057928227854
2026-08-04,MFG,435974,0.14899597873805848
2026-08-04,VAF,430399,0.5370002986322493
2026-08-04,ING,423079,0.11382895344853752
2026-08-04,WEB,408661,0.11289379203678433
2026-08-04,EOS,381115,0.17190405206783685
2026-08-04,360,342151,0.19208276294631654
2026-08-04,MIN,320466,0.16141353582644766
2026-08-04,CCP,310287,0.4558562246506582
2026-08-04,APX,302234,0.11255396023816867
2026-08-04,ASX,277243,0.14187770034047772
2026-08-04,SFIF,272995,3.3847985047099773
2026-08-04,SUL,268147,0.11874027184586397
2026-08-04,XRO,266778,0.15633139513297187
2026-08-04,MP1,241905,0.10247396826340471
2026-08-04,PGI2,201754,0.8957820137375382
2026-08-04,ARU,5949935,0.0979817508846326
2026-08-04,SGQ,3183587,0.06862545485730975
2026-08-04,TLS,3135597,0.028149372899936305
2026-08-04,VCX,3094477,0.06668648179672966
2026-08-04,SCG,2852190,0.054608510631125796
2026-08-04,SIG,2748888,0.023812879100000423
2026-08-04,CWY,2059380,0.09188698140443806
2026-08-04,FMG,2013244,0.06538703926862996
2026-08-04,AR1,1954847,0.0736328664503602
2026-08-04,NAB,1868076,0.05992464741099913
2026-08-04,WDS,1649890,0.08678606469391023
2026-08-04,EQR,1611800,0.0312946865171342
2026-08-04,JGH,1534373,0.06919349876046012
2026-08-04,S32,1526944,0.03403429965389093
2026-08-04,BHP,1469877,0.028926661927369233
2026-08-04,MGR,1389508,0.035214323964482194
2026-08-04,STO,1370344,0.04219334345274143
2026-08-04,MI6,1307513,0.057584380095493964
2026-08-04,LIN,1307411,0.07069393000144823
2026-08-04,A4N,1250519,0.08613004397226304
2026-08-04,TCL,1195387,0.03831142934196835
2026-08-04,NST,1191218,0.08360568275409454
2026-08-04,MPL,1150906,0.04179029215666428
2026-08-04,AMP,1103717,0.04536832318332314
2026-08-04,MTS,1095915,0.09965344490755802
2026-08-04,TLC,1085527,0.04877081501830918
2026-08-04,WBC,1081918,0.03163222391471507
2026-08-04,MYR,1063423,0.06144303541526946
2026-08-04,ANZ,967469,0.03207873660578194
2026-08-04,VAU,954442,0.09225531255309745
2026-08-04,SGR,914531,0.013780938148958094
2026-08-04,GPT,880129,0.04594588483953896
2026-08-04,CXO,836481,0.02584282532054457
2026-08-04,RGN,818759,0.07127438280279536
2026-08-04,AZJ,807408,0.04796557397179633
2026-08-04,CXU,801750,0.03935979582450176
2026-08-04,OBM,799195,0.041459482818995155
2026-08-04,QAN,794130,0.05248019947014527
2026-08-04,JDO,789410,0.07040229936312321
2026-08-04,AIS,759713,0.05074615550945818
2026-08-04,GMG,730826,0.03574082986069012
2026-08-04,MTM,727712,0.09857260111110173
2026-08-04,BXB,724484,0.054240039307280725
2026-08-04,RSG,717194,0.03355422897415789
2026-08-04,MEI,703533,0.024204515578102128
2026-08-04,AGL,671712,0.09984611857927923
2026-08-04,BGL,657963,0.04413916883651392
2026-08-04,WGX,627249,0.06638738838746078
2026-08-04,NTU,595398,0.006238352744000793
2026-08-04,GGP,587112,0.08702244008510736
2026-08-04,RRL,572279,0.07555954161103694
2026-08-04,TAH,562791,0.0245476813469659
2026-08-04,CBA,560105,0.03346982962134844
2026-08-04,WHC,559891,0.06808644248248648
2026-08-04,CIIH,540943,0.06544394977759893
2026-08-04,IAG,529922,0.022666068280502234
2026-08-04,NIC,529403,0.01219278716316832
2026-08-04,WOW,518731,0.04246327301107121
2026-08-04,EDV,518069,0.028850119357846926
2026-08-04,BNL,500000,0.008126229551250018
2026-08-04,SVL,487180,0.02195123306798308
2026-08-04,BAP,482935,0.07178488152528378
2026-08-04,29M,478242,0.027326919006276953
2026-08-04,GEM,465352,0.060313229159067734
2026-08-04,TCG,446962,0.04148047318896054
2026-08-04,YAL,438313,0.033194479634434
2026-08-04,HGO,411552,0.011628136273975881
2026-08-04,AAR,410156,0.02277321566059222
2026-08-04,WC8,405918,0.029375790695869507
2026-08-04,RMS,402201,0.02128668680097492
2026-08-04,DXS,389527,0.03631648748113776
2026-08-04,ORG,388529,0.0225528675232207
2026-08-04,RXL,385086,0.027641022359076693
2026-08-04,CMW,384418,0.01467879217169732
2026-08-04,PPS,380375,0.0780300524846698
2026-08-04,QBE,360039,0.024098601308850852
2026-08-04,SDF,359366,0.032317329640902656
2026-08-04,DNL,353245,0.020160785225695345
2026-08-04,CAR,349793,0.09232633011699759
2026-08-04,BOQ,347909,0.05259638179362341
2026-08-04,DGT,342015,0.06125833535120247
2026-08-04,IGO,337450,0.044561513668876875
2026-08-04,BTR,319915,0.029137812647470528
2026-08-04,GBM,315488,0.006427512413057967
2026-08-04,DVP,305831,0.09268013993646235
2026-08-04,ALK,305466,0.022358726547049713
2026-08-04,LLC,304763,0.04411157742590101
2026-08-04,SUN,304344,0.028710305771718393
2026-08-04,CBE,299778,0.02481266020657986
2026-08-04,INR,297516,0.00963569525721814
2026-08-04,MSB,295807,0.022776318034449343
2026-08-04,14D,295166,0.04135194965793032
2026-08-04,STX,294001,0.008168062599467667
2026-08-04,FBU,291556,0.027107322791253514
2026-08-04,TLX,291426,0.085767943117465
2026-08-04,WES,280936,0.0247613910866944
2026-08-04,GLN,279287,0.02204996073909777
2026-08-04,ABG,269980,0.03021067465106069
2026-08-04,NEC,266152,0.016783854030797785
2026-08-04,NMG,259724,0.0023906316674652335
2026-08-04,RML,252499,0.01106109878642098
2026-08-04,COL,252457,0.018795981764452786
2026-08-04,EUR,252067,0.01460215405995669
2026-08-04,TUA,251785,0.04591297556670942
2026-08-04,DBI,251276,0.05068483844677729
2026-08-04,SPK,249987,0.013225914922043027
2026-08-04,ACF,247545,0.05989237619807072
2026-08-04,ARF,247313,0.06081936260015436
2026-08-04,EXR,246835,0.013205564649625284
2026-08-04,SLC,246134,0.047819575757983276
2026-08-04,4DX,245338,0.04091429304784265
2026-08-04,NAN,244940,0.08194415837812578
2026-08-04,CLW,243149,0.03380840504377204
2026-08-04,ODY,242801,0.017185546856355177
2026-08-04,JHX,237437,0.07460892476296221
2026-08-04,AT4,235692,0.012949435096470027
2026-08-04,TPG,228321,0.011631053513513349
2026-08-04,RWC,227663,0.03043465129139645
2026-08-04,A2M,227410,0.03134846823576376
2026-08-04,PRN,225981,0.024174252150707308
2026-08-04,CPU,224838,0.03887327564220964
2026-08-04,BEN,220126,0.037966138018645144
2026-08-04,FTI,211921,0.061514895855209625
2026-08-04,CVN,210332,0.011756388251244245
2026-08-04,MAH,209537,0.00972335865274822
2026-08-04,L1G,208893,0.008139053562815652
2026-08-04,PEN,204862,0.03584465010321141
2026-08-04,LKE,203465,0.008750542587184875
2026-08-04,PFE,200592,0.040706358242163114
2026-08-04,ACL,190073,0.10190544410264724
2026-08-04,VGS,184600,0.17305434211015397
2026-08-04,MMKT,160375,1.3347577407418165
2026-08-04,NEU,141378,0.11151973335600046
2026-08-04,QPON,135082,0.16430358878704696
2026-08-04,YMAX,115633,0.1285444806835441
2026-08-04,SNAS,113759,2.073938300522427
2026-08-04,IHVV,109869,0.18192002496401927
2026-08-04,MQSD,103019,0.5909562622152654
2026-08-04,BSUB,98397,0.3520817072017861
2026-08-04,DIFF,96224,0.3340118701537186
2026-08-04,GLIN,87271,0.1574459943605501
2026-08-04,WIRE,87172,0.23484289823162802
2026-08-04,LPHD,77520,0.6280136370990145
2026-08-04,ATOM,73952,1.2029646624250363
2026-08-04,ZYAU,71114,0.7634774479235891
2026-08-04,BANK,67656,0.3635140942306161
2026-08-04,FLOT,64908,0.13443515147410479
2026-08-04,VIF,56274,0.22785534647423067
2026-08-04,BGBL,55443,0.10358508496590743
2026-08-04,GLPR,55295,0.23313613489085164
2026-08-04,AVSV,55046,3.347323588397048
2026-08-04,LNAS,54762,1.022645848230034
2026-08-04,HGBL,53109,0.16942438138998112
2026-08-04,OOO,52852,0.3578182564626403
2026-08-04,EMKT,51579,0.2576550715973286
2026-08-04,AAI,51128,0.1383774224168393
2026-08-04,HNDQ,49227,0.28850600109126734
2026-08-04,ILB,40417,0.38163448373542325
2026-08-04,XMET,39666,0.46786034393503034
2026-08-04,VLUE,39341,0.2734700922454987
2026-08-04,ROYL,38113,0.5455391265762993
2026-08-04,DHHF,37371,0.10761157138119053
2026-08-04,MQWS,36853,1.1862113273477186
2026-08-04,VVLU,36470,0.23861871496984682
2026-08-04,AINF,35153,0.3843958447238928
2026-08-04,OZBD,33068,0.109385249801965
2026-08-04,FSUB,28941,1.246088347797333
2026-08-04,RGB,28461,0.19509575567850254
2026-08-04,WBND,28089,0.21075197466024317
2026-08-04,IZZ,27531,0.30473523421588594
2026-08-04,VDAL,27379,0.3861973825637785
2026-08-04,RCB,25261,0.14466871917070423
2026-08-04,BBUS,24627,0.5100960787619664
2026-08-04,VBLD,22901,0.2649144976630703
2026-08-04,FASI,22188,0.887124697234912
2026-08-04,CORE,21050,0.49528759150467666
2026-08-04,IACT,20613,0.20145590077263364
2026-08-04,IBIT,19951,1.1680913348946136
2026-08-04,GXAI,17696,0.11232079672614328
2026-08-04,HCRD,17651,0.14149773075349087
2026-08-04,VETH,17136,0.18544826349497034
2026-08-04,GLDN,16674,0.19523833443926236
2026-08-04,IXJ,16232,0.16023783749206066
2026-08-04,GOAT,15890,0.7298502314254494
2026-08-04,QYLD,15773,0.6956229514558997
2026-08-04,IJP,15002,0.12841881276542236
2026-08-04,BEAR,12923,0.3155160248350151
2026-08-04,BCOM,12758,0.17495494820946816
2026-08-04,SLVM,12643,0.8209740259740259
2026-08-04,V500,12148,0.48110852981502583
2026-08-04,EXUS,11863,0.4861853364895968
2026-08-04,UMAX,11507,0.10276997548417635
2026-08-04,GHHF,11089,0.11807965782135844
2026-08-04,AESG,9310,0.21134517229512229
2026-08-04,XGOV,7758,0.10121046832998161
2026-08-04,IGB,5529,0.12711738735488926
2026-08-04,ACDC,5032,0.10389391588804728
2026-08-04,GGBL,4930,0.17918554536011205
2026-08-04,JPEQ,4705,0.3130851631569631
2026-08-04,H100,4160,0.29709680713775083
2026-08-04,AVTE,3520,0.29389908907981194
2026-08-04,V5AH,2096,0.5742465753424657
2026-08-04,VIHY,1766,0.2065497076023392
2026-08-04,JREG,1049,0.13886572253860838
2026-08-04,JPHQ,496,0.22957011145258638
2026-08-04,AGGG,301,2.006666666666667
2026-08-04,EIQ,199927,0.027041836778474864
2026-08-04,SKK,197715,0.0063355403978642985
2026-08-04,APA,196816,0.014868048341036975
2026-08-04,USL,192060,0.02994550834276312
2026-08-04,BWP,191874,0.02443827499515311
2026-08-04,CYL,189700,0.07259796005931954
2026-08-04,SFR,188524,0.04037233726614201
2026-08-04,ALL,182739,0.030484227589695805
2026-08-04,CU6,180021,0.04825249450367685
2026-08-04,ELV,179817,0.09268151756677795
2026-08-04,IOZ,174471,0.06846549948603688
2026-08-04,GDG,173406,0.04336044168188253
2026-08-04,SS1,172999,0.09401510408657109
2026-08-04,MLX,170704,0.019258306592723814
2026-08-04,AMI,169455,0.010006780245410766
2026-08-04,BML,169155,0.029234793828026302
2026-08-04,NXT,166611,0.021935358247243714
2026-08-04,WPR,165813,0.02538963655191503
2026-08-04,NVX,165767,0.0166163633590362
2026-08-04,ELD,165158,0.07667544325451736
2026-08-04,SSM,163464,0.026433145208092534
2026-08-04,ALD,162888,0.06835357333549966
2026-08-04,PRU,162202,0.012221999165534082
2026-08-04,AYA,161668,0.0992049667037639
2026-08-04,IVV,160766,0.08100839371036735
2026-08-04,ORI,160482,0.034620771773591276
2026-08-04,BRN,158490,0.006964067534706876
2026-08-04,ELS,157569,0.07097592018632574
2026-08-04,VGN,152433,0.019437236701348184
2026-08-04,WAU,151267,0.011975818860914708
2026-08-04,WJL,149368,0.03805259831152371
2026-08-04,FME,149300,0.01557803335110655
2026-08-04,MQG,149017,0.03884383438487542
2026-08-04,IEL,147991,0.05316986944253545
2026-08-04,AL3,145401,0.025623769592803543
2026-08-04,HVN,145230,0.011655635989886134
2026-08-04,ABB,142364,0.04513401965445096
2026-08-04,ILU,141174,0.0327401756345509
2026-08-04,WOR,139527,0.028611520714968
2026-08-04,BMN,139456,0.06710694305767809
2026-08-04,EML,139259,0.03575563274843971
2026-08-04,SLX,138537,0.0497550101684829
2026-08-04,MGH,138023,0.03819825371630875
2026-08-04,CHN,137901,0.03534450035963089
2026-08-04,HLI,137756,0.050239950688727636
2026-08-04,AEL,134965,0.045006211150588685
2026-08-04,FRS,132329,0.008325892557228447
2026-08-04,SMR,131601,0.014599758311047295
2026-08-04,PXA,130825,0.07435934077967649
2026-08-04,NHF,130334,0.026657923948649565
2026-08-04,KCN,128671,0.04836379981592882
2026-08-04,SOL,127301,0.03350734537622613
2026-08-04,IVR,125466,0.0047835609805498905
2026-08-04,GBR,124898,0.006336359443073768
2026-08-04,ASB,124829,0.02957513073553994
2026-08-04,WBT,124124,0.05162631115457734
2026-08-04,GML,120171,0.0051735074594681674
2026-08-04,SMI,120084,0.012181862868863826
2026-08-04,CGF,117684,0.017266227531548228
2026-08-04,AKN,116212,0.004979495238415952
2026-08-04,SKG,116167,0.008840022689181031
2026-08-04,BC8,113533,0.015575338586196173
2026-08-04,TYR,113295,0.021278163175875022
2026-08-04,PYC,113001,0.011489557670148469
2026-08-04,ASL,112075,0.052691486043629714
2026-08-04,VNT,110991,0.01357149581342446
2026-08-04,5GG,110857,0.025591932886800273
2026-08-04,BET,108752,0.009707553393183873
2026-08-04,A1M,108679,0.013625413654307873
2026-08-04,LRV,107658,0.02072973743742058
2026-08-04,ANN,107240,0.0764286736636818
2026-08-04,AEE,106280,0.010655260055045987
2026-08-04,BVS,105374,0.02350524333622816
2026-08-04,DXI,103527,0.03313013992070271
2026-08-04,WIA,101731,0.005977586132649809
2026-08-04,AFG,101301,0.037546728675706256
2026-08-04,SDR,101145,0.03572956798146331
2026-08-04,APE,101040,0.0357837457349823
2026-08-04,TTT,99591,0.006195279741150462
2026-08-04,KAU,99124,0.01637540592645408
2026-08-04,DEV,97371,0.013707845932990539
2026-08-04,CTT,96908,0.02541927721727376
2026-08-04,IPH,95314,0.03718944381652201
2026-08-04,ALR,95092,0.0014344993453355131
2026-08-04,PNI,95054,0.03944803969525084
2026-08-04,ALQ,94481,0.018615384944875746
2026-08-04,SXE,94235,0.03066508200743015
2026-08-04,DMP,92530,0.09766022234445201
2026-08-04,SUBD,92333,0.06367405965165593
2026-08-04,CBO,92216,0.019260170557315038
2026-08-04,TPW,92127,0.07904726216645236
2026-08-04,PNV,91967,0.01331228675663006
2026-08-04,SEK,88787,0.02480290328085699
2026-08-04,CSL,88056,0.018386677272902375
2026-08-04,CAT,86842,0.027483773735631448
2026-08-04,TNE,86050,0.026285360143997467
2026-08-04,TOR,85171,0.013628919170159338
2026-08-04,FEIF,84420,0.018422038452629425
2026-08-04,SRG,83028,0.013250723051586172
2026-08-04,TRE,81638,0.008079194609416633
2026-08-04,GTK,80502,0.07158343742684832
2026-08-04,AAA,80000,0.0797700325685089
2026-08-04,HZN,79980,0.004507239499004337
2026-08-04,EMR,77174,0.011653872092098878
2026-08-04,SGH,73865,0.018148730384822592
2026-08-04,SNT,72671,0.003702001346879286
2026-08-04,IMD,71842,0.014035976946870076
2026-08-04,WZR,70000,0.003971934314404098
2026-08-04,IMM,69451,0.004712627802640997
2026-08-04,BTN,66571,0.01743988621516247
2026-08-04,HSN,65653,0.032100090833972174
2026-08-04,IDX,65578,0.017578097603538213
2026-08-04,SIQ,65329,0.04728789253188898
2026-08-04,COH,64812,0.09910255853319407
2026-08-04,AZY,61870,0.00932040631692941
2026-08-04,IMU,60822,0.012419754245812813
2026-08-04,PPT,60759,0.052518245960944614
2026-08-04,CY5,59765,0.004868474009963694
2026-08-04,GWA,59699,0.022510501145579346
2026-08-04,REA,59388,0.04538291710215815
2026-08-04,FLT,59174,0.02889548354568141
2026-08-04,RFF,58869,0.015105344090816666
2026-08-04,CMM,58642,0.012837908852243859
2026-08-04,RHC,58634,0.02540139843549064
2026-08-04,ADO,58358,0.0017902504875761376
2026-08-04,LOV,58323,0.05266732271074591
2026-08-04,BTL,56669,0.0037597628107364444
2026-08-04,BSL,56479,0.012892469687624697
2026-08-04,DTL,56465,0.03641074678103109
2026-08-04,SPD,56447,0.042656589231660796
2026-08-04,RNU,56416,0.0022156612277201386
2026-08-04,JBH,56415,0.05159877970600924
2026-08-04,CSC,55692,0.026258612146535597
2026-08-04,REH,54045,0.008786491090469582
2026-08-04,JMS,53459,0.0027193827105934463
2026-08-04,AGY,53200,0.0034467992566632718
2026-08-04,CKF,53175,0.044975492353079446
2026-08-04,NXG,53162,0.038611240500383434
2026-08-04,BGA,52313,0.017119645736137765
2026-08-04,MM8,51749,0.006470547124552452
2026-08-04,PSC,50851,0.0061064852062941545
2026-08-04,CRED,50317,0.06281553282551337
2026-08-04,BIO,50312,0.022066857041700885
2026-08-04,GRL,50000,0.005892181460315142
2026-08-04,HUM,49069,0.00971827992074079
2026-08-04,JIN,48975,0.07730672616030254
2026-08-04,MMI,48892,0.01586534963669884
2026-08-04,BRG,47899,0.03307061301168271
2026-08-04,CTM,47606,0.008401649845000978
2026-08-04,IRE,47419,0.0253863341357233
2026-08-04,AW1,46800,0.0038062084764614113
2026-08-04,SPL,45848,0.010892112812478445
2026-08-04,RPL,45668,0.011642863489003705
2026-08-04,MAF,45535,0.02308234093756601
2026-08-04,RDX,45479,0.008661323287175947
2026-08-04,RTR,45000,0.003391265362429266
2026-08-04,PMV,44772,0.028066338186699787
2026-08-04,NWH,44755,0.009740635359042191
2026-08-04,VEU,44481,0.08749910594762587
2026-08-04,AEU,44425,0.011589818335852304
2026-08-04,BUB,44180,0.004941115735114136
2026-08-04,PPC,44068,0.009413042180485382
2026-08-04,INA,43142,0.010584831078834483
2026-08-04,DOW,42595,0.006463476365444738
2026-08-04,HMC,41535,0.010066266717300704
2026-08-04,CYM,41000,0.007092447240478585
2026-08-04,AOV,39283,0.029348532799732884
2026-08-04,ASN,39172,0.0024187363597404643
2026-08-04,TEA,38296,0.013852387431627892
2026-08-04,GYG,38270,0.03842722383349804
2026-08-04,TVN,37867,0.0016280084326580526
2026-08-04,AIA,37842,0.0022260408504684776
2026-08-04,PAR,37811,0.006310353319971826
2026-08-04,MMS,37203,0.05341956431989513
2026-08-04,PEC,35786,0.0033014920420087984
2026-08-04,BRE,35595,0.012705524848365745
2026-08-04,EVT,35274,0.02170408216042953
2026-08-04,OCL,35105,0.0367156022211679
2026-08-04,CNU,34097,0.00785849239457102
2026-08-04,AS1,33535,0.0016074852073408744
2026-08-04,AMC,33522,0.023781236967256786
2026-08-04,FPH,33417,0.005689909969608692
2026-08-04,KLS,33413,0.012299715406974035
2026-08-04,SX2,32679,0.020569897511314956
2026-08-04,GRR,32421,0.0028013407013890413
2026-08-04,DAI,32386,0.00919444321988141
2026-08-04,BVR,31887,0.01476426200530543
2026-08-04,COI,31876,0.002120257790541735
2026-08-04,VGAD,31578,0.05658929552670919
2026-08-04,FWD,31454,0.034917424797403944
2026-08-04,NCK,31339,0.036640645249491066
2026-08-04,STN,31330,0.005724705665299739
2026-08-04,SKC,30905,0.0028017640718886083
2026-08-04,LED,30449,0.00748128404426191
2026-08-04,LIS,30000,0.004686033930353321
2026-08-04,TLG,29827,0.005837822606587265
2026-08-04,SVM,29444,0.004488680102624911
2026-08-04,PWH,29379,0.029211291548734572
2026-08-04,AUB,29244,0.022385092061446756
2026-08-04,CDA,29240,0.01607694765842886
2026-08-04,DDR,29203,0.016100355601022503
2026-08-04,G50,28905,0.014093548454760529
2026-08-04,NXL,28862,0.008520094934084746
2026-08-04,POL,28713,0.009337715025132755
2026-08-04,E25,28678,0.008798196459922723
2026-08-04,EL8,28621,0.006080908772003784
2026-08-04,SGM,28505,0.01475162178698564
2026-08-04,AQLT,28387,0.07525051872411681
2026-08-04,SRL,28316,0.018100470780997344
2026-08-04,ARB,27722,0.03313647440224087
2026-08-04,GL1,27373,0.009864327602863994
2026-08-04,MGX,26715,0.002263160765905957
2026-08-04,VSL,26550,0.018119161432924708
2026-08-04,KGN,26456,0.02790874948685129
2026-08-04,IFT,25774,0.0025719893445956144
2026-08-04,SLM,25533,0.007695258435096367
2026-08-04,FPR,24949,0.011678496646585386
2026-08-04,PGO,24809,0.005679818751853041
2026-08-04,DXB,24729,0.004118776280704079
2026-08-04,CEH,24391,0.006277249939349428
2026-08-04,HETH,24386,0.056978826802544784
2026-08-04,PME,23819,0.02279985492097858
2026-08-04,VMM,23814,0.01828671327221452
2026-08-04,STW,23568,0.028322532403570414
2026-08-04,ALC,23402,0.0017417920798396404
2026-08-04,CVL,23393,0.004590237920039244
2026-08-04,NWL,23194,0.009451634727138123
2026-08-04,NEM,23124,0.029223545412055026
2026-08-04,COV,22814,0.01663894178255695
2026-08-04,BNZ,22799,0.007811369303950635
2026-08-04,AVL,22624,0.0060229513848257124
2026-08-04,RIC,22584,0.006024760517236682
2026-08-04,NRX,22183,0.0034252008708610658
2026-08-04,TGN,22134,0.0015851437855109644
2026-08-04,NTI,21716,0.001641741559476533
2026-08-04,COB,21645,0.003684475967519941
2026-08-04,AD8,21547,0.02555124919840323
2026-08-04,CCL,20266,0.010142502561362253
2026-08-04,FEX,20197,0.0026206562251644993
2026-08-04,WWI,20028,0.004605323542466377
2026-08-04,LDX,19757,0.0020910853271998275
2026-08-04,CNB,19685,0.007129150259178746
2026-08-04,CIVH,19634,0.002190038247734135
2026-08-04,C79,19622,0.01684128535621743
2026-08-04,GLF,19273,0.005067994936959197
2026-08-04,BCI,19152,0.0006519652654652353
2026-08-04,ADH,18875,0.010567443617033672
2026-08-04,PGC,18717,0.0011307279082385685
2026-08-04,NVU,18695,0.0017193732243660463
2026-08-04,SHN,18546,0.0005157498921171696
2026-08-04,EDE,18227,0.002982337641588697
2026-08-04,A200,17912,0.026143214285135684
2026-08-04,AXQ,17547,0.007749767801772466
2026-08-04,VGE,17434,0.08251297979719337
2026-08-04,PPM,17103,0.0038069688752214634
2026-08-04,MND,16991,0.016902663973647484
2026-08-04,ENR,16674,0.002977554723202163
2026-08-04,BBN,16595,0.012256211979247438
2026-08-04,GNP,16452,0.008098558850819816
2026-08-04,HUB,16432,0.02009446133324623
2026-08-04,CKA,15944,0.0014777343781352849
2026-08-04,PGL,15784,0.006744837152778271
2026-08-04,REG,15750,0.005208996429621555
2026-08-04,PL9,15516,0.00027804884747852234
2026-08-04,SKS,15498,0.013433207354903788
2026-08-04,BKB,15262,0.01001213349610168
2026-08-04,MSTR,15235,0.03835983758492606
2026-08-04,MYG,15130,0.012898941871579176
2026-08-04,PFP,14810,0.010733937973667628
2026-08-04,GG8,14281,0.0019492172601502731
2026-08-04,MAT,14233,0.0014655183930033671
2026-08-04,AUC,14231,0.0025975626487948125
2026-08-04,VHY,14204,0.015436223726740847
2026-08-04,ION,14063,0.0010849871189508341
2026-08-04,BSA,14006,0.01860020113343299
2026-08-04,ERE,13949,0.0020072962578361092
2026-08-04,GOZ,13719,0.0018180282262458694
2026-08-04,TER,13579,0.0007450659817407532
2026-08-04,WDIV,13543,0.07714363817326736
2026-08-04,HCH,13188,0.00650093271230004
2026-08-04,LIC,13071,0.010736811403090062
2026-08-04,FAL,13047,0.00610495371395072
2026-08-04,AX1,12964,0.0021564053437507563
2026-08-04,QAL,12866,0.004268398645223674
2026-08-04,PTN,12819,0.0008665750146808212
2026-08-04,OB1,12767,0.0021602244516352206
2026-08-04,OMA,12709,0.0023502879302440016
2026-08-04,A3D,12650,0.0024158756943226745
2026-08-04,STK,11791,0.00044667637126360587
2026-08-04,IPG,11690,0.011242533560813995
2026-08-04,TTM,11567,0.004016088728513843
2026-08-04,ARN,11453,0.004838262805538905
2026-08-04,GDX,11238,0.0970396600175186
2026-08-04,HLO,11232,0.006862163128549124
2026-08-04,XYZ,11112,0.02957659003316826
2026-08-04,KSN,11070,0.0009120354338766891
2026-08-04,GT1,10644,0.0008862412681713555
2026-08-04,LNW,10629,0.013795084986042877
2026-08-04,MYS,10248,0.006013414279554007
2026-08-04,SHV,10221,0.007229730672691531
2026-08-04,BM1,10168,0.00340870831778803
2026-08-04,FML,10157,0.003544475163190418
2026-08-04,BST,10047,0.007927524858672756
2026-08-04,ARD,9971,0.0005856429570921577
2026-08-04,GNG,9946,0.0058406808601358
2026-08-04,FXG,9865,0.0019105361552621792
2026-08-04,MYX,9719,0.011962460545819786
2026-08-04,MAD,9683,0.004759126001328368
2026-08-04,SPZ,9664,0.002316773905761242
2026-08-04,WGN,9177,0.00459484483744223
2026-08-04,WCN,9176,0.00027764943896085
2026-08-04,KZR,8973,0.0023627505884217977
2026-08-04,MKR,8712,0.0005490233713010261
2026-08-04,WA1,8655,0.011641767832911753
2026-08-04,GLS,8571,0.0015650266576846443
2026-08-04,KSL,8081,0.0027455362900440936
2026-08-04,TM1,8062,0.0007820455139003826
2026-08-04,CUV,7893,0.015652050378939054
2026-08-04,MAP,7730,0.00107792689986157
2026-08-04,AUE,7721,0.0018750404465725135
2026-08-04,EGL,7690,0.002021036679069323
2026-08-04,UNI,7686,0.010018142404909438
2026-08-04,LAU,7683,0.0020977385109233076
2026-08-04,RKN,7567,0.006679033691492653
2026-08-04,HACK,7449,0.00803896509801661
2026-08-04,CZR,7300,0.0030109563297617027
2026-08-04,WGR,7233,0.00244784365347444
2026-08-04,VDHG,7179,0.013923774288927451
2026-08-04,AT1,7178,0.0007954054394338411
2026-08-04,AIH,7045,0.0016680731321050254
2026-08-04,IEM,7036,0.03837361326509709
2026-08-04,ARG,7026,0.0009337579485746671
2026-08-04,ARR,6781,0.0011669091365954975
2026-08-04,IGL,6779,0.004447134286084129
2026-08-04,IOO,6720,0.023008574494522677
2026-08-04,PL8,6704,0.0008954950037376363
2026-08-04,ASG,6656,0.0031243590276063406
2026-08-04,AEF,6636,0.00582974206668169
2026-08-04,MPW,6449,0.005317129376748175
2026-08-04,CCR,6376,0.0012826419191985963
2026-08-04,KTK,6344,0.0101504
2026-08-04,EGH,6327,0.0014751485039949433
2026-08-04,V1AC,6289,0.0004042124882667508
2026-08-04,ZEO,6288,0.0003056402451287261
2026-08-04,WTM,6271,0.001617269473194598
2026-08-04,ACE,6160,0.0036364097247442682
2026-08-04,DGVA,5596,0.013922937733890613
2026-08-04,XRF,5484,0.0038338905268214406
2026-08-04,DFGH,5450,0.005933587564515653
2026-08-04,QOZ,5397,0.008126541070826351
2026-08-04,DJW,5369,0.0020527725183792536
2026-08-04,OML,5219,0.0009880506977426981
2026-08-04,ARX,5111,0.0014775833477056331
2026-08-04,NDQ,5097,0.0034727432510501897
2026-08-04,DUR,5080,0.0019677699273484626
2026-08-04,SHO,5000,0.000550590042131128
2026-08-04,MVP,4632,0.004111547052661639
2026-08-04,VISM,4612,0.03860631213203358
2026-08-04,MMA,4526,0.0014401650206374915
2026-08-04,BGD,4465,0.0016503311053937331
2026-08-04,PNN,4363,0.000996769477662066
2026-08-04,DRE,4305,7.51938796897925e-05
2026-08-04,HAS,4249,0.0018437580828494973
2026-08-04,OFX,4204,0.0018062056560453656
2026-08-04,BCN,4178,0.003591431528618646
2026-08-04,PLT,4164,0.0022824035570897672
2026-08-04,EVZ,4152,0.0034171985347164614
2026-08-04,EBO,4017,0.0019408515231191074
2026-08-04,AUZ,4005,0.0001855363457698516
2026-08-04,MM1,3928,0.0016016151391643515
2026-08-04,SLS,3926,0.0022804316900172377
2026-08-04,AIZ,3870,0.00011968225285924196
2026-08-04,MAQ,3847,0.014926049514288423
2026-08-04,HZR,3835,0.0014317830708045513
2026-08-04,CNQ,3825,0.004323729924116562
2026-08-04,MNRS,3792,0.02415391086022128
2026-08-04,IMB,3698,0.0008979703177878345
2026-08-04,VESG,3686,0.029050570454371885
2026-08-04,SIX,3631,0.0005007786052242019
2026-08-04,PC2,3602,0.0018068486425766156
2026-08-04,EXP,3599,0.0004768988380837504
2026-08-04,MRT,3584,0.0009637094061310456
2026-08-04,EDU,3482,0.0027719387107315017
2026-08-04,MFF,3438,0.0005796860408262863
2026-08-04,LGI,3416,0.0033023887775084585
2026-08-04,REP,3359,0.0006703718625766102
2026-08-04,NDO,3348,0.0014753520689972984
2026-08-04,EGR,3333,0.0007221300473060829
2026-08-04,CWP,3322,0.003904755376126443
2026-08-04,APZ,3222,0.0014152346087603033
2026-08-04,EHL,3209,0.0006190502057954184
2026-08-04,WLE,3122,0.00022620972796255772
2026-08-04,SSG,3121,0.002382215546556957
2026-08-04,HAV,3118,0.0008808596202245787
2026-08-04,FRX,3087,0.00020353157143561577
2026-08-04,RMC,3065,0.0007749115506095923
2026-08-04,HM1,3063,0.0013376587531377497
2026-08-04,FDC,3042,0.000941888880557139
2026-08-04,VTS,3022,0.023101077303680786
2026-08-04,AFI,2997,0.00024342052771158135
2026-08-04,BWN,2992,0.0007533649794633261
2026-08-04,SMN,2962,0.0019035160415472644
2026-08-04,LSF,2917,0.0004596093506443086
2026-08-04,MTH,2890,0.0015414339745851568
2026-08-04,RG1,2877,0.001233989717927579
2026-08-04,IJH,2844,0.030487732975484814
2026-08-04,VKA,2841,0.00011306818321679048
2026-08-04,ILA,2827,0.0009553364754204698
2026-08-04,GROW,2775,0.013835442394876689
2026-08-04,DGL,2755,0.0009659032269235087
2026-08-04,FGR,2705,0.0003060286175969845
2026-08-04,VEE,2623,0.0017874011753862907
2026-08-04,PIA,2563,0.0009935038685501738
2026-08-04,DUG,2525,0.0018631778826839163
2026-08-04,DBO,2500,0.0004949779781822617
2026-08-04,CPV,2493,0.0006848795619922403
2026-08-04,COD,2470,0.0006019245712041055
2026-08-04,SHA,2392,0.002851506329676475
2026-08-04,SK1,2387,0.002137598132052663
2026-08-04,ASM,2384,0.000877339241172877
2026-08-04,COG,2368,0.00111031373996561
2026-08-04,MIR,2311,0.0010323473512285394
2026-08-04,TKM,2254,0.0003082714397042126
2026-08-04,SYL,2209,0.0009237100972866612
2026-08-04,WMX,2194,0.0011339344036726574
2026-08-04,A1N,2128,0.000679762806096385
2026-08-04,AMA,2104,0.0004371793165561615
2026-08-04,AHL,2061,0.002534389613473735
2026-08-04,DACE,2056,0.0005670404677779379
2026-08-04,ALTB,2040,0.09801613422444734
2026-08-04,SRZ,2014,0.0005938400021246145
2026-08-04,TAR,1966,0.00020741612580872163
2026-08-04,GDF,1940,0.0008916546647957117
2026-08-04,IVE,1912,0.046430666775458186
2026-08-04,AMS,1892,0.00012711509029299294
2026-08-04,BKI,1848,0.000228958199714759
2026-08-04,ASIA,1831,0.002651718447515736
2026-08-04,MVA,1820,0.005177325091183504
2026-08-04,CDM,1806,0.0006041413932650605
2026-08-04,IHD,1735,0.007421115361559093
2026-08-04,BFG,1731,0.0005396828251300318
2026-08-04,EVO,1696,0.0008327552329484478
2026-08-04,SVR,1668,0.0008936439605451692
2026-08-04,NXM,1617,0.00026782182265642867
2026-08-04,BNDS,1609,0.004424277730473661
2026-08-04,AUI,1600,0.0007350418827553896
2026-08-04,AGVT,1593,0.005764224127652705
2026-08-04,DSK,1521,0.002442672476404964
2026-08-04,ALU,1515,0.0007401030055333911
2026-08-04,AQZ,1500,0.0009313250356163528
2026-08-04,EPI,1500,0.000856231357274658
2026-08-04,CVV,1477,0.0002643341037893953
2026-08-04,MEU,1456,0.00011239624856492435
2026-08-04,EOL,1453,0.004576790945072681
2026-08-04,FGX,1440,0.0003496269036620403
2026-08-04,ART,1438,0.0002939384859845081
2026-08-04,CGS,1324,0.0007791931786557189
2026-08-04,MVF,1313,0.00033698218567928883
2026-08-04,DXN,1288,0.0003492873134064053
2026-08-04,GHY,1280,0.000709320923024909
2026-08-04,BHM,1279,0.0007704657154413011
2026-08-04,OSL,1249,0.004043317167186601
2026-08-04,EYE,1240,0.00043527819703726914
2026-08-04,SRV,1228,0.0012301541475308242
2026-08-04,RAC,1202,0.0006130496752825818
2026-08-04,PPE,1188,0.0010854305868418842
2026-08-04,SNL,1137,0.002598628760512362
2026-08-04,ANG,1120,0.00017974329236308595
2026-08-04,KMD,1113,0.0015463310156753644
2026-08-04,AAC,1108,0.0001838190320741101
2026-08-04,CLX,1100,0.0013597243299837843
2026-08-04,UTIP,1096,0.022269275775112014
2026-08-04,WXHG,1094,0.008001305953556734
2026-08-04,SGC,1075,0.0005789804243056155
2026-08-04,FGG,1068,0.00026559543770303455
2026-08-04,SEC,1044,0.0017417848359511465
2026-08-04,CHL,1044,0.0012696806428466065
2026-08-04,WAX,1043,0.0004965686109182974
2026-08-04,WAA,1007,0.0006776575452682475
2026-08-04,TG1,996,0.00021507156719094558
2026-08-04,LYL,988,0.0024861459016362916
2026-08-04,GOVT,976,0.03107798249125056
2026-08-04,EQT,974,0.003635262946332098
2026-08-04,VVA,954,0.0009680721975662035
2026-08-04,EZL,916,0.0005557490295626935
2026-08-04,FDR,898,0.00016202060347453328
2026-08-04,RCE,884,0.0002891061237971848
2026-08-04,3DP,871,0.00010639119163896372
2026-08-04,KAO,864,0.0024139138665801307
2026-08-04,WMI,856,0.0003042610631579641
2026-08-04,PWR,845,0.0004905487567497477
2026-08-04,RIV,827,0.0005230632931694303
2026-08-04,VTM,814,0.0006177544855160783
2026-08-04,WCMQ,779,0.0020813362702528848
2026-08-04,KRR,773,4.959620365377927e-05
2026-08-04,QAU,772,0.0021305057878694576
2026-08-04,TGF,768,0.0010421497182138432
2026-08-04,BIS,759,0.0015799000741304101
2026-08-04,BMC,743,0.00043491633357031496
2026-08-04,GEAR,739,0.004364299604029873
2026-08-04,MEZ,728,5.526689807367326e-05
2026-08-04,JNS,674,0.0004188347553529334
2026-08-04,NZM,653,0.00034700519820695134
2026-08-04,WAM,653,5.7371250093849876e-05
2026-08-04,RG8,626,0.0004450083649843163
2026-08-04,LDR,600,0.0002966916213989425
2026-08-04,GDI,582,0.0001078132193771069
2026-08-04,MVR,577,0.003701061717224645
2026-08-04,GAME,576,0.032716695568307745
2026-08-04,EVG,560,7.499997113840396e-05
2026-08-04,MRZ,554,0.00029351874944524826
2026-08-04,FUN,547,0.00012970929176495317
2026-08-04,ALPH,536,0.079998208995321
2026-08-04,MTO,532,0.0007202523785996338
2026-08-04,RDY,529,0.0004281178514080954
2026-08-04,MLG,525,0.00032743503094925265
2026-08-04,CXL,502,0.00023248968292297514
2026-08-04,EMV,500,0.0005378914339508961
2026-08-04,PIC,498,0.00012926187598741765
2026-08-04,URNM,490,0.0015638285062255853
2026-08-04,BLG,483,0.00025417986821031695
2026-08-04,LFG,475,0.00015645586297760212
2026-08-04,DTM,474,0.00018082232178165316
2026-08-04,TTX,467,0.0015849139003159748
2026-08-04,IIND,419,0.0023569274710978252
2026-08-04,SGI,417,0.00027882329268925525
2026-08-04,BOL,416,0.0011252826089114647
2026-08-04,DXC,416,0.00030661643100405407
2026-08-04,AII,405,0.018984449158004523
2026-08-04,STP,396,0.00021366104362056923
2026-08-04,VAS,396,0.00017055949622168937
2026-08-04,HYGG,379,7.123604038863956e-05
2026-08-04,WQG,359,0.0001297853254913834
2026-08-04,KNI,353,0.0001725201136582058
2026-08-04,PTX,337,3.2049009901330486e-05
2026-08-04,EZZ,334,0.0007099857152574656
2026-08-04,AR3,323,0.00012574709737546885
2026-08-04,ETHI,316,0.0001404617936609228
2026-08-04,LGF,301,6.336842091922437e-05
2026-08-04,DPM,295,0.0019164654919274575
2026-08-04,FANG,283,0.0005881822586855502
2026-08-04,GOW,263,0.00048561605252423227
2026-08-04,CCE,260,6.0846736966537085e-05
2026-08-04,SYR,259,1.1154525726347433e-05
2026-08-04,AVR,253,0.0016600480180371763
2026-08-04,EFE,250,0.0001928117690144315
2026-08-04,BKY,248,5.55688573507839e-05
2026-08-04,KPG,245,0.00054113800704438
2026-08-04,WGB,245,6.813137934613754e-05
2026-08-04,AGX1,240,0.00042018720810776424
2026-08-04,FSA,210,0.00016793875206536676
2026-08-04,GNE,205,1.5662388891853623e-05
2026-08-04,HMY,202,0.00019610485660667264
2026-08-04,WHF,201,0.00016570821912107305
2026-08-04,ABY,187,0.00019902524883264774
2026-08-04,C1X,180,7.440070603293996e-05
2026-08-04,AV1,162,1.7482165797879826e-05
2026-08-04,VGB,136,0.0004610495508258652
2026-08-04,MRE,135,8.915819506961125e-05
2026-08-04,KOV,125,0.001055886287297705
2026-08-04,ORE,125,0.0002828872047469469
2026-08-04,LSA,120,3.2296566190326764e-05
2026-08-04,MQEG,118,0.0009072386883481336
2026-08-04,ETM,118,5.3624162774353785e-06
2026-08-04,IKO,116,0.016481627248108165
2026-08-04,VEFI,115,0.006880126067840437
2026-08-04,QHAL,115,0.00025703629021623324
2026-08-04,IEU,114,0.0010055900220065437
2026-08-04,GGUS,109,0.001528355409656037
2026-08-04,TSO,108,6.0088073425978864e-05
2026-08-04,PGF,108,2.2478010137316165e-05
2026-08-04,AIM,102,4.852360624682441e-05
2026-08-04,VHM,102,3.271622629466038e-05
2026-08-04,LEL,97,8.660592960086121e-05
2026-08-04,HPG,94,6.883124530821701e-05
2026-08-04,RZI,90,8.539708920605557e-05
2026-08-04,KPO,90,3.0685088563687883e-06
2026-08-04,VAP,89,0.0002736679496978629
2026-08-04,IR1,89,3.0858711858688486e-05
2026-08-04,BFL,89,1.904884294342216e-05
2026-08-04,QLTY,86,0.0002875213238016671
2026-08-04,MVB,84,0.0012160737149141017
2026-08-04,MOAT,81,0.0010779065617362333
2026-08-04,QUAL,80,5.772668046137097e-05
2026-08-04,PKY,80,6.436194195506197e-06
2026-08-04,THL,78,3.5215156820204074e-05
2026-08-04,PAC,73,0.00026127745059637117
2026-08-04,RCKT,72,0.0017560975609756096
2026-08-04,PNC,71,3.7555272766114785e-05
2026-08-04,SER,63,8.908036863379545e-05
2026-08-04,WAR,61,3.386522819465007e-05
2026-08-04,FHNG,60,0.0004917192833617602
2026-08-04,ATEC,55,0.00018951344249858932
2026-08-04,CEN,55,1.0228926461484e-05
2026-08-04,IHOO,54,0.0015350930806532221
2026-08-04,JAN,54,2.077816122292438e-05
2026-08-04,NDIA,48,0.0016187194108400918
2026-08-04,RHI,48,7.473257531770803e-05
2026-08-04,BNKS,46,0.0003690451950395833
2026-08-04,ESTX,45,0.0010957158969384236
2026-08-04,SXL,44,9.190041172616755e-06
2026-08-04,IJR,43,0.0010099876029893754
2026-08-04,SEMI,43,0.00015530079162953293
2026-08-04,CRYP,41,0.00017372881355932202
2026-08-04,BLX,37,1.6133100978308627e-05
2026-08-04,IAA,36,0.0004153468827178085
2026-08-04,REIT,36,7.844980739918535e-05
2026-08-04,MYE,36,1.1663257987725594e-05
2026-08-04,DRUG,34,0.00014811091067735911
2026-08-04,MHK,34,2.7554334858900693e-05
2026-08-04,EMXC,32,0.00031479864494923283
2026-08-04,CCV,30,4.216308226545513e-06
2026-08-04,GRIN,29,0.003618586056215358
2026-08-04,GHM,28,1.2864099736026835e-05
2026-08-04,EPY,27,1.101659907296298e-05
2026-08-04,AYLD,24,0.0002444749177902157
2026-08-04,IOV,24,1.7962714165511652e-05
2026-08-04,NUGG,23,0.0005963513152268975
2026-08-04,IWLD,23,9.295006116518154e-05
2026-08-04,VSO,22,0.00014126622827903318
2026-08-04,QUS,22,0.00011299509313671913
2026-08-04,CNEW,18,0.00014315951620673091
2026-08-04,NMR,18,1.5905095117430308e-06
2026-08-04,QHSM,16,0.00020171154769614525
2026-08-04,IAF,16,4.392687361568576e-05
2026-08-04,AGI,16,4.7506794577642164e-06
2026-08-04,LRK,15,1.3968127619518634e-05
2026-08-04,MVE,14,0.00012475078802399564
2026-08-04,SYI,14,6.349156534962334e-05
2026-08-04,LFT,14,6.309773839677661e-05
2026-08-04,ALB,14,9.642980162192585e-06
2026-08-04,RYM,13,1.2798688393563874e-06
2026-08-04,VEQ,12,0.00017364103102834993
2026-08-04,F100,12,4.2748075722088916e-05
2026-08-04,SFY,10,0.00010786022781374438
2026-08-04,IFRA,10,1.2431707502608825e-05
2026-08-04,OZR,9,4.625797641706685e-05
2026-08-04,CHM,9,1.5136342369802607e-05
2026-08-04,FID,8,2.5342421252306518e-05
2026-08-04,GPEQ,7,0.00022797315257884858
2026-08-04,DFND,7,9.150275364465271e-05
2026-08-04,BILL,7,5.861135139439336e-05
2026-08-04,GMTL,6,0.0006663660615322421
2026-08-04,HQUS,6,0.00010826795452601552
2026-08-04,DTEC,6,7.999756807393056e-05
2026-08-04,VDBA,6,3.947976980925415e-05
2026-08-04,RBTZ,6,2.8816233452217908e-05
2026-08-04,CUP,6,2.826410448414116e-06
2026-08-04,3PL,6,2.1985550055853923e-06
2026-08-04,OD6,6,2.043759353903358e-06
2026-08-04,HLTH,5,0.00011219141470905736
2026-08-04,ARMR,5,5.0996138164449084e-05
2026-08-04,SPY,4,0.0010650846609169848
2026-08-04,DAVA,4,8.63128288073727e-06
2026-08-04,QRE,4,7.309436725851845e-06
2026-08-04,MVW,4,4.718866675453197e-06
2026-08-04,GMVW,3,0.0002850215476290008
2026-08-04,VLC,3,8.626872246949395e-05
2026-08-04,VDCO,3,5.594144795114447e-05
2026-08-04,QFN,3,4.045106169879088e-05
2026-08-04,IESG,3,1.8465699778005358e-05
2026-08-04,IXI,2,0.0001436612353142302
2026-08-04,OZF,2,0.0001048717104366229
2026-08-04,WXOZ,2,1.3097543496778234e-05
2026-08-04,DJRE,2,8.535211352957747e-06
2026-08-04,U100,1,1.7499870500958293e-05
2026-08-04,ERTH,1,1.2399423625192208e-05
2026-08-04,VACF,1,7.1072533571644275e-06
2026-08-04,MME,1,1.2301178360628111e-07
2026-08-04,MCY,1,7.017342208318534e-08
