Product,Code,ReportedShort,Issued,PctShort,Date
4DS MEMORY LIMITED ORDINARY,4DS,3087606,2060898718,0.14981842,2025-10-08
29METALSLIMITED ORDINARY,29M,2536155,1371336435,0.18494039,2025-10-08
88 ENERGY LTD ORDINARY,88E,263206,1157350417,0.02274212,2025-10-08
ABACUS GROUP FPO/UNITS STAPLED,ABG,3247141,893657633,0.36335403,2025-10-08
ABACUS STORAGE KING FPO/UNITS STAPLED,ASK,5272292,1314102962,0.40120844,2025-10-08
ACCENT GROUP LTD ORDINARY,AX1,16841998,601185674,2.80146363,2025-10-08
ACROW LIMITED ORDINARY,ACF,145348,308001571,0.04719067,2025-10-08
ADAIRS LIMITED ORDINARY,ADH,2074962,177337058,1.17006678,2025-10-08
ADORE BEAUTY ORDINARY,ABY,693497,93957928,0.73809312,2025-10-08
ADVANCED HEALTH ORDINARY,AHI,1000,280582265,0.0003564,2025-10-08
AERIS RESOURCES LTD ORDINARY,AIS,15135151,971422170,1.55804052,2025-10-08
AFRICAN GOLD LTD. ORDINARY,A1G,102676,531377972,0.01932259,2025-10-08
AGL ENERGY LIMITED. ORDINARY,AGL,24359609,672747233,3.62091552,2025-10-08
AI-MEDIA TECHNOLOGIE ORDINARY,AIM,289801,208814047,0.13878425,2025-10-08
AIC MINES LTD ORDINARY,A1M,210713,797619821,0.02641772,2025-10-08
AINSWORTH GAME TECH. ORDINARY,AGI,5875,336793929,0.00174439,2025-10-08
AIR NEW ZEALAND ORD FOR. EXEMPT NZX,AIZ,292419,3265852441,0.00895383,2025-10-08
AIRTASKER LIMITED ORDINARY,ART,760,454947367,0.00016705,2025-10-08
ALCIDION GROUP LTD ORDINARY,ALC,359540,1342952696,0.02677235,2025-10-08
ALCOA CORPORATION CDI 1:1 FOR. EXEMPT,AAI,313392,57076637,0.54907229,2025-10-08
ALKANE RESOURCES LTD ORDINARY,ALK,4784103,1365794967,0.35027974,2025-10-08
ALLIANCE AVIATION ORDINARY,AQZ,69577,161027077,0.04320826,2025-10-08
ALLIGATOR ENERGY ORDINARY,AGE,52822277,4437034145,1.19048615,2025-10-08
ALPHA HPA LTD ORDINARY,A4N,33837279,1137271758,2.97530285,2025-10-08
ALS LTD ORDINARY,ALQ,8113652,507199638,1.59969594,2025-10-08
ALTECH BATT LTD ORDINARY,ATC,4526,2535092919,0.00017853,2025-10-08
ALTERITY THERAP LTD ORDINARY,ATH,16882041,10875416329,0.15523122,2025-10-08
AMA GROUP LIMITED ORDINARY,AMA,350413,4785720517,0.00732205,2025-10-08
AMAERO LTD ORDINARY,3DA,279794,931614327,0.03003324,2025-10-08
AMCOR PLC CDI1:1FOREXEMPT NYSE,AMC,5800693,689054345,0.84183389,2025-10-08
AMERICAN RARE EARTHS ORDINARY,ARR,71780,562548299,0.01275979,2025-10-08
AMERICANWESTMETALS ORDINARY,AW1,6454,842625618,0.00076594,2025-10-08
AML3D ORDINARY,AL3,329593,548534586,0.06008609,2025-10-08
AMOTIV ORDINARY,AOV,2583611,133849962,1.93022916,2025-10-08
AMP LIMITED ORDINARY,AMP,27272942,2531739839,1.0772411,2025-10-08
AMPLITUDE ENERGY ORDINARY,AEL,34530357,3197560715,1.07989684,2025-10-08
AMPOL LIMITED ORDINARY,ALD,6479011,238302099,2.71882246,2025-10-08
ANDEAN SILVER ORDINARY,ASL,945408,190048918,0.49745508,2025-10-08
ANDROMEDA METALS LTD ORDINARY,ADN,104171,3816676408,0.00272936,2025-10-08
ANSELL LIMITED ORDINARY,ANN,2978118,145944884,2.04057718,2025-10-08
ANZ GROUP HOLDINGS ORDINARY,ANZ,18864999,2983520180,0.63230673,2025-10-08
APA GROUP UNITS STAPLED,APA,31156663,1315181016,2.36900188,2025-10-08
APPEN LIMITED ORDINARY,APX,7185149,265610639,2.70514352,2025-10-08
ARAFURA RARE EARTHS ORDINARY,ARU,30865031,2885381323,1.06970371,2025-10-08
ARB CORPORATION. ORDINARY,ARB,4964971,83326085,5.95848347,2025-10-08
ARCHER MATERIALS ORDINARY,AXE,851,254847013,0.00033393,2025-10-08
ARENA REIT. FPO/UNITS STAPLED,ARF,696247,402127591,0.17314082,2025-10-08
ARGENT MINERALS ORDINARY,ARD,75540,1677092861,0.00450422,2025-10-08
ARGO INVESTMENTS ORDINARY,ARG,15261,760996574,0.0020054,2025-10-08
ARGOSY MINERALS LTD ORDINARY,AGY,3859068,1535920934,0.25125434,2025-10-08
ARISTOCRAT LEISURE ORDINARY,ALL,2174856,616871882,0.35256203,2025-10-08
ARN MEDIA LIMITED ORDINARY,A1N,2704131,313050373,0.8638006,2025-10-08
AROA BIOSURGERY ORDINARY,ARX,512793,345033235,0.14862133,2025-10-08
AROVELLA THERAPEUTIC ORDINARY,ALA,219763,1197024484,0.01835911,2025-10-08
ARROW MINERALS ORDINARY,AMD,127793,877766591,0.01455888,2025-10-08
ARTICORE GROUP LTD ORDINARY,ATG,55030,293868877,0.01872604,2025-10-08
ASPEN GROUP FPO/UNITS STAPLED,APZ,1881442,227665433,0.82640653,2025-10-08
ASTRAL RESOURCES NL ORDINARY,AAR,629446,1437337196,0.04379251,2025-10-08
ASX LIMITED ORDINARY,ASX,3729552,194299425,1.9194869,2025-10-08
ATLAS ARTERIA FPOSTUSPROHEXCLQIBQP,ALX,18161178,1450833707,1.2517753,2025-10-08
AU CLINICAL LABS ORDINARY,ACL,6955935,195791386,3.5527278,2025-10-08
AUB GROUP LTD ORDINARY,AUB,1136519,116587434,0.97482118,2025-10-08
AUCKLAND INTERNATION ORD FOR.EXEMPT NZX,AIA,10730437,1694973503,0.63307403,2025-10-08
AUDINATEGROUPLTD ORDINARY,AD8,3682822,84232169,4.37222743,2025-10-08
AUMEGAMETALS ORDINARY,AAM,6926,606250697,0.00114243,2025-10-08
AURA ENERGY ORDINARY,AEE,6438372,896733047,0.7179809,2025-10-08
AURELIA METALS LTD ORDINARY,AMI,164972,1692572640,0.00974682,2025-10-08
AURIC MINING ORDINARY,AWJ,3239,186181102,0.0017397,2025-10-08
AURIZON HOLDINGS LTD ORDINARY,AZJ,31306021,1750443988,1.78846174,2025-10-08
AUSGOLD LIMITED ORDINARY,AUC,1958102,433476833,0.4517201,2025-10-08
AUSGOV TREASURY BOND TB 0.50% 09-26 6M,GSBQ26,17140,394000000,0.00435025,2025-10-08
AUSGOV TREASURY BOND TB 1.00% 11-31 6M,GSBU31,19140,445000000,0.00430112,2025-10-08
AUSGOV TREASURY BOND TB 1.00% 12-30 6M,GSBW30,72580,420000000,0.01728095,2025-10-08
AUSGOV TREASURY BOND TB 1.25% 05-32 6M,GSBI32,311340,425000000,0.07325647,2025-10-08
AUSGOV TREASURY BOND TB 1.50% 06-31 6M,GSBK31,200000,432000000,0.0462963,2025-10-08
AUSGOV TREASURY BOND TB 1.75% 11-32 6M,GSBU32,20870,317000000,0.0065836,2025-10-08
AUSGOV TREASURY BOND TB 2.25% 05-28 6M,GSBI28,90650,379000000,0.02391821,2025-10-08
AUSGOV TREASURY BOND TB 2.50% 05-30 6M,GSBI30,114210,410000000,0.0278561,2025-10-08
AUSGOV TREASURY BOND TB 2.75% 11-28 6M,GSBU28,148870,433000000,0.03438106,2025-10-08
AUSGOV TREASURY BOND TB 2.75% 11-29 6M,GSBU29,573430,430000000,0.13335581,2025-10-08
AUSGOV TREASURY BOND TB 3.00% 03-47 6M,GSBE47,99990,142000000,0.07041549,2025-10-08
AUSGOV TREASURY BOND TB 3.00% 11-33 6M,GSBU33,1124620,274000000,0.41044526,2025-10-08
AUSGOV TREASURY BOND TB 3.25% 06-39 6M,GSBK39,84980,108000000,0.07868519,2025-10-08
AUSGOV TREASURY BOND TB 3.50% 12-34 6M,GSBW34,45440,292000000,0.01556164,2025-10-08
AUSGOV TREASURY BOND TB 4.25% 12-35 6M,GSBW35,8460,199000000,0.00425126,2025-10-08
AUSGOV TREASURY BOND TB 4.75% 06-54 6M,GSBK54,22510,104000000,0.02164423,2025-10-08
AUSSIE BROADBAND ORDINARY,ABB,79537,292576043,0.02718507,2025-10-08
AUSSTRATMATERIALS ORDINARY,ASM,580700,225741865,0.25724072,2025-10-08
AUST FINANCE GRP ORDINARY,AFG,1206796,271760063,0.44406672,2025-10-08
AUST VANADIUM LTD ORDINARY,AVL,1789311,8634658076,0.02072243,2025-10-08
AUSTAL LIMITED ORDINARY,ASB,2577365,422050221,0.61067733,2025-10-08
AUSTIN ENGINEERING ORDINARY,ANG,19203,621463525,0.00308996,2025-10-08
AUSTRALIAN AGRICULT. ORDINARY,AAC,1368204,602766747,0.22698731,2025-10-08
AUSTRALIAN COMM.LOAN 2.50% LN 21-05-30,XCLWAY,196451,410000000,0.04791488,2025-10-08
AUSTRALIAN COMM.LOAN 2.75% LN 21-NOV-29,XCLWAX,257140,430000000,0.0598,2025-10-08
AUSTRALIAN ETHICAL ORDINARY,AEF,617474,113419775,0.54441476,2025-10-08
AUSTRALIAN UNITY LTD MCI CN 5.00% PER 6M,AYUPA,8,5070950,0.00015776,2025-10-08
AUTOSPORTS GRP LTD. ORDINARY,ASG,13400,202683304,0.0066113,2025-10-08
AVITA MEDICAL CDI 5:1,AVH,101067,85603405,0.11806423,2025-10-08
BABY BUNTING GRP LTD ORDINARY,BBN,409784,134919963,0.30372377,2025-10-08
BANK OF QUEENSLAND. ORDINARY,BOQ,16781289,661469455,2.53697111,2025-10-08
BANNERMAN ENERGY LTD ORDINARY,BMN,7526176,205434569,3.66353922,2025-10-08
BAPCOR LIMITED ORDINARY,BAP,11382646,339412500,3.35363194,2025-10-08
BCI MINERALS LTD ORDINARY,BCI,644364,2887513061,0.02231554,2025-10-08
BEACH ENERGY LIMITED ORDINARY,BPT,86208506,2281333656,3.77886443,2025-10-08
BEACON LIGHTING GRP ORDINARY,BLX,1311345,229342146,0.57178544,2025-10-08
BEETALOOENERGYAUSLTD ORDINARY,BTL,26083,1241325222,0.00210122,2025-10-08
BEGA CHEESE LTD ORDINARY,BGA,1232300,305377396,0.40353347,2025-10-08
BELARAROXLIMITED ORDINARY,BRX,5493,200998977,0.00273285,2025-10-08
BELL FINANCIAL GROUP ORDINARY,BFG,61469,320743948,0.01916451,2025-10-08
BELLEVUE GOLD LTD ORDINARY,BGL,34325857,1480748913,2.31814163,2025-10-08
BENDIGO AND ADELAIDE ORDINARY,BEN,11754446,567983623,2.06950439,2025-10-08
BENZMINING CDI 1:1,BNZ,91502,202741264,0.0451324,2025-10-08
BETA ARMR ETF ETF UNITS,ARMR,4392,7804178,0.05627755,2025-10-08
BETAAUSQLTYETF ETF UNITS,AQLT,19133,21556547,0.08875726,2025-10-08
BETAURANIUMETF ETF UNITS,URNM,6000,20831023,0.02880319,2025-10-08
BETMAKERS TECH GROUP ORDINARY,BET,3040633,1107374275,0.27458043,2025-10-08
BETR ENTERTAINMENT ORDINARY,BBT,145092,1167683502,0.01242563,2025-10-08
BHP GROUP LIMITED ORDINARY,BHP,47614341,5078913175,0.93749075,2025-10-08
BIOME AUSTRALIA LTD ORDINARY,BIO,336638,220609231,0.1525947,2025-10-08
BISALLOY STEEL ORDINARY,BIS,1728,48041013,0.00359693,2025-10-08
BLACK CAT SYNDICATE ORDINARY,BC8,17870977,710741450,2.51441322,2025-10-08
BLOCK INC CDI 1:1 NYSE,XYZ,578094,40845954,1.41530297,2025-10-08
BLUESCOPE STEEL LTD ORDINARY,BSL,14232412,438609849,3.24489111,2025-10-08
BOSS ENERGY LTD ORDINARY,BOE,78637621,414921511,18.95240881,2025-10-08
BOTANIX PHARMA LTD ORDINARY,BOT,71876097,1970659977,3.64731094,2025-10-08
BOWEN COAL LIMITED ORDINARY,BCB,28160,107757556,0.02613274,2025-10-08
BRAINCHIP LTD ORDINARY,BRN,87105684,2035741735,4.27881801,2025-10-08
BRAMBLES LIMITED ORDINARY,BXB,8313620,1362705103,0.61008211,2025-10-08
BRAVURA SOLUTION LTD ORDINARY,BVS,10398972,448299975,2.3196459,2025-10-08
BRAZILIAN RARE EARTH ORDINARY,BRE,109099,112716981,0.09679021,2025-10-08
BREVILLE GROUP LTD ORDINARY,BRG,8922574,144834480,6.16053166,2025-10-08
BRIGHTSTAR RESOURCES ORDINARY,BTR,1841373,579309411,0.31785657,2025-10-08
BURGUNDY D MINES LTD ORDINARY,BDM,8174,1421332274,0.00057509,2025-10-08
BWP GROUP FPO/UNITS STAPLED,BWP,7105097,724378588,0.98085409,2025-10-08
CADOUX LIMITED ORDINARY,CCM,54732,370917589,0.01475584,2025-10-08
CALIX LIMITED ORDINARY,CXL,1689960,214675336,0.78721666,2025-10-08
CAMPLIFYHOLDINGS ORDINARY,CHL,7316,71500349,0.01023212,2025-10-08
CANYON RESOURCES LTD ORDINARY,CAY,352955,1921699872,0.01836681,2025-10-08
CAPRICORN METALS ORDINARY,CMM,1948117,431616488,0.4513537,2025-10-08
CAPSTONECORP CDI1:1FOREXEMPT TSX,CSC,4932890,203016831,2.42979362,2025-10-08
CAR GROUP LIMITED ORDINARY,CAR,6677292,378146442,1.76579527,2025-10-08
CARNARVON ENERGY LTD ORDINARY,CVN,2391552,1789086882,0.13367445,2025-10-08
CASH CONVERTERS ORDINARY,CCV,25992,627545015,0.00414185,2025-10-08
CATALYST METALS ORDINARY,CYL,7768113,256359839,3.03015988,2025-10-08
CATAPULT SPORTS LTD ORDINARY,CAT,4521691,283692353,1.5938713,2025-10-08
CEDAR WOODS PROP. ORDINARY,CWP,50635,82951708,0.06104154,2025-10-08
CENTURIA CAPITAL FPO/UNITS STAPLED,CNI,2550318,830091925,0.3072332,2025-10-08
CENTURIA I REIT ORDINARY UNITS,CIP,19716435,630710585,3.12606693,2025-10-08
CENTURIA OFFICE REIT ORDINARY UNITS,COF,15068754,597336931,2.52265568,2025-10-08
CETTIRE ORDINARY,CTT,9893359,381238220,2.59505959,2025-10-08
CHALICE MINING LTD ORDINARY,CHN,10496836,389105591,2.69768316,2025-10-08
CHALLENGER LIMITED ORDINARY,CGF,3921442,691661481,0.56695972,2025-10-08
CHAMPION IRON LTD ORDINARY,CIA,33036513,533251001,6.19530258,2025-10-08
CHARTER HALL GROUP STAPLED US PROHIBIT.,CHC,3903228,472997199,0.82521165,2025-10-08
CHARTER HALL RETAIL ORDINARY UNITS,CQR,2765691,581229609,0.4758345,2025-10-08
CHARTER HALL SOC IN ORDINARY UNITS,CQE,806723,371108757,0.21738183,2025-10-08
CHORUS LIMITED ORD FOR.EXEMPT NZX,CNU,9183519,433887294,2.11656786,2025-10-08
CHRYSOSCORPLTD ORDINARY,C79,399150,116446297,0.34277604,2025-10-08
CHTR H LWR UNITS STAPLED,CLW,4584013,710170889,0.64548027,2025-10-08
CITY CHIC COLLECTIVE ORDINARY,CCX,750321,385157793,0.19480873,2025-10-08
CLARITY PHARMA ORDINARY,CU6,21103396,371934449,5.67395574,2025-10-08
CLEAN TEQ WATER ORDINARY,CNQ,620133,72242303,0.85840702,2025-10-08
CLEANAWAY WASTE LTD ORDINARY,CWY,32897780,2238695602,1.46950662,2025-10-08
CLEARVUE TECHNOLOGIE ORDINARY,CPV,55992,278625167,0.02009582,2025-10-08
CLINUVEL PHARMACEUT. ORDINARY,CUV,4539521,50200740,9.04273722,2025-10-08
CLOVER CORPORATION ORDINARY,CLV,52550,166999341,0.03146719,2025-10-08
COAST ENTERTAINMENT ORDINARY,CEH,1386080,388561874,0.35672054,2025-10-08
COBALT BLUE LTD ORDINARY,COB,99440,494528409,0.02010805,2025-10-08
COBRAM ESTATE OLIVES ORDINARY,CBO,4640399,476157941,0.97455038,2025-10-08
COCHLEAR LIMITED ORDINARY,COH,1740510,65398385,2.661396,2025-10-08
CODAN LIMITED ORDINARY,CDA,250911,181864253,0.13796609,2025-10-08
COLES GROUP ORDINARY,COL,3486001,1342138540,0.25973481,2025-10-08
COLLINS FOODS LTD ORDINARY,CKF,2291231,118019237,1.94140469,2025-10-08
COMET RIDGE LIMITED ORDINARY,COI,44895,1196438720,0.00375239,2025-10-08
COMMONWEALTH BANK. ORDINARY,CBA,10605377,1673462358,0.6337386,2025-10-08
COMPUTERSHARE LTD ORDINARY,CPU,2064633,578387070,0.35696389,2025-10-08
CONRADASIAENERGYLTD CDI 1:1,CRD,99355,193113866,0.05144892,2025-10-08
CONSOLIDATED OPS GP ORDINARY,COG,196390,201858052,0.09729114,2025-10-08
CONTACT ENERGY LTD ORD FOR. EXEMPT NZX,CEN,438448,460700691,0.09516982,2025-10-08
CORE LITHIUM ORDINARY,CXO,36606604,2462390658,1.48662861,2025-10-08
CORONADO GLOBAL RES CDI 10:1,CRN,6908182,1676453730,0.41207114,2025-10-08
CORP TRAVEL LIMITED ORDINARY,CTD,14361445,146325746,9.81470821,2025-10-08
COVENTRY GROUP ORDINARY,CYG,24606,119291306,0.02062682,2025-10-08
CREDIT CORP GROUP ORDINARY,CCP,1097504,68066856,1.61239121,2025-10-08
CROMWELL PROP FPO/UNITS STAPLED,CMW,15524117,2618866699,0.59277996,2025-10-08
CSL LIMITED ORDINARY,CSL,1885496,485151394,0.38864075,2025-10-08
CURVEBEAM AI LIMITED ORDINARY,CVB,128572,457857754,0.02808121,2025-10-08
CYCLOPHARM LIMITED ORDINARY,CYC,204126,111136850,0.18367085,2025-10-08
CYPRIUM METALS LTD ORDINARY,CYM,175000,2794628176,0.00626201,2025-10-08
DALRYMPLE BAY FPO/NOTES STAPLED,DBI,4286325,495761667,0.86459387,2025-10-08
DATA#3 LIMITED ORDINARY,DTL,3524955,155077841,2.273023,2025-10-08
DATELINE RESOURCES ORDINARY,DTR,1508348,3379530319,0.04463188,2025-10-08
DECIDR AI INDUSTRIES ORDINARY,DAI,69868,232632034,0.0300337,2025-10-08
DEEP YELLOW LIMITED ORDINARY,DYL,69162523,973124039,7.10726693,2025-10-08
DETERRA ORDINARY,DRR,11573179,529131590,2.18720243,2025-10-08
DEVELOP GLOBAL LTD ORDINARY,DVP,4616234,329444357,1.40121811,2025-10-08
DEVEX RESOURCES LTD ORDINARY,DEV,503663,441690671,0.11403071,2025-10-08
DEXUS INDUSTRIA REIT FPO/UNITS STAPLED,DXI,2142675,317269911,0.67534769,2025-10-08
DEXUS UNITS STAPLED,DXS,16647528,1075565246,1.54779341,2025-10-08
DFA AUST CORE EQUITY ETF UNITS,DACE,17718,342398553,0.00517467,2025-10-08
DGL GROUP LIMITED ORDINARY,DGL,214903,285225261,0.07534501,2025-10-08
DICKER DATA LIMITED ORDINARY,DDR,929536,180754474,0.51425338,2025-10-08
DIGICO INFRASTR REIT FPO/UNITS STAPLED,DGT,44083893,551095049,7.99932663,2025-10-08
DIMERIX LTD ORDINARY,DXB,1006936,600184606,0.16777105,2025-10-08
DOCTOR CARE ANYWHERE CDI 1:1,DOC,18393,366642246,0.00501661,2025-10-08
DOMINO PIZZA ENTERPR ORDINARY,DMP,12395442,94602138,13.1027081,2025-10-08
DOTZ NANO LTD ORDINARY,DTZ,121698,627489286,0.01939443,2025-10-08
DOWNER EDI LIMITED ORDINARY,DOW,2730304,671573679,0.40655316,2025-10-08
DPMMETALSINC CDI1:1FOREXEMPT TSX,DPM,503156,39122455,1.28610538,2025-10-08
DREDNOUGHT RESOURCES ORDINARY,DRE,120558,5079500000,0.00237342,2025-10-08
DRONESHIELD LIMITED ORDINARY,DRO,45845960,874718854,5.24122234,2025-10-08
DUBBER CORP LTD ORDINARY,DUB,1213637,2625029971,0.04623326,2025-10-08
DUG TECH ORDINARY,DUG,774822,135157274,0.57327436,2025-10-08
DXN LIMITED ORDINARY,DXN,1,298703639,3.3e-07,2025-10-08
DYNO NOBEL LTD ORDINARY,DNL,7717637,1795372022,0.42986283,2025-10-08
EAGERS AUTOMOTIVE ORDINARY,APE,9929227,258074137,3.84743203,2025-10-08
EASTERN RESOURCES ORDINARY,EFE,1,126089947,7.9e-07,2025-10-08
EBOS GROUP LTD ORDINARY,EBO,711129,205007188,0.34688003,2025-10-08
ECHOIQ LTD ORDINARY,EIQ,578040,647787710,0.08923294,2025-10-08
ECOGRAF LIMITED ORDINARY,EGR,278107,456626214,0.06090474,2025-10-08
ELANOR COMM PROP UNITS STAPLED,ECF,697664,407002325,0.17141524,2025-10-08
ELDERS LIMITED ORDINARY,ELD,9525116,191211193,4.98146361,2025-10-08
ELECTRO OPTIC SYS. ORDINARY,EOS,729889,192952099,0.37827471,2025-10-08
ELEVATE URANIUM LTD ORDINARY,EL8,4854518,385615812,1.25890014,2025-10-08
ELEVRA LITHIUM LTD ORDINARY,ELV,1886827,168458841,1.12005223,2025-10-08
ELIXIR ENERGY LTD ORDINARY,EXR,13412,1399622137,0.00095826,2025-10-08
ELSIGHT LTD ORDINARY,ELS,215337,218463912,0.09856868,2025-10-08
EMECO HOLDINGS ORDINARY,EHL,519333,518374757,0.10018486,2025-10-08
EMERALD RES NL ORDINARY,EMR,12359455,659940251,1.87281424,2025-10-08
EML PAYMENTS LTD ORDINARY,EML,2826323,387470038,0.72943008,2025-10-08
ENDEAVOUR ORDINARY,EDV,62929242,1790980017,3.51367639,2025-10-08
ENERGY ONE LIMITED ORDINARY,EOL,114,31436973,0.00036263,2025-10-08
ENLITIC INC. CDI 1:1 USPROHIBITED,ENL,722892,825616211,0.08755787,2025-10-08
EQUITY HL ORDINARY,EQT,94219,26790402,0.35168938,2025-10-08
EUREKA GROUP LTD ORDINARY,EGH,5344,426578945,0.00125276,2025-10-08
EUROPEAN LITHIUM LTD ORDINARY,EUR,1429996,1448950148,0.09869187,2025-10-08
EVOLUTION MINING LTD ORDINARY,EVN,35126892,2013836320,1.74427741,2025-10-08
EVT LIMITED ORDINARY,EVT,818149,162522422,0.50340685,2025-10-08
FALCONMETALSLTD ORDINARY,FAL,799569,212645027,0.37601114,2025-10-08
FATFISH GROUP ORDINARY,FFG,48964,1553573019,0.0031517,2025-10-08
FELIX GOLD LIMITED ORDINARY,FXG,419960,439644144,0.09552271,2025-10-08
FENIX RESOURCES LTD ORDINARY,FEX,595238,744474534,0.07995411,2025-10-08
FINBAR GROUP LIMITED ORDINARY,FRI,291058,272123142,0.10695819,2025-10-08
FINEOS CORP HOLD PLC CDI 1:1,FCL,2484887,340084245,0.73066807,2025-10-08
FIREFLY METALS LTD ORDINARY,FFM,11650766,682652432,1.70669076,2025-10-08
FISHER & PAYKEL H. ORD FOR. EXEMPT NZX,FPH,330612,587262856,0.05629711,2025-10-08
FLEETPARTNERS GROUP ORDINARY,FPR,3337328,221776047,1.50481896,2025-10-08
FLETCHER BUILDING ORD FOR. EXEMPT NZX,FBU,25935395,1074897372,2.41282523,2025-10-08
FLIGHT CENTRE TRAVEL ORDINARY,FLT,22552914,213714233,10.55283669,2025-10-08
FOCUS MINERALS LTD ORDINARY,FML,58035,286558645,0.0202524,2025-10-08
FORRESTANIARESOURCES ORDINARY,FRS,79123,416436901,0.019,2025-10-08
FORTESCUE LTD ORDINARY,FMG,48751996,3078964918,1.58338914,2025-10-08
FRONTIER DIGITAL LTD ORDINARY,FDV,572079,435734768,0.13129065,2025-10-08
FUTURE BATTERY ORDINARY,FBM,129337,674661028,0.01917066,2025-10-08
FUTURE GEN AUST ORDINARY,FGX,361,410037428,8.804e-05,2025-10-08
G8 EDUCATION LIMITED ORDINARY,GEM,21012807,771558755,2.72342279,2025-10-08
GALAN LITHIUM LTD ORDINARY,GLN,812879,1057859663,0.07684186,2025-10-08
GATEWAY MINING ORDINARY,GML,92219,2292360313,0.00402288,2025-10-08
GBL X URANIUM ETF UNITS,ATOM,10942,3497234,0.31287583,2025-10-08
GBLX BATT TECH LITH ETF UNITS,ACDC,1512,4853402,0.03115341,2025-10-08
GBLX SEMICONDUCTOR ETF UNITS,SEMI,1316,20824903,0.00631936,2025-10-08
GBLXGHLD ETF UNITS,GHLD,9564,1645500,0.58122151,2025-10-08
GDI PROPERTY GRP FPO/UNITS STAPLED,GDI,2358010,539822485,0.43681211,2025-10-08
GENERATION DEV GROUP ORDINARY,GDG,16884096,399052613,4.23104509,2025-10-08
GENESIS MINERALS ORDINARY,GMD,60908738,1141882635,5.3340629,2025-10-08
GENTRACK GROUP LTD ORD FOR.EXEMPT NZX,GTK,999562,107726873,0.9278669,2025-10-08
GEOPACIFIC RESOURCES ORDINARY,GPR,1,3197895329,3e-08,2025-10-08
GLOBALX AI ETF ETF UNITS,GXAI,47569,11404874,0.4170936,2025-10-08
GLOBALX GOLD BULLION ETF UNITS,GXLD,22878,5512347,0.41503193,2025-10-08
GOLD HYDROGEN ORDINARY,GHY,11863,180454285,0.00657396,2025-10-08
GOLD ROAD RES LTD ORDINARY,GOR,415298,1092838545,0.03800177,2025-10-08
GOLDARC RESOURCES ORDINARY,GA8,1,567519300,1.8e-07,2025-10-08
GOLDEN HORSE MINERAL CDI 1:1,GHM,31586,159722861,0.0197755,2025-10-08
GOODMAN GROUP FPO/UNITS STAPLED,GMG,8081770,2044793036,0.39523658,2025-10-08
GPT GROUP FPO/UNITS STAPLED,GPT,1584080,1915577430,0.08269465,2025-10-08
GQG PARTNERS CDI1:1 USPROHEXCLQIB,GQG,13288417,2955290756,0.44964838,2025-10-08
GRAINCORP LIMITED A CLASS ORDINARY,GNC,2605311,222300683,1.17197616,2025-10-08
GRANGE RESOURCES. ORDINARY,GRR,58171,1157338698,0.00502627,2025-10-08
GREATLAND RESOURCES ORDINARY,GGP,20263284,670751673,3.02098151,2025-10-08
GREEN CRITICAL MIN ORDINARY,GCM,1087922,2631022197,0.04134978,2025-10-08
GREENTECHNOLOGY ORDINARY,GT1,7,475170043,1.47e-06,2025-10-08
GROWTHPOINT PROPERTY FPO/UNITS STAPLED,GOZ,669630,754302808,0.08877469,2025-10-08
GRYPHON CAPITAL ORDINARY UNITS,GCI,154138,561815503,0.0274357,2025-10-08
GUZMAN Y GOMEZ LTD ORDINARY,GYG,12592131,103062048,12.21800968,2025-10-08
GWA GROUP LTD ORDINARY,GWA,2,265205113,7.5e-07,2025-10-08
HANSEN TECHNOLOGIES ORDINARY,HSN,2846940,204153315,1.39451079,2025-10-08
HARVEY NORMAN ORDINARY,HVN,13211160,1246006654,1.06028005,2025-10-08
HASTINGS TECH MET ORDINARY,HAS,16337,209081795,0.00781369,2025-10-08
HEALIUS ORDINARY,HLS,26478300,726132843,3.64648153,2025-10-08
HELIA GROUP LIMITED ORDINARY,HLI,6696369,272486063,2.45750881,2025-10-08
HELLOWORLD TRAVL LTD ORDINARY,HLO,213887,163326530,0.13095668,2025-10-08
HILLGROVE RES LTD ORDINARY,HGO,1257869,3267615171,0.03849502,2025-10-08
HIPAGES GROUP ORDINARY,HPG,12968,136903916,0.00947234,2025-10-08
HLTHCOHCWELLNSREIT ORDINARY UNITS,HCW,5668081,550175919,1.03023066,2025-10-08
HMC CAPITAL LIMITED ORDINARY,HMC,21214096,412615731,5.14136869,2025-10-08
HOMECO DAILY NEEDS ORDINARY UNITS,HDN,47239592,2086818356,2.26371365,2025-10-08
HORIZON OIL LIMITED ORDINARY,HZN,157371,1627588503,0.00966897,2025-10-08
HORIZON ORDINARY,HRZ,163950,2994680238,0.00547471,2025-10-08
HOT CHILI LTD ORDINARY,HCH,1,177361814,5.6e-07,2025-10-08
HUB24 LTD ORDINARY,HUB,1295538,81765983,1.58444619,2025-10-08
HUMM GROUP LIMITED ORDINARY,HUM,3472422,493046984,0.70427811,2025-10-08
IDP EDUCATION LTD ORDINARY,IEL,35209326,278336211,12.64992646,2025-10-08
IGO LIMITED ORDINARY,IGO,24784182,757267813,3.27284239,2025-10-08
IKEGPS GROUP LTD ORD FOR. EXEMPT NZX,IKE,1312,193793077,0.00067701,2025-10-08
ILUKA RESOURCES ORDINARY,ILU,51771398,429703905,12.04815628,2025-10-08
IMDEX LIMITED ORDINARY,IMD,6242573,511841821,1.21962934,2025-10-08
IMEXHS LIMITED ORDINARY,IME,1,53916674,1.85e-06,2025-10-08
IMMUTEP LTD ORDINARY,IMM,37356073,1471920338,2.53791405,2025-10-08
IMPEDIMED LIMITED ORDINARY,IPD,12664082,2036147471,0.62196291,2025-10-08
IMRICOR MED SYS CDI1:1 USPROHEXCLQIB,IMR,358622,320802502,0.11178903,2025-10-08
IMUGENE LIMITED ORDINARY,IMU,5073295,295832944,1.71491888,2025-10-08
INFOMEDIA LTD ORDINARY,IFM,84147,378419690,0.02223642,2025-10-08
INFRATIL LIMITED. ORD FOR.EXEMPT NZX,IFT,6395155,979589512,0.65284029,2025-10-08
INGENIA GROUP FPO/UNITS STAPLED,INA,5471474,407583264,1.34241871,2025-10-08
INGHAMS GROUP ORDINARY,ING,16049953,371679601,4.31822273,2025-10-08
INSIGNIA FINANCIAL ORDINARY,IFL,3084867,670726143,0.45992944,2025-10-08
INSURANCE AUSTRALIA ORDINARY,IAG,13959712,2365283816,0.59019184,2025-10-08
INTEGRAL DIAGNOSTICS ORDINARY,IDX,13409069,372926663,3.59563162,2025-10-08
INTEGRATED RESEARCH ORDINARY,IRI,86364,180591803,0.04782277,2025-10-08
INTELLIGENT MONITOR ORDINARY,IMB,41690,375467621,0.01110349,2025-10-08
IONEER LTD ORDINARY,INR,21026028,2667809644,0.78813824,2025-10-08
IPD GROUP ORDINARY,IPG,221003,103850692,0.2128084,2025-10-08
IPERIONX LIMITED ORDINARY,IPX,18989600,335211020,5.66496889,2025-10-08
IPH LIMITED ORDINARY,IPH,17828545,261480659,6.81830353,2025-10-08
IRESS LIMITED ORDINARY,IRE,1526538,186789474,0.81725055,2025-10-08
ISHARES COMP BND. ETF UNITS,IAF,19584,32668265,0.05994809,2025-10-08
ISHARES ENHANCD CASH ETF UNITS,ISEC,1682,3458613,0.04863221,2025-10-08
ISHARES S&P/ASX 200. ETF UNITS,IOZ,206075,214765862,0.09595333,2025-10-08
ISHS MSCI JAPAN ETF ETF UNITS,IJP,1960,7441858,0.02633751,2025-10-08
JAMES BAY MINERALS ORDINARY,JBY,257249,99128270,0.25951124,2025-10-08
JAMES HARDIE INDUST CHESS DEPOSITARY INT,JHX,12809827,430021535,2.97888035,2025-10-08
JANUSELECTRICHOLDING ORDINARY,JNS,2,93339044,2.14e-06,2025-10-08
JB HI-FI LIMITED ORDINARY,JBH,4216159,109333981,3.85622014,2025-10-08
JOHNS LYNG GROUP ORDINARY,JLG,9817402,283670807,3.46084326,2025-10-08
JUDO CAP HOLDINGS ORDINARY,JDO,14948903,1121035043,1.33349114,2025-10-08
JUMBO INTERACTIVE ORDINARY,JIN,1957998,62351670,3.14024949,2025-10-08
JUPITER MINES. ORDINARY,JMS,142229,1964800189,0.00723885,2025-10-08
KAROON ENERGY LTD ORDINARY,KAR,49804122,731456259,6.80889956,2025-10-08
KELLY PARTNERS GROUP ORDINARY,KPG,100918,45274957,0.22290027,2025-10-08
KELSIAN GROUP LTD ORDINARY,KLS,6800797,271542854,2.50450229,2025-10-08
KINGSGATE CONSOLID. ORDINARY,KCN,760511,257751692,0.29505568,2025-10-08
KKR CREDIT INC FUND ORDINARY UNITS,KKC,63497,322533881,0.01968692,2025-10-08
KMD BRANDS LIMITED ORD FOR.EXEMPT NZX,KMD,127204,711667484,0.01787408,2025-10-08
KOGAN.COM LTD ORDINARY,KGN,1677613,99622163,1.68397568,2025-10-08
KOONENBERRYGOLD ORDINARY,KNB,814227,1027460013,0.07924659,2025-10-08
KUNIKOLIMITED ORDINARY,KNI,52192,107389742,0.04860055,2025-10-08
L1 GROUP LTD ORDINARY,L1G,12169947,2239104293,0.54351854,2025-10-08
LACHLAN STAR LTD ORDINARY,LSA,1,289223195,3.5e-07,2025-10-08
LAKE RESOURCES ORDINARY,LKE,10843896,2158730989,0.50232734,2025-10-08
LARVOTTORESOURCES ORDINARY,LRV,3186575,516356602,0.6171268,2025-10-08
LENDLEASE GROUP FPO/UNITS STAPLED,LLC,14298316,690647878,2.07027582,2025-10-08
LEOLITHIUMLIMITED ORDINARY,LLL,4322937,1204827813,0.35880123,2025-10-08
LIFE360 INC. CDI 3:1 FOR. EXEMPT,360,464880,166577253,0.27907772,2025-10-08
LIFESTYLE COMMUNIT. ORDINARY,LIC,8918676,121740054,7.32599971,2025-10-08
LIGHT & WONDER INC. CDI1:1FOREXEMPT XNGS,LNW,975312,32872995,2.96690946,2025-10-08
LINDSAY AUSTRALIA ORDINARY,LAU,414480,363801021,0.11393041,2025-10-08
LIONTOWN RESOURCES ORDINARY,LTR,138534491,2939068797,4.71355047,2025-10-08
LISENERGYLIMITED ORDINARY,LIS,1,640200230,1.6e-07,2025-10-08
LOCKSLEYRESOURCES ORDINARY,LKY,1007653,275398961,0.36588845,2025-10-08
LOTUS RESOURCES LTD ORDINARY,LOT,171786734,2715440736,6.32629288,2025-10-08
LOVISA HOLDINGS LTD ORDINARY,LOV,2575490,110738494,2.3257405,2025-10-08
LTR PHARMA LIMITED ORDINARY,LTP,80209,112599375,0.07123397,2025-10-08
LUMOS DIAGNOSTICS ORDINARY,LDX,95986,785857417,0.01221417,2025-10-08
LYNAS RARE EARTHS ORDINARY,LYC,23769477,1006502578,2.36159127,2025-10-08
MA FINANCIAL GROUP ORDINARY,MAF,2871830,194867377,1.47373565,2025-10-08
MAAS GROUP HOLDINGS ORDINARY,MGH,8743447,363221583,2.40719368,2025-10-08
MAC COPPER CDI 1:1,MAC,495212,28591776,1.73200853,2025-10-08
MACH7 TECH LIMITED ORDINARY,M7T,220395,234968047,0.09379786,2025-10-08
MACQUARIE GROUP LTD ORDINARY,MQG,2374009,381138415,0.62287319,2025-10-08
MACQUARIE TECHNOLOGY ORDINARY,MAQ,599691,25773732,2.32675268,2025-10-08
MADER GROUP LIMITED ORDINARY,MAD,1234116,203461728,0.60655928,2025-10-08
MAGELLAN FIN GRP LTD ORDINARY,MFG,7264013,171424732,4.23743582,2025-10-08
MANTLE MINERALS LTD ORDINARY,MTL,788503,7233114834,0.01090129,2025-10-08
MANUKA RESOURCES. ORDINARY,MKR,25016,1065384853,0.00234807,2025-10-08
MAYNE PHARMA LTD ORDINARY,MYX,1037305,81245827,1.27674865,2025-10-08
MCMILLAN SHAKESPEARE ORDINARY,MMS,1171418,69643024,1.68203207,2025-10-08
MEDADVISOR LIMITED ORDINARY,MDR,412375,632338648,0.06521426,2025-10-08
MEDALLION METALS. ORDINARY,MM8,199809,611760005,0.03266134,2025-10-08
MEDIBANK PRIVATE LTD ORDINARY,MPL,21093275,2754003240,0.76591322,2025-10-08
MEDICAL DEVELOPMENTS ORDINARY,MVP,288,112658324,0.00025564,2025-10-08
MEEKA METALS LIMITED ORDINARY,MEK,15316917,2922330170,0.52413369,2025-10-08
MEGAPORT LIMITED ORDINARY,MP1,2643498,161811366,1.63369117,2025-10-08
MERCURY NZ LIMITED ORD FOR.EXEMPT NZX,MCY,25,1417393024,1.76e-06,2025-10-08
MERIDIAN ENERGY ORD FOR. EXEMPT NZX,MEZ,551504,1297649396,0.04250023,2025-10-08
MESOBLAST LIMITED ORDINARY,MSB,84800076,1279967187,6.62517577,2025-10-08
METAL POWDWORKS LTD ORDINARY,MPW,3080,108735503,0.00283256,2025-10-08
METALLIUM LTD ORDINARY,MTM,35903,615400905,0.00583408,2025-10-08
METALS X LIMITED ORDINARY,MLX,470448,886391538,0.05307451,2025-10-08
METCASH LIMITED ORDINARY,MTS,21057840,1098989156,1.9161099,2025-10-08
METEORIC RESOURCES ORDINARY,MEI,2979039,2640934211,0.11280247,2025-10-08
MINERAL RESOURCES. ORDINARY,MIN,20100795,197631816,10.17082948,2025-10-08
MINERALS260LIMITED ORDINARY,MI6,338865,2067333333,0.01639141,2025-10-08
MIRVAC GROUP FPO/UNITS STAPLED,MGR,9788621,3945860217,0.24807318,2025-10-08
MITHRIL SILVER GOLD ORDINARY,MTH,749549,183656572,0.40812534,2025-10-08
MONADELPHOUS GROUP ORDINARY,MND,323626,99380736,0.32564259,2025-10-08
MONASH IVF GROUP LTD ORDINARY,MVF,12811995,389634840,3.2882057,2025-10-08
MONEYME LIMITED ORDINARY,MME,2476,800078476,0.00030947,2025-10-08
MYER HOLDINGS LTD ORDINARY,MYR,59071665,1728057023,3.41838633,2025-10-08
MYSTATE LIMITED ORDINARY,MYS,828068,169687485,0.48799592,2025-10-08
NANOSONICS LIMITED ORDINARY,NAN,25835569,303921890,8.50072662,2025-10-08
NANOVEU LIMITED ORDINARY,NVU,188839,976560630,0.01933715,2025-10-08
NATIONAL AUST. BANK ORDINARY,NAB,16838849,3063032388,0.5497444,2025-10-08
NATIONAL STORAGE FPO/UNITS STAPLED,NSR,26930225,1403727587,1.91847943,2025-10-08
NATIVE MINERAL RES ORDINARY,NMR,9589,990849529,0.00096776,2025-10-08
NAVIGATOR GLOBAL LTD FPO USPROHEXCQPS,NGI,199225,490079428,0.04065157,2025-10-08
NEOMETALS LTD ORDINARY,NMT,840855,770491543,0.10913228,2025-10-08
NETWEALTH GROUP ORDINARY,NWL,2981666,245358444,1.21522861,2025-10-08
NEUREN PHARMACEUT. ORDINARY,NEU,6520401,126489526,5.15489401,2025-10-08
NEW HOPE CORPORATION ORDINARY,NHC,37681571,843371758,4.4679669,2025-10-08
NEWMONT CORPORATION CDI1:1FOREXEMPT NYSE,NEM,256269,104748237,0.24465233,2025-10-08
NEWS CORP.. B VOTING CDI 1:1,NWS,230190,41670393,0.5524066,2025-10-08
NEXGENENERGYCANADA CDI1:1 FOREXEMPT TSX,NXG,649530,111648906,0.58176119,2025-10-08
NEXTDC LIMITED ORDINARY,NXT,38281793,640850580,5.97359107,2025-10-08
NGXLIMITED ORDINARY,NGX,2,90611840,2.21e-06,2025-10-08
NIB HOLDINGS LIMITED ORDINARY,NHF,5454100,487953511,1.11774992,2025-10-08
NICK SCALI LIMITED ORDINARY,NCK,3499947,85530699,4.09203601,2025-10-08
NICKEL INDUSTRIES ORDINARY,NIC,61591474,4340935875,1.41885243,2025-10-08
NINE ENTERTAINMENT ORDINARY,NEC,21361504,1585762123,1.34708124,2025-10-08
NORTHERN MIN LTD ORDINARY,NTU,6846995,8357155818,0.08192973,2025-10-08
NORTHERN STAR ORDINARY,NST,54229310,1430735312,3.79031045,2025-10-08
NOVA MINERALS LTD ORDINARY,NVA,167697,402168917,0.04169815,2025-10-08
NOVONIX LIMITED ORDINARY,NVX,3615146,694721672,0.52037329,2025-10-08
NRW HOLDINGS LIMITED ORDINARY,NWH,2825044,459466948,0.6148525,2025-10-08
NUFARM LIMITED ORDINARY,NUF,7518498,383925572,1.95832176,2025-10-08
NUIX LIMITED ORDINARY,NXL,10402541,334657188,3.10841702,2025-10-08
NZME LIMITED ORD FOR. EXEMPT NZX,NZM,4151,187899804,0.00220916,2025-10-08
OBJECTIVE CORP ORDINARY,OCL,184719,95671246,0.19307682,2025-10-08
ODESSA MINERALS LTD ORDINARY,ODE,1,1599532536,6e-08,2025-10-08
OFX GROUP LTD ORDINARY,OFX,227961,231709686,0.09838216,2025-10-08
OMNI BRIDGEWAY LTD ORD US PROHIBITED,OBL,5619755,288432738,1.94837626,2025-10-08
ONEVIEW HEALTHCARE CDI 1:1,ONE,13488147,765338861,1.76237582,2025-10-08
OOH!MEDIA LIMITED ORDINARY,OML,1865718,538781286,0.34628486,2025-10-08
OPTHEA LIMITED ORDINARY,OPT,26386083,1367978173,1.92883801,2025-10-08
ORA BANDA MINING LTD ORDINARY,OBM,63099231,1901713887,3.31801915,2025-10-08
ORBITAL CORP LIMITED ORDINARY,OEC,1,179065431,5.6e-07,2025-10-08
ORICA LIMITED ORDINARY,ORI,1428665,467563937,0.305555,2025-10-08
ORIGIN ENERGY ORDINARY,ORG,17765629,1722747671,1.03123802,2025-10-08
ORORA LIMITED ORDINARY,ORA,28108078,1260030461,2.23074591,2025-10-08
ORTHOCELL LIMITED ORDINARY,OCC,11602,247863275,0.00468081,2025-10-08
PACIFIC EDGE ORD FOR.EXEMPT NZX,PEB,1063942,1022135460,0.10409012,2025-10-08
PACIFIC GRP LTD ORDINARY,PAC,14571,30153859,0.04832217,2025-10-08
PACIFIC SMILES GRP ORDINARY,PSQ,27072,161615445,0.01675087,2025-10-08
PAINCHEK LTD ORDINARY,PCK,211049,2063725264,0.0102266,2025-10-08
PALADIN ENERGY LTD ORDINARY,PDN,51808172,435535221,11.89528872,2025-10-08
PANCONTINENTAL ENERG ORDINARY,PCL,6164247,8286080242,0.0743928,2025-10-08
PANTORO GOLD LIMITED ORDINARY,PNR,1766356,394180907,0.44810795,2025-10-08
PARADIGM BIO. ORDINARY,PAR,368040,411797342,0.08937406,2025-10-08
PARAGON CARE LIMITED ORDINARY,PGC,2761641,1655305389,0.16683574,2025-10-08
PEET LIMITED ORDINARY,PPC,1727,468158956,0.00036889,2025-10-08
PENINSULA ENERGY LTD ORDINARY,PEN,2713143,407618557,0.66560831,2025-10-08
PEPPERMONEY ORDINARY,PPM,5351,444513419,0.00120379,2025-10-08
PERENTI LIMITED ORDINARY,PRN,3334550,939880201,0.35478458,2025-10-08
PERPETUAL LIMITED ORDINARY,PPT,2718493,114782568,2.36838489,2025-10-08
PERSEUS MINING LTD ORDINARY,PRU,5475998,1351230319,0.40526015,2025-10-08
PETER WARREN ORDINARY,PWR,3506,172256068,0.00203534,2025-10-08
PEXAGROUP ORDINARY,PXA,4055775,177601862,2.28363315,2025-10-08
PHOSLOCK ENV TEC LTD ORDINARY,PET,13,624390509,2.08e-06,2025-10-08
PILBARA MIN LTD ORDINARY,PLS,559473149,3219213746,17.37918613,2025-10-08
PINNACLE INVESTMENT ORDINARY,PNI,4759643,226968248,2.09705236,2025-10-08
PLAYSIDE STUDIOS ORDINARY,PLY,500947,450830388,0.11111651,2025-10-08
PMET RESOURCES CDI 10:1,PMT,20425171,551394680,3.70427422,2025-10-08
POINTSBET HOLDINGS ORDINARY,PBH,1271,347586582,0.00036566,2025-10-08
POLYMETALS RESOURCES ORDINARY,POL,165208,267813677,0.06168766,2025-10-08
POLYNOVO LIMITED ORDINARY,PNV,67413341,690842991,9.75812766,2025-10-08
PPK GROUP LIMITED ORDINARY,PPK,99319,90812498,0.1093671,2025-10-08
PREDICTIVE DISC LTD ORDINARY,PDI,16972966,2622467936,0.64721348,2025-10-08
PREMIER INVESTMENTS ORDINARY,PMV,3171025,159879998,1.98337818,2025-10-08
PRO MEDICUS LIMITED ORDINARY,PME,1430155,104510839,1.36842744,2025-10-08
PROPEL FUNERAL ORDINARY,PFP,5819453,137973594,4.21780199,2025-10-08
PROTEOMICS INT LAB ORDINARY,PIQ,564244,163681857,0.34471994,2025-10-08
PURE HYDROGEN CORP ORDINARY,PH2,6457,384363171,0.00167992,2025-10-08
PWR HOLDINGS LIMITED ORDINARY,PWH,10449546,100574122,10.38989533,2025-10-08
PYC THERAPEUTICS ORDINARY,PYC,1514355,583260447,0.25963616,2025-10-08
QANTAS AIRWAYS ORDINARY,QAN,5307155,1513199279,0.35072413,2025-10-08
QBE INSURANCE GROUP ORDINARY,QBE,4806721,1510196921,0.31828439,2025-10-08
QORIA LIMITED ORDINARY,QOR,10554882,1333629404,0.79144041,2025-10-08
QUALITAS RE INCOME ORDINARY UNITS,QRI,2868709,609158439,0.47092986,2025-10-08
QUALITASLIMITED ORDINARY,QAL,6285822,300173988,2.09405953,2025-10-08
QUBE HOLDINGS LTD ORDINARY,QUB,8820936,1769612012,0.49846723,2025-10-08
RACE ONCOLOGY LTD ORDINARY,RAC,42761,174255507,0.02453925,2025-10-08
RAGNAR METALS LTD ORDINARY,RAG,56448,473985978,0.01190921,2025-10-08
RAGUSA MINERALS LTD ORDINARY,RAS,249811,178198786,0.1401867,2025-10-08
RAMELIUS RESOURCES ORDINARY,RMS,88253753,1914319888,4.61018838,2025-10-08
RAMSAY HEALTH CARE ORDINARY,RHC,7882356,230829811,3.41479117,2025-10-08
RAREX LIMITED ORDINARY,REE,45,1010391292,4.45e-06,2025-10-08
REA GROUP ORDINARY,REA,3747192,132117217,2.83626319,2025-10-08
READYTECH HOLDINGS ORDINARY,RDY,229976,123564107,0.18611877,2025-10-08
RECCE PHARMACEUTICAL ORDINARY,RCE,224126,289183422,0.07750306,2025-10-08
RED HILL MINERALS ORDINARY,RHI,485,64127625,0.0007563,2025-10-08
RED METAL LIMITED ORDINARY,RDM,83539,361835710,0.02308755,2025-10-08
REDOX LIMITED ORDINARY,RDX,6802509,525081428,1.29551506,2025-10-08
REECE LIMITED ORDINARY,REH,14059337,645984181,2.17642125,2025-10-08
REGAL PARTNERS LTD ORDINARY,RPL,2891980,369399720,0.78288635,2025-10-08
REGION GROUP UNITS STAPLED,RGN,3477798,1161439321,0.29943863,2025-10-08
REGIS HEALTHCARE LTD ORDINARY,REG,2912565,301787655,0.96510409,2025-10-08
REGIS RESOURCES ORDINARY,RRL,14883310,757252199,1.96543635,2025-10-08
RELIANCE WORLDWIDE ORDINARY,RWC,26395143,773539330,3.4122561,2025-10-08
RESMED INC CDI 10:1 FOR. EXEMPT,RMD,969550,582359630,0.16648647,2025-10-08
RESOLUTE MINING ORDINARY,RSG,2459656,2129696013,0.11549329,2025-10-08
RETAIL FOOD GROUP ORDINARY,RFG,270614,62930789,0.43001844,2025-10-08
RIDLEY CORPORATION ORDINARY,RIC,2302006,374853074,0.61410888,2025-10-08
RIO TINTO LIMITED ORDINARY,RIO,23401798,371216214,6.30408832,2025-10-08
ROX RESOURCES ORDINARY,RXL,1000000,749257174,0.13346552,2025-10-08
RPMGLOBAL HLDGS LTD ORDINARY,RUL,619661,221395785,0.27988835,2025-10-08
RURAL FUNDS GROUP UNITS STAPLED,RFF,19018743,389722999,4.88006688,2025-10-08
RYMAN ORD FOR. EXEMPT NZX,RYM,94700,1015729081,0.00932335,2025-10-08
RYZON MATERIALS LTD ORDINARY,RYZ,351424,1199498151,0.02929759,2025-10-08
SANDFIRE RESOURCES ORDINARY,SFR,19039646,460787264,4.13198182,2025-10-08
SANTANA MINERALS LTD ORDINARY,SMI,1925099,831339461,0.23156594,2025-10-08
SANTOS LTD ORDINARY,STO,7287313,3247772961,0.22437877,2025-10-08
SATURN METALS ORDINARY,STN,2516266,460060222,0.54694274,2025-10-08
SAYONA MINING LTD ORDINARY,SYA,80007,168458841,0.0474935,2025-10-08
SCENTRE GRP FPO/UNITS STAPLED,SCG,5274097,5216417412,0.10110573,2025-10-08
SCIDEV LTD ORDINARY,SDV,18933,190088197,0.00996011,2025-10-08
SEEK LIMITED ORDINARY,SEK,6375609,357220190,1.78478406,2025-10-08
SELECT HARVESTS ORDINARY,SHV,3721986,142107639,2.61913154,2025-10-08
SERVICE STREAM ORDINARY,SSM,3540440,618405410,0.57251116,2025-10-08
SEVEN WEST MEDIA LTD ORDINARY,SWM,10230242,1539140502,0.66467239,2025-10-08
SGH LIMITED ORDINARY,SGH,6690196,406998167,1.6437902,2025-10-08
SIGMA HEALTH LTD ORDINARY,SIG,311418608,11543702836,2.69773583,2025-10-08
SILEX SYSTEMS ORDINARY,SLX,24144134,276887304,8.71984148,2025-10-08
SILVER MINES LIMITED ORDINARY,SVL,18409699,2133235041,0.8629944,2025-10-08
SIMS LIMITED ORDINARY,SGM,6297257,193223486,3.25905361,2025-10-08
SITEMINDER ORDINARY,SDR,2481022,281396281,0.88168258,2025-10-08
SKY NETWORK ORD FOR.EXEMPT NZX,SKT,30,137675010,2.179e-05,2025-10-08
SKYCITY ENT GRP LTD ORD FOR. EXEMPT NZX,SKC,8717988,1103055047,0.79034931,2025-10-08
SMARTGRP CORPORATION ORDINARY,SIQ,598535,135605546,0.44137944,2025-10-08
SMARTPAY HOLDINGS ORD FOR.EXEMPT NZX,SMP,37000,241943464,0.01529283,2025-10-08
SOLVAR LIMITED ORDINARY,SVR,11912,194109360,0.00613675,2025-10-08
SONIC HEALTHCARE ORDINARY,SHL,4007071,494237953,0.81075745,2025-10-08
SOUL PATTINSON (W.H) ORDINARY,SOL,5986296,379919682,1.57567409,2025-10-08
SOUTH32 LIMITED ORDINARY,S32,30884259,4499544842,0.68638629,2025-10-08
SOUTHGOLD CONSOL CDI 1:1,SX2,2717929,141052264,1.92689498,2025-10-08
SOVEREIGN METALS ORDINARY,SVM,257617,646938703,0.03982093,2025-10-08
SPACETALK LTD ORDINARY,SPA,3779,73412682,0.00514761,2025-10-08
SPARK NEW ZEALAND ORD FOR. EXEMPT NZX,SPK,10654763,1890109281,0.56371148,2025-10-08
SRG GLOBAL LTD ORDINARY,SRG,5239908,612643517,0.85529478,2025-10-08
ST BARBARA LIMITED ORDINARY,SBM,23227419,1083708904,2.1433264,2025-10-08
ST GEORGE MIN LTD ORDINARY,SGQ,602969,2945733183,0.02046923,2025-10-08
STAKK LIMITED ORDINARY,SKK,1237219,2112691214,0.05856128,2025-10-08
STANMORE RESOURCES ORDINARY,SMR,6579935,901391634,0.72997516,2025-10-08
STARPHARMA HOLDINGS ORDINARY,SPL,414222,418224781,0.09904291,2025-10-08
STEADFAST GROUP LTD ORDINARY,SDF,33793275,1111991628,3.03898646,2025-10-08
STEALTH GRP HOLDING ORDINARY,SGI,3599,129532953,0.00277844,2025-10-08
STEP ONE LIMITED ORDINARY,STP,588837,185340291,0.31770588,2025-10-08
STH CRS ELECT ENGNR ORDINARY,SXE,588667,265610197,0.22162816,2025-10-08
STHN CROSS MEDIA ORDINARY,SXL,1432521,239899149,0.59713467,2025-10-08
STOCKLAND FPO/UNITS STAPLED,SGP,14091561,2422368943,0.58172646,2025-10-08
STRICKLAND METALS ORDINARY,STK,173860,2262359797,0.0076849,2025-10-08
STRIKE ENERGY LTD ORDINARY,STX,159610317,3599396998,4.43436267,2025-10-08
SUN SILVER LIMITED ORDINARY,SS1,72973,132515922,0.05506735,2025-10-08
SUNCORP GROUP LTD ORDINARY,SUN,6026858,1082967555,0.55651326,2025-10-08
SUNRICE B LTD-VOTING ORD FPO,SGLLV,460141,67491321,0.68177803,2025-10-08
SUNRISE ORDINARY,SRL,761653,123170063,0.6183751,2025-10-08
SUNSTONE METALS LTD ORDINARY,STM,992477,6308114676,0.01573334,2025-10-08
SUPER RET REP LTD ORDINARY,SUL,3540686,225826500,1.56787888,2025-10-08
SUPERLOOP LIMITED ORDINARY,SLC,8362862,512551543,1.63161386,2025-10-08
SUPPLY NETWORK ORDINARY,SNL,1385673,43753845,3.16697424,2025-10-08
SYNTARA LIMITED ORDINARY,SNT,1695695,1632399195,0.10387747,2025-10-08
SYRAH RESOURCES ORDINARY,SYR,29608867,1311538739,2.25756709,2025-10-08
TABCORP HOLDINGS LTD ORDINARY,TAH,4851833,2289219336,0.21194269,2025-10-08
TALGA GROUP LTD ORDINARY,TLG,238461,455921152,0.05230312,2025-10-08
TAMBORAN CDI USPROHEXCLQIB,TBN,2384272,1503378600,0.15859425,2025-10-08
TECHNOLOGY ONE ORDINARY,TNE,4082478,327368541,1.24705874,2025-10-08
TELIX PHARMACEUTICAL ORDINARY,TLX,29421461,338437008,8.69333445,2025-10-08
TELSTRA GROUP ORDINARY,TLS,41943755,11350482012,0.36953281,2025-10-08
TEMPLE & WEBSTER LTD ORDINARY,TPW,1172004,120274809,0.97443846,2025-10-08
TERRA METALS LIMITED ORDINARY,TM1,263039,625420777,0.04205792,2025-10-08
TERRACOM LTD ORDINARY,TER,4414345,800966235,0.55112748,2025-10-08
TESORO GOLD LTD ORDINARY,TSO,300000,2518355234,0.01191254,2025-10-08
THE A2 MILK COMPANY ORDINARY,A2M,22971246,725426194,3.16658623,2025-10-08
THE LOTTERY CORP ORDINARY,TLC,17782481,2225771703,0.79893553,2025-10-08
THE STAR ENT GRP ORDINARY,SGR,111482082,2868680877,3.88617929,2025-10-08
TITOMIC LIMITED ORDINARY,TTT,147370,1527758397,0.00964616,2025-10-08
TORO ENERGY LIMITED ORDINARY,TOE,4809,120281848,0.00399811,2025-10-08
TORQUE MET ORDINARY,TOR,288717,539624520,0.05350331,2025-10-08
TPG TELECOM LIMITED. ORDINARY,TPG,18075538,1859341669,0.9721472,2025-10-08
TRANSURBAN GROUP FPO/UNITS STAPLED,TCL,7599971,3114187136,0.24404349,2025-10-08
TREASURY CORPORATION 4.75% LN 15-SEP-36,XVGHAF,27800,2250000,1.23555556,2025-10-08
TREASURY WINE ESTATE ORDINARY,TWE,52746586,811426445,6.50047658,2025-10-08
TUAS LIMITED ORDINARY,TUA,2761131,546850821,0.50491485,2025-10-08
TURACO GOLD LIMITED ORDINARY,TCG,1736959,1050969267,0.1652721,2025-10-08
TYRO PAYMENTS ORDINARY,TYR,1217154,528661515,0.23023314,2025-10-08
UNIBAILRODAWESTFIELD CDI 20:1,URW,1862,76516840,0.00243345,2025-10-08
UNITED OVERSEAS AUST ORDINARY,UOS,162,348019315,4.655e-05,2025-10-08
UNIVERSAL STORE ORDINARY,UNI,470913,76720810,0.61380087,2025-10-08
VANECK AU SUBD BOND ETF UNITS,SUBD,135425,113845658,0.11895491,2025-10-08
VANECK CHINA A50 ETF UNITS,CETF,891,562705,0.15834229,2025-10-08
VANECK GOLD MINERS ETF UNITS,GDX,11392,10980832,0.10374442,2025-10-08
VAULT MINERALS LTD ORDINARY,VAU,12509805,6802473382,0.18390083,2025-10-08
VECTION TECHNOLOGIES ORDINARY,VR1,2567188,2247353999,0.11423158,2025-10-08
VEEM LTD ORDINARY,VEE,206488,135980141,0.15185159,2025-10-08
VENTIASERVICESGROUP ORDINARY,VNT,6703711,834626201,0.8031992,2025-10-08
VICINITY CENTRES FPO/UNITS STAPLED,VCX,72434483,4599700895,1.57476507,2025-10-08
VICTORY METALS LTD ORDINARY,VTM,158909,130798219,0.12149172,2025-10-08
VIRGIN AUSTRALIA ORDINARY,VGN,3490091,781990466,0.44630864,2025-10-08
VIVA ENERGY GROUP ORDINARY,VEA,70529851,1625651926,4.33855796,2025-10-08
VNGD AUS GOV BOND ETF UNITS,VGB,4419,26833716,0.01646809,2025-10-08
VNGD AUS HIGH YIELD ETF UNITS,VHY,35003,73303148,0.04775102,2025-10-08
VULCAN ENERGY ORDINARY,VUL,19846441,234429181,8.46585776,2025-10-08
VULCAN STEEL ORDINARY,VSL,548702,146529960,0.37446403,2025-10-08
VYSARN LTD ORDINARY,VYS,6341,527444829,0.00120221,2025-10-08
WA1RESOURCESLTD ORDINARY,WA1,423970,74248129,0.57101776,2025-10-08
WAYPOINT REIT FPO/UNITS STAPLED,WPR,1710706,659363461,0.2594481,2025-10-08
WEB TRAVEL GROUP LTD ORDINARY,WEB,8740402,361340678,2.41888128,2025-10-08
WEBJET GROUP LIMITED ORDINARY,WJL,1153510,392530357,0.29386517,2025-10-08
WEEBIT NANO LTD ORDINARY,WBT,4027811,208797169,1.92905441,2025-10-08
WESFARMERS LIMITED ORDINARY,WES,5334314,1134457212,0.47020848,2025-10-08
WEST AFRICAN RES LTD ORDINARY,WAF,17727976,1141064088,1.55363543,2025-10-08
WESTERN MINES ORDINARY,WMG,178,97188344,0.00018315,2025-10-08
WESTGOLD RESOURCES. ORDINARY,WGX,17467683,944831564,1.84876159,2025-10-08
WESTPAC BANKING CORP ORDINARY,WBC,18909347,3420353305,0.55284777,2025-10-08
WHITEHAVEN COAL ORDINARY,WHC,24989002,832423807,3.00195667,2025-10-08
WHITEHAWK LIMITED ORDINARY,WHK,69610,895245833,0.00777552,2025-10-08
WILDCAT RESOURCES ORDINARY,WC8,2335081,1340028823,0.17425603,2025-10-08
WISETECH GLOBAL LTD ORDINARY,WTC,5836255,336022986,1.73686183,2025-10-08
WOODSIDE ENERGY ORDINARY,WDS,68077572,1901100143,3.58095665,2025-10-08
WOOLWORTHS GROUP LTD ORDINARY,WOW,11088223,1221597320,0.90768233,2025-10-08
WORLEY LIMITED ORDINARY,WOR,2424315,514707970,0.47100786,2025-10-08
XERO LTD ORDINARY,XRO,2154542,165451115,1.30222271,2025-10-08
YANCOAL AUST LTD ORDINARY,YAL,39561013,1320439437,2.99604903,2025-10-08
ZENITH MINERALS LTD ORDINARY,ZNC,131618,530702256,0.02480072,2025-10-08
ZIP CO LTD.. ORDINARY,ZIP,24934599,1290833227,1.93166696,2025-10-08
