Product,Code,ReportedShort,Issued,PctShort,Date
3D ENERGI LTD ORDINARY,TDO,181029,524226804,0.03453257,2026-08-24
4DMEDICAL LIMITED ORDINARY,4DX,74168445,599933300,12.36278183,2026-08-24
6KADDITIVE CDI1:1 USPROHEXCLQIB,6KA,11522,173666843,0.00663454,2026-08-24
29METALSLIMITED ORDINARY,29M,11479233,1750076545,0.65592748,2026-08-24
88 ENERGY LTD ORDINARY,88E,263206,1330952980,0.01977575,2026-08-24
ABACUS GROUP FPO/UNITS STAPLED,ABG,13726308,893657633,1.53596942,2026-08-24
ACCENT GROUP LTD ORDINARY,AX1,4522262,601185674,0.75222385,2026-08-24
ACROW LIMITED ORDINARY,ACF,641241,413316378,0.15514532,2026-08-24
ACUSENSUS LIMITED. ORDINARY,ACE,188903,169397853,0.1115144,2026-08-24
ADAIRS LIMITED ORDINARY,ADH,1001883,178614627,0.56091879,2026-08-24
ADHERIS HEALTH LTD ORDINARY,AHE,7657,637981044,0.00120019,2026-08-24
ADISYN LTD ORDINARY,AI1,971924,1177381234,0.08254964,2026-08-24
ADORE BEAUTY ORDINARY,ABY,515,93957928,0.00054812,2026-08-24
ADVANCE METALS LTD ORDINARY,AVM,325333,485369190,0.06702795,2026-08-24
ADVANCED INNERGY ORDINARY,AIH,1566,422343593,0.00037079,2026-08-24
ADX ENERGY LTD ORDINARY,ADX,9723,1076613398,0.00090311,2026-08-24
AERIS RESOURCES LTD ORDINARY,AIS,30662141,1497084838,2.04812314,2026-08-24
AGL ENERGY LIMITED. ORDINARY,AGL,29654884,672747233,4.40802764,2026-08-24
AIC MINES LTD ORDINARY,A1M,12688,797619821,0.00159073,2026-08-24
AINSWORTH GAME TECH. ORDINARY,AGI,5316,336793929,0.00157841,2026-08-24
AIR NEW ZEALAND ORD FOR. EXEMPT NZX,AIZ,1367053,3233562126,0.042277,2026-08-24
AIRTASKER LIMITED ORDINARY,ART,327,489286084,6.683e-05,2026-08-24
ALCIDION GROUP LTD ORDINARY,ALC,852,1343558756,6.341e-05,2026-08-24
ALCOA CORPORATION CDI 1:1 FOR. EXEMPT,AAI,836331,38432237,2.17611845,2026-08-24
ALGORAE PHARMA ORDINARY,1AI,16823,2027570988,0.00082971,2026-08-24
ALKANE RESOURCES LTD ORDINARY,ALK,11416503,1366204821,0.83563627,2026-08-24
ALLIANCE AVIATION ORDINARY,AQZ,142982,161060848,0.08877514,2026-08-24
ALLIGATOR ENERGY ORDINARY,AGE,37558300,4770367479,0.78732509,2026-08-24
ALMONTYINDUSTRIESINC CDI 1:1,AII,29895,2133325,1.4013336,2026-08-24
ALPHA HPA LTD ORDINARY,A4N,116246555,1451896391,8.0065324,2026-08-24
ALS LTD ORDINARY,ALQ,4200927,507542553,0.82769947,2026-08-24
ALTERITY THERAP LTD ORDINARY,ATH,214036,218500420,0.09795679,2026-08-24
ALURION RESOURCES ORDINARY,ALU,185036,204701236,0.0903932,2026-08-24
AMA GROUP LIMITED ORDINARY,AMA,312059,481267050,0.06484113,2026-08-24
AMAERO INC. CDI 40:1,3DA,3227964,953327200,0.3385998,2026-08-24
AMCOR PLC CDI1:1FOREXEMPT NYSE,AMC,1586538,140289945,1.1308993,2026-08-24
AMERICAN RARE EARTHS ORDINARY,ARR,2528535,582607799,0.43400294,2026-08-24
AMERICANTUNGSTEN ORDINARY,AT4,449190,1823664739,0.02463117,2026-08-24
AML3D ORDINARY,AL3,731876,567445783,0.12897726,2026-08-24
AMOTIV ORDINARY,AOV,5156985,133849962,3.85281021,2026-08-24
AMP LIMITED ORDINARY,AMP,21600573,2432792139,0.88789226,2026-08-24
AMPLIA THERAPEUTICS ORDINARY,ATX,30144,513312014,0.00587245,2026-08-24
AMPLITUDE ENERGY ORDINARY,AEL,1217631,299880831,0.40603829,2026-08-24
AMPOL LIMITED ORDINARY,ALD,4296270,238302099,1.80286704,2026-08-24
ANDEAN SILVER ORDINARY,ASL,421159,212700397,0.19800574,2026-08-24
ANDROMEDA METALS LTD ORDINARY,ADN,62631,4623633361,0.00135458,2026-08-24
ANSELL LIMITED ORDINARY,ANN,3058782,140313831,2.17995758,2026-08-24
ANSON RESOURCES LTD ORDINARY,ASN,5832861,1619523345,0.36015912,2026-08-24
ANTILLES GOLD LTD ORDINARY,AAU,2000,3279093233,6.099e-05,2026-08-24
ANTIPA MINERALS LTD ORDINARY,AZY,839842,669044286,0.12552861,2026-08-24
ANZ GROUP HOLDINGS ORDINARY,ANZ,29613430,3015919897,0.98190373,2026-08-24
APA GROUP UNITS STAPLED,APA,19479894,1323751413,1.47156738,2026-08-24
APPEN LIMITED ORDINARY,APX,1789002,268523648,0.66623629,2026-08-24
ARAFURA RARE EARTHS ORDINARY,ARU,100357696,6072493037,1.65266054,2026-08-24
ARB CORPORATION. ORDINARY,ARB,4681230,83660077,5.59553633,2026-08-24
ARCHER MATERIALS ORDINARY,AXE,599,283785249,0.00021108,2026-08-24
ARCHTIS LIMITED ORDINARY,AR9,277,483786405,5.726e-05,2026-08-24
ARENA REIT. FPO/UNITS STAPLED,ARF,14546554,408296569,3.56274216,2026-08-24
ARGOSY MINERALS LTD ORDINARY,AGY,2806104,1543460934,0.18180596,2026-08-24
ARISTOCRAT LEISURE ORDINARY,ALL,5618936,597035578,0.94113922,2026-08-24
ARN MEDIA LIMITED ORDINARY,A1N,2326041,313050373,0.74302451,2026-08-24
ARTICORE GROUP LTD ORDINARY,ATG,4018,291575014,0.00137803,2026-08-24
ARTRYALIMITED ORDINARY,AYA,2892303,162963615,1.77481519,2026-08-24
ASARA RESOURCES LTD ORDINARY,AS1,102100,2088351479,0.00488902,2026-08-24
ASPEN GROUP FPO/UNITS STAPLED,APZ,1182572,227665433,0.51943415,2026-08-24
ASTRAL RESOURCES NL ORDINARY,AAR,5356939,1801045606,0.29743494,2026-08-24
ASTRON LTD ORDINARY,ATR,648,429946395,0.00015072,2026-08-24
ASX LIMITED ORDINARY,ASX,10862390,195409849,5.55877304,2026-08-24
ATLAS ARTERIA FPOSTUSPROHEXCLQIBQP,ALX,20340507,1453493469,1.39942197,2026-08-24
ATOMIC EAGLE ORDINARY,AEU,1944759,383310581,0.50735855,2026-08-24
AU CLINICAL LABS ORDINARY,ACL,10216146,186518985,5.47726871,2026-08-24
AUB GROUP LTD ORDINARY,AUB,5513252,130640517,4.22017007,2026-08-24
AUCKLAND INTERNATION ORD FOR.EXEMPT NZX,AIA,16979808,1699968803,0.99883057,2026-08-24
AUDINATEGROUPLTD ORDINARY,AD8,1032642,84328558,1.22454602,2026-08-24
AUKING MINING LTD ORDINARY,AKN,945000,2368495557,0.03989874,2026-08-24
AURA CONSOL GROUP CDI 1:1,AXQ,1618098,226419687,0.71464545,2026-08-24
AURA ENERGY ORDINARY,AEE,127116,997441634,0.0127442,2026-08-24
AURELIA METALS LTD ORDINARY,AMI,136623,1693401832,0.00806796,2026-08-24
AURIZON HOLDINGS LTD ORDINARY,AZJ,18281573,1683307283,1.08605085,2026-08-24
AURUMRESOURCES ORDINARY,AUE,3101978,412364533,0.75224171,2026-08-24
AUSGOLD LIMITED ORDINARY,AUC,995951,549693074,0.18118311,2026-08-24
AUSGOV TREASURY BOND TB 1.00% 12-30 6M,GSBW30,100000,466000000,0.02145923,2026-08-24
AUSGOV TREASURY BOND TB 1.50% 06-31 6M,GSBK31,20000,477000000,0.00419287,2026-08-24
AUSGOV TREASURY BOND TB 2.50% 05-30 6M,GSBI30,10000,437000000,0.00228833,2026-08-24
AUSGOV TREASURY BOND TB 2.75% 11-28 6M,GSBU28,100000,460000000,0.02173913,2026-08-24
AUSGOV TREASURY BOND TB 3.00% 11-33 6M,GSBU33,100000,292000000,0.03424658,2026-08-24
AUSGOV TREASURY BOND TB 3.25% 06-39 6M,GSBK39,35160,112000000,0.03139286,2026-08-24
AUSGOV TREASURY BOND TB 3.50% 12-34 6M,GSBW34,43440,292000000,0.01487671,2026-08-24
AUSGOV TREASURY BOND TB 3.75% 04-37 6M,GSBG37,100000,250000000,0.04,2026-08-24
AUSGOV TREASURY BOND TB 3.75% 05-34 6M,GSBI34,840000,250000000,0.336,2026-08-24
AUSGOV TREASURY BOND TB 4.25% 12-35 6M,GSBW35,140000,247000000,0.05668016,2026-08-24
AUSQUEST LIMITED ORDINARY,AQD,8409,1642203992,0.00051206,2026-08-24
AUSSIE BROADBAND ORDINARY,ABB,7942028,315425041,2.51788126,2026-08-24
AUSSTRATMATERIALS ORDINARY,ASM,3184812,279481809,1.13954179,2026-08-24
AUST FINANCE GRP ORDINARY,AFG,1520919,269799803,0.56372132,2026-08-24
AUST VANADIUM LTD ORDINARY,AVL,8000,375629796,0.00212976,2026-08-24
AUSTAL LIMITED ORDINARY,ASB,5138481,422074212,1.21743543,2026-08-24
AUSTIN ENGINEERING ORDINARY,ANG,206325,623110874,0.03311208,2026-08-24
AUSTRAL GOLD ORDINARY,AGD,19900,668103679,0.00297858,2026-08-24
AUSTRALIAN AGRICULT. ORDINARY,AAC,1458256,602766747,0.24192708,2026-08-24
AUSTRALIAN COMM.LOAN 1.00% LN 21-NOV-31,XCLWBH,205000,455000000,0.04505495,2026-08-24
AUSTRALIAN COMM.LOAN 1.50% LN 21-06-31,XCLWBB,569100,477000000,0.11930818,2026-08-24
AUSTRALIAN COMM.LOAN 1.75% LN 21-NOV-32,XCLWBJ,82600,344000000,0.02401163,2026-08-24
AUSTRALIAN COMM.LOAN 2.00% LN 21-AUG-35,XCLWAF,51200,78000000,0.06564103,2026-08-24
AUSTRALIAN COMM.LOAN 2.75% LN 21-NOV-28,XCLWAU,583600,460000000,0.12686957,2026-08-24
AUSTRALIAN COMM.LOAN 2.75% LN 21-NOV-29,XCLWAX,501800,455000000,0.11028571,2026-08-24
AUSTRALIAN COMM.LOAN 4.25% LN 21-DEC-35,XCLWBP,168800,247000000,0.06834008,2026-08-24
AUSTRALIAN COMM.LOAN 4.25% LN 21-OCT-36,XCLWBR,35020,242000000,0.01447107,2026-08-24
AUSTRALIAN COMM.LOAN 4.75% LN 21-OCT-37,XCLWBS,99130,179000000,0.05537989,2026-08-24
AUSTRALIAN ETHICAL ORDINARY,AEF,275493,113830079,0.24202127,2026-08-24
AUSTRALIAN FOUNDAT. ORDINARY,AFI,116075,1227117155,0.00945916,2026-08-24
AUSTRALRESOURCES ORDINARY,AR1,10998187,2654856580,0.41426671,2026-08-24
AVITA MEDICAL CDI 5:1,AVH,122156,81343740,0.15017259,2026-08-24
BABY BUNTING GRP LTD ORDINARY,BBN,811599,136843899,0.5930838,2026-08-24
BALLARDMININGLIMITED ORDINARY,BM1,196735,298294810,0.06595321,2026-08-24
BANK OF QUEENSLAND. ORDINARY,BOQ,23774775,661469455,3.59423626,2026-08-24
BANNERMAN ENERGY LTD ORDINARY,BMN,13998977,207811582,6.73637959,2026-08-24
BAPCOR LIMITED ORDINARY,BAP,62186331,672753078,9.24355949,2026-08-24
BARTONGOLDHOLDINGS ORDINARY,BGD,115703,271001304,0.04269463,2026-08-24
BASS OIL LTD ORDINARY,BAS,109,367005947,2.97e-05,2026-08-24
BCI MINERALS LTD ORDINARY,BCI,564431,2937579809,0.01921415,2026-08-24
BEACH ENERGY LIMITED ORDINARY,BPT,181673382,2281333656,7.96347266,2026-08-24
BEACON LIGHTING GRP ORDINARY,BLX,1661404,229342146,0.72442158,2026-08-24
BEETALOOENERGYAUSLTD ORDINARY,BTL,3490680,1507249336,0.23159274,2026-08-24
BEGA CHEESE LTD ORDINARY,BGA,2370598,305572912,0.77578801,2026-08-24
BELL FINANCIAL GROUP ORDINARY,BFG,3695,320743948,0.00115201,2026-08-24
BELLAVISTARESOURCES ORDINARY,BVR,588440,215974222,0.27245844,2026-08-24
BELLEVUE GOLD LTD ORDINARY,BGL,25860675,1491502384,1.73386749,2026-08-24
BENDIGO AND ADELAIDE ORDINARY,BEN,25346023,579796573,4.37153722,2026-08-24
BENZMINING CDI 1:1,BNZ,197443,291933473,0.06763287,2026-08-24
BETA ARMR ETF ETF UNITS,ARMR,3927,9716356,0.04041639,2026-08-24
BETA DIV ALL GRO ETF ETF UNITS,DHHF,55322,36324812,0.1522981,2026-08-24
BETA GBL SHARES ETF ETF UNITS,BGBL,19452,56345685,0.03452261,2026-08-24
BETA SP500 EQUAL ETF ETF UNITS,QUS,22864,23633962,0.09674214,2026-08-24
BETAGLOBALROYALTIES ETF UNITS,ROYL,875,7727027,0.01132389,2026-08-24
BETASHARESCASHETF ETF UNITS,AAA,242,98660365,0.00024529,2026-08-24
BETASHARESNASDAQ100 ETF UNITS,NDQ,57024,148111487,0.03850073,2026-08-24
BETAURANIUMETF ETF UNITS,URNM,19381,32360311,0.05989127,2026-08-24
BETMAKERS TECH GROUP ORDINARY,BET,1152573,1120282275,0.10288237,2026-08-24
BETR ENTERTAINMENT ORDINARY,BBT,363999,1046306313,0.03478895,2026-08-24
BHP GROUP LIMITED ORDINARY,BHP,63791923,5084182410,1.2547135,2026-08-24
BISALLOY STEEL ORDINARY,BIS,183,48041013,0.00038092,2026-08-24
BKI INVESTMENT LTD ORDINARY,BKI,23090,807134229,0.00286074,2026-08-24
BLACK CAT SYNDICATE ORDINARY,BC8,23640496,728927974,3.24318682,2026-08-24
BLACKBEARMINERALSLTD ORDINARY,BKB,216351,152435043,0.14192996,2026-08-24
BLACKSTONE LTD ORDINARY,BSX,17783,1721659855,0.0010329,2026-08-24
BLOCK INC CDI 1:1 NYSE,XYZ,444201,37945174,1.17063899,2026-08-24
BLS PHARMACEUTICALS ORDINARY,BLS,13655,230304450,0.00592911,2026-08-24
BLUE STAR HELIUM LTD ORDINARY,BNL,768,6152915037,1.248e-05,2026-08-24
BLUESCOPE STEEL LTD ORDINARY,BSL,3010550,438077431,0.68721869,2026-08-24
BMC MINERALS LTD CDI 1:1,BMC,111484,170837456,0.06525735,2026-08-24
BOAB METALS LTD ORDINARY,BML,2683506,578608493,0.46378614,2026-08-24
BOSS ENERGY LTD ORDINARY,BOE,39129121,415175320,9.42472231,2026-08-24
BOTANIX PHARMA LTD ORDINARY,BOT,17027598,2736612800,0.62221437,2026-08-24
BOUGAINVILLE COPPER ORDINARY,BOC,7466,401062500,0.00186156,2026-08-24
BPM MINERALS ORDINARY,BPM,63,132906425,4.74e-05,2026-08-24
BRAINCHIP LTD ORDINARY,BRN,40960940,2275825144,1.79982808,2026-08-24
BRAMBLES LIMITED ORDINARY,BXB,9240858,1335721343,0.69182529,2026-08-24
BRAVURA SOLUTION LTD ORDINARY,BVS,2918424,448299975,0.65099803,2026-08-24
BRAZILIAN RARE EARTH ORDINARY,BRE,592094,276153716,0.2144074,2026-08-24
BREVILLE GROUP LTD ORDINARY,BRG,12038210,144838561,8.31146755,2026-08-24
BRIGHTSTAR RESOURCES ORDINARY,BTR,20319590,1098350097,1.85001031,2026-08-24
BROKENHILLMINESLTD ORDINARY,BHM,1976494,166003493,1.19063398,2026-08-24
BROOKSIDE ENERGY LTD ORDINARY,BRK,18,94600000,1.903e-05,2026-08-24
BURGUNDY D MINES LTD ORDINARY,BDM,8174,1421701987,0.00057494,2026-08-24
BWP GROUP FPO/UNITS STAPLED,BWP,8506179,785137249,1.08340026,2026-08-24
CALIX LIMITED ORDINARY,CXL,661476,215923560,0.3063473,2026-08-24
CANYON RESOURCES LTD ORDINARY,CAY,1067072,2062115055,0.05174648,2026-08-24
CAPRAL LIMITED ORDINARY,CAA,27,15842564,0.00017043,2026-08-24
CAPRICE RESOURCES ORDINARY,CRS,83645,871443814,0.00959844,2026-08-24
CAPRICORN METALS ORDINARY,CMM,2854023,456889961,0.6246631,2026-08-24
CAPSTONECORP CDI1:1FOREXEMPT TSX,CSC,1202960,213298696,0.56397907,2026-08-24
CAR GROUP LIMITED ORDINARY,CAR,45752134,378865920,12.07607536,2026-08-24
CARAVEL MINERALS LTD ORDINARY,CVV,572,558762558,0.00010237,2026-08-24
CARINDALE PROPERTY ORDINARY UNITS,CDP,91,82737213,0.00010999,2026-08-24
CARMA LTD ORDINARY,CMA,332474,137417255,0.24194487,2026-08-24
CARNARVON ENERGY LTD ORDINARY,CVN,1638786,1789086882,0.09159902,2026-08-24
CARNEGIE CLN ENERGY ORDINARY,CCE,13603,427303111,0.00318345,2026-08-24
CASH CONVERTERS ORDINARY,CCV,113734,711522934,0.01598459,2026-08-24
CATALYST METALS ORDINARY,CYL,11909129,263669017,4.5166964,2026-08-24
CATAPULT SPORTS LTD ORDINARY,CAT,21528112,315975531,6.81322124,2026-08-24
CAULDRON ENERGY LTD ORDINARY,CXU,44930084,2036977030,2.20572365,2026-08-24
CEDAR WOODS PROP. ORDINARY,CWP,55353,85075752,0.06506319,2026-08-24
CENTAURUS METALS LTD ORDINARY,CTM,2,567151642,3.5e-07,2026-08-24
CENTURIA CAPITAL STAPUSINVPROHEXCLQPS,CNI,2022278,1001393894,0.20194631,2026-08-24
CENTURIA I REIT ORDINARY UNITS,CIP,17755510,624388071,2.84366579,2026-08-24
CENTURIA OFFICE REIT ORDINARY UNITS,COF,7100847,597336931,1.18875071,2026-08-24
CERYVYNTHERAPEUTICS ORDINARY,CYV,4214938,1367978173,0.30811442,2026-08-24
CETTIRE ORDINARY,CTT,1630125,381238220,0.42758698,2026-08-24
CHALICE MINING LTD ORDINARY,CHN,12457500,390162539,3.19290007,2026-08-24
CHALLENGER GOLD LTD ORDINARY,CEL,177881,170247940,0.1044835,2026-08-24
CHALLENGER LIMITED ORDINARY,CGF,1134958,681584902,0.16651748,2026-08-24
CHAMPION IRON LTD ORDINARY,CIA,34276326,560046922,6.12025969,2026-08-24
CHARTER HALL GROUP STAPLED US PROHIBIT.,CHC,3074667,472997199,0.65003916,2026-08-24
CHARTER HALL RETAIL ORDINARY UNITS,CQR,4672822,581229609,0.80395457,2026-08-24
CHARTER HALL SOC IN ORDINARY UNITS,CQE,1958912,371108757,0.52785389,2026-08-24
CHILWAMINERALS ORDINARY,CHW,3322,98006092,0.00338959,2026-08-24
CHORUS LIMITED ORD FOR.EXEMPT NZX,CNU,6018842,433887294,1.3871902,2026-08-24
CHRYSOSCORPLTD ORDINARY,C79,662820,116511297,0.56888904,2026-08-24
CHTR H LWR UNITS STAPLED,CLW,8017730,722356282,1.1099412,2026-08-24
CIVMEC LIMITED ORDINARY,CVL,187035,509625000,0.03670052,2026-08-24
CLARITY PHARMA ORDINARY,CU6,30783919,373081230,8.25126448,2026-08-24
CLEAN TEQ WATER ORDINARY,CNQ,333212,88840285,0.37506859,2026-08-24
CLEANAWAY WASTE LTD ORDINARY,CWY,41245178,2241209765,1.84030869,2026-08-24
CLEARVUE TECHNOLOGIE ORDINARY,CPV,173304,364005606,0.04761026,2026-08-24
CLEO DIAGNOSTICS ORDINARY,COV,6300,137112085,0.00459478,2026-08-24
CLINUVEL PHARMACEUT. ORDINARY,CUV,4189833,50427898,8.30856166,2026-08-24
CLOVER CORPORATION ORDINARY,CLV,2544,166999341,0.00152336,2026-08-24
COAST ENTERTAINMENT ORDINARY,CEH,2972340,388561874,0.76495925,2026-08-24
COBALT BLUE LTD ORDINARY,COB,23971,587464817,0.00408041,2026-08-24
COBRAM ESTATE OLIVES ORDINARY,CBO,11500538,478791191,2.40199448,2026-08-24
COBRE ORDINARY,CBE,121697,1221197234,0.00996538,2026-08-24
COCHLEAR LIMITED ORDINARY,COH,6007580,65398917,9.18605426,2026-08-24
CODAN LIMITED ORDINARY,CDA,278492,181875320,0.15312248,2026-08-24
COGSTATE LTD ORDINARY,CGS,58594,169919352,0.03448342,2026-08-24
COLES GROUP ORDINARY,COL,13566719,1343143461,1.01007222,2026-08-24
COLLINS FOODS LTD ORDINARY,CKF,2022921,118440689,1.70796119,2026-08-24
COMET RIDGE LIMITED ORDINARY,COI,1449186,1679009030,0.08631198,2026-08-24
COMMONWEALTH BANK. ORDINARY,CBA,34834321,1673462358,2.08157183,2026-08-24
COMPUTERSHARE LTD ORDINARY,CPU,3037664,578387070,0.5251957,2026-08-24
CONRADASIAENERGYLTD CDI 1:1,CRD,99355,194554741,0.05106789,2026-08-24
CONSOLIDATED OPS GP ORDINARY,COG,712,213273052,0.00033384,2026-08-24
CONTACT ENERGY LTD ORD FOR. EXEMPT NZX,CEN,483722,537690834,0.08996285,2026-08-24
CORE LITHIUM ORDINARY,CXO,6949748,3236801664,0.21471034,2026-08-24
CORONADO GLOBAL RES CDI 10:1,CRN,9327407,1676453730,0.55637724,2026-08-24
CORP TRAVEL LIMITED ORDINARY,CTD,7826125,146325746,5.34842652,2026-08-24
COSMOSEXPLORATION ORDINARY,C1X,888623,241933188,0.36730099,2026-08-24
COUNT LIMITED ORDINARY,CUP,74,212283393,3.486e-05,2026-08-24
CREDIT CORP GROUP ORDINARY,CCP,1319243,68066856,1.93815768,2026-08-24
CRITICALTD ORDINARY,CRI,165137,3030806096,0.00544862,2026-08-24
CROMWELL PROP FPO/UNITS STAPLED,CMW,6243855,2618866699,0.23841821,2026-08-24
CSL LIMITED ORDINARY,CSL,7431003,478911979,1.55164275,2026-08-24
CUFE LTD ORDINARY,CUF,200074,2073609065,0.00964859,2026-08-24
CUSCAL LIMITED ORDINARY,CCL,164110,199812619,0.08213195,2026-08-24
CYGNUS METALS LTD ORDINARY,CY5,53828,1227592052,0.00438484,2026-08-24
DALRYMPLE BAY FPO/NOTES STAPLED,DBI,661110,495761667,0.13335238,2026-08-24
DATA#3 LIMITED ORDINARY,DTL,4067141,155077841,2.62264484,2026-08-24
DATELINE RESOURCES ORDINARY,DTR,74640879,4014335381,1.85935832,2026-08-24
DECIDR AI INDUSTRIES ORDINARY,DAI,1317,352484488,0.00037363,2026-08-24
DEEP YELLOW LIMITED ORDINARY,DYL,91367333,974202291,9.3786818,2026-08-24
DETERRA ORDINARY,DRR,8230601,529506075,1.55439218,2026-08-24
DEVELOP GLOBAL LTD ORDINARY,DVP,22437006,329985475,6.799392,2026-08-24
DEVEX RESOURCES LTD ORDINARY,DEV,1968752,710330423,0.27716003,2026-08-24
DEXUS CONV RET REIT UNITS STAPLED,DXC,2124,135674399,0.00156551,2026-08-24
DEXUS INDUSTRIA REIT FPO/UNITS STAPLED,DXI,7300284,312485852,2.33619665,2026-08-24
DEXUS UNITS STAPLED,DXS,30384532,1072589964,2.83281897,2026-08-24
DFA AUST CORE EQUITY ETF UNITS,DACE,16188,368822152,0.00438911,2026-08-24
DFA AUSTRALIAN VALUE ETF UNITS,DAVA,1370,47853203,0.00286292,2026-08-24
DGL GROUP LIMITED ORDINARY,DGL,871,285225261,0.00030537,2026-08-24
DICKER DATA LIMITED ORDINARY,DDR,897938,181381087,0.49505603,2026-08-24
DIGICO INFRASTR REIT FPO/UNITS STAPLED,DGT,34796779,558315857,6.23245401,2026-08-24
DIMERIX LTD ORDINARY,DXB,26405,600396776,0.00439793,2026-08-24
DOMINO PIZZA ENTERPR ORDINARY,DMP,11678481,94746866,12.32598132,2026-08-24
DOWNER EDI LIMITED ORDINARY,DOW,1765836,659010687,0.26795256,2026-08-24
DPMMETALSINC CDI1:1FOREXEMPT TSX,DPM,4460,14936131,0.02986048,2026-08-24
DREDNOUGHT RESOURCES ORDINARY,DRE,1696013,5725200000,0.02962365,2026-08-24
DRONESHIELD LIMITED ORDINARY,DRO,137635003,924090778,14.89409983,2026-08-24
DUBBER CORP LTD ORDINARY,DUB,1506,2711777542,5.554e-05,2026-08-24
DUG TECH ORDINARY,DUG,59121,135558908,0.04361277,2026-08-24
DXN LIMITED ORDINARY,DXN,1,368750868,2.7e-07,2026-08-24
DYNO NOBEL LTD ORDINARY,DNL,16038732,1751565465,0.91567985,2026-08-24
EAGERS AUTOMOTIVE ORDINARY,APE,7282031,282362838,2.57896225,2026-08-24
EASTERN RESOURCES ORDINARY,EFE,1,129660135,7.7e-07,2026-08-24
EBOS GROUP LTD ORDINARY,EBO,1533741,206979840,0.74100985,2026-08-24
EBR SYSTEMS CDI10:1USPROHEXCLQIB,EBR,2562956,753305590,0.34022793,2026-08-24
ECHOIQ LTD ORDINARY,EIQ,2578400,740724779,0.3480915,2026-08-24
ECOGRAF LIMITED ORDINARY,EGR,1246,461551214,0.00026996,2026-08-24
EDEN INV LTD ORDINARY,EDE,29957,631879696,0.00474093,2026-08-24
EDU HOLDINGS LIMITED ORDINARY,EDU,846,125616053,0.00067348,2026-08-24
ELDERS LIMITED ORDINARY,ELD,22776893,215398820,10.57428866,2026-08-24
ELECTRO OPTIC SYS. ORDINARY,EOS,19464917,221702162,8.77975967,2026-08-24
ELEVATE URANIUM LTD ORDINARY,EL8,871985,470669781,0.18526471,2026-08-24
ELEVRA LITHIUM LTD ORDINARY,ELV,6953148,194016029,3.5838008,2026-08-24
ELSIGHT LTD ORDINARY,ELS,1670494,222386462,0.75116713,2026-08-24
EMBARK EARLY ED ORDINARY,EVO,364062,203661284,0.17875857,2026-08-24
EMECO HOLDINGS ORDINARY,EHL,153672,518374757,0.02964496,2026-08-24
EMERALD RES NL ORDINARY,EMR,16157208,662617822,2.43839019,2026-08-24
EML PAYMENTS LTD ORDINARY,EML,12408746,389474299,3.18602435,2026-08-24
EMPEROR ENERGY LTD ORDINARY,EMP,62,1011268585,6.13e-06,2026-08-24
EMYRIA LIMITED ORDINARY,EMD,6369,806561029,0.00078965,2026-08-24
ENDEAVOUR ORDINARY,EDV,151059555,1795725673,8.41217327,2026-08-24
ENERGY ONE LIMITED ORDINARY,EOL,15177,31747135,0.04780589,2026-08-24
ENERGY TRANSITION ORDINARY,ETM,2969826,2200500556,0.13496138,2026-08-24
ENLITIC INC. CDI 1:1 USPROHIBITED,ENL,722892,7083178628,0.01020576,2026-08-24
ENTROPY NEURODYNAMIC ORDINARY,ENP,6,1632593749,3.7e-07,2026-08-24
ENVIRONMENTAL GROUP ORDINARY,EGL,717,380497795,0.00018844,2026-08-24
EQ RESOURCES LIMITED ORDINARY,EQR,14824331,5159120237,0.28734223,2026-08-24
EQUITY HL ORDINARY,EQT,6884,26793110,0.02569317,2026-08-24
EROAD LIMITED ORD FOR.EXEMPT NZX,ERD,171258,189050650,0.09058842,2026-08-24
ESTRELLA RES LTD ORDINARY,ESR,264550,2232536962,0.01184975,2026-08-24
EUREKA GROUP LTD ORDINARY,EGH,242145,428905970,0.05645643,2026-08-24
EUROPEAN LITHIUM LTD ORDINARY,EUR,957857,1726424635,0.05548212,2026-08-24
EVOLUTION MINING LTD ORDINARY,EVN,85400609,2041823440,4.18256581,2026-08-24
EVT LIMITED ORDINARY,EVT,5703155,162522422,3.50914965,2026-08-24
FALCONMETALSLTD ORDINARY,FAL,1118895,213790037,0.52336162,2026-08-24
FATFISH GROUP ORDINARY,FFG,48964,1553573019,0.0031517,2026-08-24
FDC CONSOL HOLDINGS ORDINARY,FDC,437,322968034,0.00013531,2026-08-24
FELIX GOLD LIMITED ORDINARY,FXG,2320688,516347203,0.44944332,2026-08-24
FENIX RESOURCES LTD ORDINARY,FEX,4278117,770684831,0.5551059,2026-08-24
FIDUCIAN GROUP LTD ORDINARY FULLY PAID,FID,162,31567623,0.00051318,2026-08-24
FINDER ORDINARY,FDR,293841,554250497,0.05301592,2026-08-24
FINDI LIMITED ORDINARY,FND,24806,99969113,0.02481366,2026-08-24
FINEOS CORP HOLD PLC CDI 1:1,FCL,1762161,345041565,0.51070977,2026-08-24
FIREFLY METALS LTD ORDINARY,FFM,40696152,768785998,5.29356051,2026-08-24
FISHER & PAYKEL H. ORD FOR. EXEMPT NZX,FPH,840880,587302790,0.14317657,2026-08-24
FLEETPARTNERS GROUP ORDINARY,FPR,244329,213631949,0.11436913,2026-08-24
FLEETWOOD LTD ORDINARY,FWD,110692,90081099,0.12288038,2026-08-24
FLETCHER BUILDING ORD FOR. EXEMPT NZX,FBU,29865349,1075561767,2.77672096,2026-08-24
FLIGHT CENTRE TRAVEL ORDINARY,FLT,22169300,204786329,10.82557615,2026-08-24
FOCUS MINERALS LTD ORDINARY,FML,1390,286558645,0.00048507,2026-08-24
FORRESTANIARESOURCES ORDINARY,FRS,8681610,1629724221,0.53270424,2026-08-24
FORTESCUE LTD ORDINARY,FMG,94789954,3078964918,3.07863053,2026-08-24
FORTIFAI LTD ORDINARY,FTI,2721078,344503550,0.78985485,2026-08-24
FRONTIER DIGITAL LTD ORDINARY,FDV,73646,435847240,0.0168972,2026-08-24
FRONTIER ENERGY LTD ORDINARY,FHE,180330,1112572215,0.01620839,2026-08-24
FUTURE GEN AUST ORDINARY,FGX,505,411867618,0.00012261,2026-08-24
G8 EDUCATION LIMITED ORDINARY,GEM,39165463,771558755,5.07614783,2026-08-24
G50CORP LTD ORDINARY,G50,24119,249215770,0.00967796,2026-08-24
GALAN LITHIUM LTD ORDINARY,GLN,1501951,1267536631,0.1184937,2026-08-24
GATEWAY MINING ORDINARY,GML,236279,2322814859,0.0101721,2026-08-24
GBLX FANG+ ETF UNITS,FANG,45823,47026855,0.09744007,2026-08-24
GCMCORPORATION LTD ORDINARY,GCM,1,193175109,5.2e-07,2026-08-24
GCQ GLOBAL EQUITY ETF UNITS,GCQF,425,62473985,0.00068028,2026-08-24
GDI PROPERTY GRP FPO/UNITS STAPLED,GDI,1775730,539822485,0.32894702,2026-08-24
GEMLIFE COMMUNITIES FPO/UNITS STAPLED,GLF,1679863,380288462,0.44173389,2026-08-24
GENERATION DEV GROUP ORDINARY,GDG,14347995,399917513,3.5877386,2026-08-24
GENESIS MINERALS ORDINARY,GMD,110393422,1173540674,9.40686799,2026-08-24
GENTRACK GROUP LTD ORD FOR.EXEMPT NZX,GTK,3128071,112458975,2.78152188,2026-08-24
GENUSPLUS GROUP LTD ORDINARY,GNP,159289,203317612,0.07834491,2026-08-24
GEOPACIFIC RESOURCES ORDINARY,GPR,1,3227261998,3e-08,2026-08-24
GLOBALLITH ORDINARY,GL1,140460,277494839,0.05061716,2026-08-24
GOLDARC RESOURCES ORDINARY,GA8,1,701609931,1.4e-07,2026-08-24
GOODMAN GROUP FPO/UNITS STAPLED,GMG,30821212,2044793036,1.50730228,2026-08-24
GORILLA GOLD MINES ORDINARY,GG8,1148935,732653065,0.15681843,2026-08-24
GPT GROUP FPO/UNITS STAPLED,GPT,10828830,1915577430,0.5653037,2026-08-24
GQG PARTNERS CDI1:1 USPROHEXCLQIB,GQG,31266006,2958013942,1.05699319,2026-08-24
GR ENGINEERING LTD ORDINARY,GNG,759,170288366,0.00044571,2026-08-24
GRAINCORP LIMITED A CLASS ORDINARY,GNC,9174712,222323646,4.12673693,2026-08-24
GRANGE RESOURCES. ORDINARY,GRR,10317,1157338698,0.00089144,2026-08-24
GRATIFII ORDINARY,GTI,1750,689991565,0.00025363,2026-08-24
GREATBOULD RESOURCES ORDINARY,GBR,5347415,1971131864,0.27128652,2026-08-24
GREATLAND RESOURCES ORDINARY,GGP,12651260,674667361,1.87518483,2026-08-24
GREENTECHMETALS ORDINARY,GRE,129,374502954,3.445e-05,2026-08-24
GROWTHPOINT PROPERTY FPO/UNITS STAPLED,GOZ,2496755,754608746,0.33086749,2026-08-24
GUZMAN Y GOMEZ LTD ORDINARY,GYG,7400648,99590853,7.43105193,2026-08-24
GWA GROUP LTD ORDINARY,GWA,1984831,254383529,0.78025138,2026-08-24
HANSEN TECHNOLOGIES ORDINARY,HSN,3988789,204525901,1.95026106,2026-08-24
HARVEY NORMAN ORDINARY,HVN,26248706,1246006654,2.10662647,2026-08-24
HASTINGS TECH MET ORDINARY,HAS,505924,230453227,0.21953435,2026-08-24
HAZER GROUP LIMITED ORDINARY,HZR,10334,267847838,0.00385816,2026-08-24
HEALIUS ORDINARY,HLS,63766346,726155821,8.78135851,2026-08-24
HELIA GROUP LIMITED ORDINARY,HLI,8538683,274196129,3.11407861,2026-08-24
HELLOWORLD TRAVL LTD ORDINARY,HLO,13085,163680166,0.00799425,2026-08-24
HIGHCOM LTD ORDINARY,HCL,3,141655172,2.12e-06,2026-08-24
HILLGROVE RES LTD DEFERRED SETTLEMENT,HGODB,198105,235951828,0.08395993,2026-08-24
HILLGROVE RES LTD ORDINARY,HGO,20676,3539277407,0.00058419,2026-08-24
HIPAGES GROUP ORDINARY,HPG,17964,136565886,0.01315409,2026-08-24
HLTHCOHCWELLNSREIT ORDINARY UNITS,HCW,2737811,550175919,0.49762465,2026-08-24
HMC CAPITAL LIMITED ORDINARY,HMC,23491668,412615731,5.69335249,2026-08-24
HOMECO DAILY NEEDS ORDINARY UNITS,HDN,23760104,2092224707,1.13563825,2026-08-24
HORIZON GOLD LTD ORDINARY,HRN,69,194792509,3.542e-05,2026-08-24
HORIZON OIL LIMITED ORDINARY,HZN,21272,1774478592,0.00119877,2026-08-24
HOT CHILI LTD ORDINARY,HCH,598278,202901656,0.29486107,2026-08-24
HUB24 LTD ORDINARY,HUB,1026125,81773777,1.25483381,2026-08-24
HUMM GROUP LIMITED ORDINARY,HUM,5875163,504914454,1.16359572,2026-08-24
IDP EDUCATION LTD ORDINARY,IEL,12761151,278336211,4.58479727,2026-08-24
IGO LIMITED ORDINARY,IGO,5767501,757267813,0.76161972,2026-08-24
ILUKA RESOURCES ORDINARY,ILU,28650167,431194999,6.6443644,2026-08-24
IMDEX LIMITED ORDINARY,IMD,5605433,520282860,1.07738183,2026-08-24
IMEXHS LIMITED ORDINARY,IME,1,54395712,1.84e-06,2026-08-24
IMMUTEP LTD ORDINARY,IMM,34218469,1473721306,2.32190909,2026-08-24
IMRICOR MED SYS CDI1:1 USPROHEXCLQIB,IMR,424139,358542497,0.11829532,2026-08-24
IMUGENE LIMITED ORDINARY,IMU,1914882,489719835,0.39101581,2026-08-24
INFRATIL LIMITED. ORD FOR.EXEMPT NZX,IFT,8426809,1002103685,0.84091189,2026-08-24
INGENIA GROUP FPO/UNITS STAPLED,INA,11194232,407583264,2.74648961,2026-08-24
INGHAMS GROUP ORDINARY,ING,22218521,371679601,5.97786936,2026-08-24
INOVIQ LTD ORDINARY,IIQ,27,140775458,1.918e-05,2026-08-24
INSURANCE AUSTRALIA ORDINARY,IAG,22672998,2337952897,0.96977993,2026-08-24
INTEGRAL DIAGNOSTICS ORDINARY,IDX,7456134,373066537,1.99860702,2026-08-24
INTEGRATED RESEARCH ORDINARY,IRI,336,180591803,0.00018605,2026-08-24
INTELLIGENT MONITOR ORDINARY,IMB,88703,411817621,0.02153939,2026-08-24
INVESTIGATOR SILVER ORDINARY,IVR,2610939,2622857752,0.09954558,2026-08-24
INVICTUS ENERGY LTD ORDINARY,IVZ,722295,1786337385,0.04043441,2026-08-24
IONEER LTD ORDINARY,INR,19442013,3087644348,0.62967139,2026-08-24
IONIC RARE EARTHS ORDINARY,IXR,153622,255773229,0.0600618,2026-08-24
IPD GROUP ORDINARY,IPG,601,103980121,0.000578,2026-08-24
IPERIONX LIMITED ORDINARY,IPX,35772306,362240163,9.87530088,2026-08-24
IPH LIMITED ORDINARY,IPH,23367760,256293158,9.11759026,2026-08-24
IRESS LIMITED ORDINARY,IRE,5486950,186789474,2.93750493,2026-08-24
ISHARES S&P 500 ETF ETF UNITS,IVV,38784,201350117,0.01926197,2026-08-24
ISHARES S&P/ASX 200. ETF UNITS,IOZ,301231,258269479,0.11663438,2026-08-24
ISHS GLOBAL 100 ETF ETF UNITS,IOO,10645,29489772,0.03609726,2026-08-24
ISLAND PHARMA ORDINARY,ILA,4,296096682,1.35e-06,2026-08-24
IVEGROUP ORDINARY,IGL,306744,152435244,0.20122905,2026-08-24
JADE GAS HOLDINGS ORDINARY,JGH,6227035,2217510355,0.28081199,2026-08-24
JAMES HARDIE INDUST CHESS DEPOSITARY INT,JHX,11092373,299190755,3.70745847,2026-08-24
JANUSELECTRICHOLDING ORDINARY,JNS,2,160922653,1.24e-06,2026-08-24
JB HI-FI LIMITED ORDINARY,JBH,5127693,109333981,4.68993533,2026-08-24
JUDO CAP HOLDINGS ORDINARY,JDO,28550550,1122353625,2.54381056,2026-08-24
JUMBO INTERACTIVE ORDINARY,JIN,4172295,63351538,6.58594113,2026-08-24
JUPITER MINES. ORDINARY,JMS,469047,1965850551,0.02385975,2026-08-24
KAROON ENERGY LTD ORDINARY,KAR,28649119,698172531,4.10344402,2026-08-24
KELLY PARTNERS GROUP ORDINARY,KPG,10102,45274957,0.02231256,2026-08-24
KELSIAN GROUP LTD ORDINARY,KLS,5436295,271656692,2.00116366,2026-08-24
KINA SECURITIES LTD ORDINARY,KSL,41744,294332296,0.01418261,2026-08-24
KINATICO LTD ORDINARY,KYP,133022,436629484,0.03046565,2026-08-24
KINGSGATE CONSOLID. ORDINARY,KCN,2947337,266048161,1.10782085,2026-08-24
KMD BRANDS LIMITED ORD FOR.EXEMPT NZX,KMD,50907,71976827,0.07072693,2026-08-24
KOGAN.COM LTD ORDINARY,KGN,905622,94794645,0.95535143,2026-08-24
KOONENBERRYGOLD ORDINARY,KNB,1490577,1232762466,0.12091356,2026-08-24
KTEK AEROSYSTEMS LTD ORDINARY,KTK,276157,62500000,0.4418512,2026-08-24
KYRON CAPITAL GROUP FPO/UNITS STAPLED,KYN,21082,131921481,0.01598072,2026-08-24
L1 GROUP LTD ORDINARY,L1G,21756229,2566551484,0.84768333,2026-08-24
LAC GOLD LTD ORDINARY,LAC,3188,214906395,0.00148344,2026-08-24
LACHLAN STAR LTD ORDINARY,LSA,1,371556528,2.7e-07,2026-08-24
LAKE RESOURCES ORDINARY,LKE,8516887,2415170102,0.35264129,2026-08-24
LARVOTTORESOURCES ORDINARY,LRV,898943,519375876,0.17308139,2026-08-24
LDRCAPITALPROPFUND UNITS STAPLED,LED,1157,407002325,0.00028427,2026-08-24
LENDLEASE GROUP FPO/UNITS STAPLED,LLC,50621355,690891185,7.32696495,2026-08-24
LIFE360 INC. CDI 3:1 FOR. EXEMPT,360,3211382,175935231,1.82532059,2026-08-24
LIFESTYLE COMMUNIT. ORDINARY,LIC,8287925,121740054,6.80788675,2026-08-24
LIGHT & WONDER INC. CDI 1:1,LNW,432620,77049181,0.56148553,2026-08-24
LINDIAN RESOURCES ORDINARY,LIN,16072998,1849396405,0.86909426,2026-08-24
LINDSAY AUSTRALIA ORDINARY,LAU,935233,366251559,0.25535263,2026-08-24
LINQMINERALSLIMITED ORDINARY,LNQ,16383,92334566,0.01774308,2026-08-24
LIONTOWN LIMITED ORDINARY,LTR,113236744,3179110946,3.56189972,2026-08-24
LISENERGYLIMITED ORDINARY,LIS,1,640200230,1.6e-07,2026-08-24
LITCHFIELD MINERALS ORDINARY,LMS,2250,65541059,0.00343296,2026-08-24
LOCKSLEYRESOURCES ORDINARY,LKY,1237996,375725799,0.32949454,2026-08-24
LOTUS RESOURCES LTD ORDINARY,LOT,74257875,546784472,13.58083099,2026-08-24
LOVISA HOLDINGS LTD ORDINARY,LOV,3480047,110738494,3.14258112,2026-08-24
LTR PHARMA LIMITED ORDINARY,LTP,172334,181777585,0.09480487,2026-08-24
LUMOS DIAGNOSTICS ORDINARY,LDX,23448,944820364,0.00248174,2026-08-24
LYCOPODIUM LIMITED ORDINARY,LYL,31,39740226,7.801e-05,2026-08-24
LYNAS RARE EARTHS ORDINARY,LYC,103079939,1006502578,10.24139841,2026-08-24
MA FINANCIAL GROUP ORDINARY,MAF,4242804,197272019,2.15073786,2026-08-24
MAAS GROUP HOLDINGS ORDINARY,MGH,1713041,361333272,0.47408892,2026-08-24
MACH7 TECH LIMITED ORDINARY,M7T,463,235009713,0.00019701,2026-08-24
MACMAHON HOLDINGS ORDINARY,MAH,1430150,2154985818,0.06636471,2026-08-24
MACQUARIE GROUP LTD ORDINARY,MQG,1446588,383631025,0.37707795,2026-08-24
MACQUARIE TECHNOLOGY ORDINARY,MAQ,499505,25773732,1.93803909,2026-08-24
MADER GROUP LIMITED ORDINARY,MAD,501274,203461728,0.24637262,2026-08-24
MAGELLAN FIN GRP LTD ORDINARY,MFG,9766969,292607897,3.33790342,2026-08-24
MAGONTEC LIMITED ORDINARY,MGL,200,57934806,0.00034522,2026-08-24
MANUKA RESOURCES. ORDINARY,MKR,1000524,1586817694,0.06305223,2026-08-24
MARITANA MINERALS ORDINARY,MRT,1645852,372472265,0.44187236,2026-08-24
MARMOTA LIMITED ORDINARY,MEU,7351,1295416901,0.00056746,2026-08-24
MASTERMYNE GROUP ORDINARY,MYE,1030,308775979,0.00033358,2026-08-24
MAYNE PHARMA LTD ORDINARY,MYX,1841670,81245827,2.26678719,2026-08-24
MCMILLAN SHAKESPEARE ORDINARY,MMS,1871533,69643024,2.687323,2026-08-24
MEDALLION METALS. ORDINARY,MM8,1814488,803262354,0.22588983,2026-08-24
MEDIBANK PRIVATE LTD ORDINARY,MPL,80303374,2754003240,2.91587798,2026-08-24
MEDICAL DEVELOPMENTS ORDINARY,MVP,152,112658324,0.00013492,2026-08-24
MEEKA METALS LIMITED ORDINARY,MEK,72422232,3101943073,2.33473762,2026-08-24
MEGAPORT LIMITED ORDINARY,MP1,5898610,236064831,2.4987246,2026-08-24
MERCURY NZ LIMITED ORD FOR.EXEMPT NZX,MCY,38,1425040949,2.67e-06,2026-08-24
MERIDIAN ENERGY ORD FOR. EXEMPT NZX,MEZ,1519663,1317244183,0.11536684,2026-08-24
MESOBLAST LIMITED ORDINARY,MSB,95619600,1298748110,7.36244382,2026-08-24
METAL POWDWORKS LTD ORDINARY,MPW,1305328,121354750,1.07562992,2026-08-24
METALLIUM LTD ORDINARY,MTM,656768,752187269,0.08731443,2026-08-24
METALS X LIMITED ORDINARY,MLX,8600258,886391538,0.97025498,2026-08-24
METALSTECH LTD ORDINARY,MTC,531,277561058,0.00019131,2026-08-24
METCASH LIMITED ORDINARY,MTS,39886290,1099726157,3.62692928,2026-08-24
METEORIC RES LTD ORDINARY,MEI,10244867,2906618799,0.35246683,2026-08-24
METGASCO LTD ORDINARY,MEL,102454,36742276,0.278845,2026-08-24
METRICS MASTER ORDINARY UNITS,MXT,309356,1226188544,0.02522907,2026-08-24
METRO MINING LTD ORDINARY,MMI,1531435,308168437,0.49694739,2026-08-24
MFF CAPITAL INV LTD ORDINARY,MFF,169929,593079660,0.02865197,2026-08-24
MGX RESOURCES LTD ORDINARY,MGX,275217,1180428735,0.023315,2026-08-24
MINERAL RESOURCES. ORDINARY,MIN,8353469,198537253,4.20750709,2026-08-24
MINERALS EXPLORATION ORDINARY,MEX,102,191958501,5.314e-05,2026-08-24
MINERALS260LIMITED ORDINARY,MI6,118650826,2270603587,5.22551918,2026-08-24
MIRVAC GROUP FPO/UNITS STAPLED,MGR,47873050,3945860217,1.21324749,2026-08-24
MITHRIL SILVER GOLD ORDINARY,MTH,537036,187487758,0.2864379,2026-08-24
MLGOZLTD ORDINARY,MLG,262,160337151,0.00016341,2026-08-24
MONADELPHOUS GROUP ORDINARY,MND,222256,100522616,0.22110049,2026-08-24
MONASH IVF GROUP LTD ORDINARY,MVF,6806756,389634840,1.74695774,2026-08-24
MONEYME LIMITED ORDINARY,MME,2476,812930250,0.00030458,2026-08-24
MOTORCYCLE HLDG ORDINARY,MTO,126,73862998,0.00017059,2026-08-24
MYER HOLDINGS LTD ORDINARY,MYR,73383913,1730746199,4.24001584,2026-08-24
MYSTATE LIMITED ORDINARY,MYS,741799,170418992,0.43527954,2026-08-24
NANOSONICS LIMITED ORDINARY,NAN,19039775,298910874,6.36971641,2026-08-24
NATIONAL AUST. BANK ORDINARY,NAB,39832586,3117375038,1.27776047,2026-08-24
NAVIGATOR GLOBAL LTD FPO USPROHEXCQPS,NGI,461795,610198206,0.07567951,2026-08-24
NEOMETALS LTD ORDINARY,NMT,473,875897398,5.4e-05,2026-08-24
NETWEALTH GROUP ORDINARY,NWL,1442930,245396703,0.58799893,2026-08-24
NEUREN PHARMACEUT. ORDINARY,NEU,5354132,126773976,4.22336837,2026-08-24
NEW HOPE CORPORATION ORDINARY,NHC,41332941,843773054,4.89858509,2026-08-24
NEW MURCHISON GOLD ORDINARY,NMG,41698,10875204844,0.00038342,2026-08-24
NEWMONT CORPORATION CDI1:1FOREXEMPT NYSE,NEM,2072618,76964799,2.69294278,2026-08-24
NEWS CORP.. B VOTING CDI 1:1,NWS,665375,37613196,1.76899352,2026-08-24
NEXGENENERGYCANADA CDI1:1 FOREXEMPT TSX,NXG,3190775,137672038,2.31766381,2026-08-24
NEXTDC LIMITED ORDINARY,NXT,58146146,759554497,7.65529613,2026-08-24
NGXLIMITED ORDINARY,NGX,2,90611840,2.21e-06,2026-08-24
NIB HOLDINGS LIMITED ORDINARY,NHF,13443781,488912791,2.74972986,2026-08-24
NICK SCALI LIMITED ORDINARY,NCK,4827933,85530699,5.64467853,2026-08-24
NICKEL INDUSTRIES ORDINARY,NIC,29076152,4341935875,0.66965872,2026-08-24
NINE ENTERTAINMENT ORDINARY,NEC,40310524,1585762123,2.54202843,2026-08-24
NORTHERN MIN LTD ORDINARY,NTU,28170924,9544154113,0.29516418,2026-08-24
NORTHERN STAR ORDINARY,NST,20387941,1424805062,1.43092845,2026-08-24
NOVA MINERALS CDI 12:1,NVA,271058,220808952,0.1227568,2026-08-24
NOVO RESOURCES CORP CDI 1:1,NVO,471,137192081,0.00034331,2026-08-24
NOVONIX LIMITED ORDINARY,NVX,3259662,997784585,0.32668995,2026-08-24
NOXOPHARM LIMITED ORDINARY,NOX,13332,307237950,0.00433931,2026-08-24
NRW HOLDINGS LIMITED ORDINARY,NWH,546298,459466948,0.11889822,2026-08-24
NUFARM LIMITED ORDINARY,NUF,6583249,384257570,1.7132386,2026-08-24
NUIX LIMITED ORDINARY,NXL,2949841,343541266,0.85865696,2026-08-24
NZME LIMITED ORD FOR. EXEMPT NZX,NZM,2526,188181619,0.00134232,2026-08-24
OBJECTIVE CORP ORDINARY,OCL,1190129,95613303,1.2447316,2026-08-24
ODESSA MINERALS LTD ORDINARY,ODE,1,1873618250,5e-08,2026-08-24
OFX GROUP LTD ORDINARY,OFX,90885,232753119,0.03904781,2026-08-24
OMEGAOILGASLIMITED ORDINARY,OMA,288860,540742257,0.05341917,2026-08-24
OMNI BRIDGEWAY LTD ORD US PROHIBITED,OBL,4604043,289642218,1.58956213,2026-08-24
ONCOSIL MEDICAL ORDINARY,OSL,66,30890978,0.00021365,2026-08-24
ONEVIEW HEALTHCARE CDI 1:1,ONE,9816854,839193060,1.16979685,2026-08-24
OOH!MEDIA LIMITED ORDINARY,OML,8759993,528211762,1.65842445,2026-08-24
OPHIR HIGH CF ORDINARY UNITS,OPH,5,222558275,2.25e-06,2026-08-24
ORA BANDA MINING LTD ORDINARY,OBM,57235864,1934001244,2.95945332,2026-08-24
ORBITAL CORP LIMITED ORDINARY,OEC,1,179359845,5.6e-07,2026-08-24
OREZONE GOLD CORP CDI 1:1,ORE,318556,43352323,0.73480722,2026-08-24
ORICA LIMITED ORDINARY,ORI,1159709,463542526,0.25018395,2026-08-24
ORIGIN ENERGY ORDINARY,ORG,21418482,1722747671,1.24327447,2026-08-24
ORION MINERALS LTD ORDINARY,ORN,30324807,8954380361,0.33865891,2026-08-24
ORORA LIMITED ORDINARY,ORA,87029740,1225342799,7.10248104,2026-08-24
ORTHOCELL LIMITED ORDINARY,OCC,829244,272331961,0.3044975,2026-08-24
OSMONDRESOURCES ORDINARY,OSM,479,139419916,0.00034357,2026-08-24
PACIFIC EDGE ORD FOR.EXEMPT NZX,PEB,1063942,1241852687,0.08567377,2026-08-24
PACIFIC GRP LTD ORDINARY,PAC,18706,27939648,0.06695145,2026-08-24
PACIFICLIMEANDCEMENT CDI 1:1,PLA,1126,860718662,0.00013082,2026-08-24
PALADIN ENERGY LTD ORDINARY,PDN,50106845,449358421,11.15075242,2026-08-24
PANCONTINENTAL ENERG ORDINARY,PCL,36181,8286080242,0.00043665,2026-08-24
PANTORO GOLD LIMITED ORDINARY,PNR,14216206,389727051,3.64773396,2026-08-24
PARADIGM BIO. ORDINARY,PAR,137483,599189904,0.02294481,2026-08-24
PARAGON CARE LIMITED ORDINARY,PGC,88753,1655305389,0.00536173,2026-08-24
PC GOLD LTD ORDINARY,PC2,29567,199352614,0.01483151,2026-08-24
PEET LIMITED ORDINARY,PPC,4975,468158956,0.00106267,2026-08-24
PENINSULA ENERGY LTD ORDINARY,PEN,9255206,571527409,1.61938095,2026-08-24
PEOPLEIN LIMITED ORDINARY,PPE,236947,109449652,0.2164895,2026-08-24
PEPPERMONEY ORDINARY,PPM,1782665,449255052,0.39680466,2026-08-24
PERENTI LIMITED ORDINARY,PRN,3077802,934800376,0.32924698,2026-08-24
PERPETUAL LIMITED ORDINARY,PPT,3446413,115691221,2.97897539,2026-08-24
PERSEUS MINING LTD ORDINARY,PRU,4439190,1327131493,0.33449511,2026-08-24
PETER WARREN ORDINARY,PWR,58329,172256068,0.0338618,2026-08-24
PEXAGROUP ORDINARY,PXA,9085491,175936202,5.16408272,2026-08-24
PHOSLOCK ENV TEC LTD ORDINARY,PET,2,624390509,3.2e-07,2026-08-24
PILBARA GOLD LIMITED ORDINARY,PGL,203287,234016028,0.08686884,2026-08-24
PINNACLE INVESTMENT ORDINARY,PNI,13290296,240960009,5.51556088,2026-08-24
PLAYSIDE STUDIOS ORDINARY,PLY,1887,452459732,0.00041705,2026-08-24
PLS GROUP LTD ORDINARY,PLS,356280675,3223621586,11.05218666,2026-08-24
PMET RESOURCES CDI 10:1,PMT,19932693,679971420,2.93140159,2026-08-24
PODIUM MINERALS ORDINARY,POD,445655,1000767985,0.0445313,2026-08-24
POINTSBET HOLDINGS ORDINARY,PBH,43825,347586582,0.01260837,2026-08-24
POLYMETALS RESOURCES ORDINARY,POL,1877228,308113677,0.60926474,2026-08-24
POLYNOVO LIMITED ORDINARY,PNV,60112654,690842991,8.70134818,2026-08-24
PPK GROUP LIMITED ORDINARY,PPK,60000,90812498,0.0660702,2026-08-24
PRAEMIUM LIMITED ORDINARY,PPS,4479579,487472439,0.91893995,2026-08-24
PREDICTIVE DISC LTD ORDINARY,PDI,174825565,4940077185,3.53892375,2026-08-24
PREMIER INVESTMENTS ORDINARY,PMV,1775319,159569451,1.11256822,2026-08-24
PRO MEDICUS LIMITED ORDINARY,PME,4579367,104469963,4.38342933,2026-08-24
PROPEL FUNERAL ORDINARY,PFP,3718424,137973594,2.69502583,2026-08-24
PROSPECT RES LTD ORDINARY,PSC,412324,832737627,0.04951428,2026-08-24
PROTEOMICS INT LAB ORDINARY,PIQ,1109472,165373116,0.67089018,2026-08-24
PTR MINERALS LTD ORDINARY,PTR,28,395264770,7.08e-06,2026-08-24
PWR HOLDINGS LIMITED ORDINARY,PWH,4360603,100574122,4.33571073,2026-08-24
PYC THERAPEUTICS ORDINARY,PYC,1418090,983510447,0.14418657,2026-08-24
QANTAS AIRWAYS ORDINARY,QAN,11837782,1513199279,0.78230159,2026-08-24
QBE INSURANCE GROUP ORDINARY,QBE,3297573,1494024468,0.22071747,2026-08-24
QPM ENERGY LIMITED ORDINARY,QPM,5973596,3957918027,0.15092773,2026-08-24
QUALITAS RE INCOME ORDINARY UNITS,QRI,13299319,631125353,2.10723891,2026-08-24
QUALITASLIMITED ORDINARY,QAL,806106,301424517,0.26743213,2026-08-24
RACURA ONCOLOGY ORDINARY,RAC,19354,196068940,0.00987102,2026-08-24
RAGUSA MINERALS LTD ORDINARY,RAS,126060,198198786,0.06360281,2026-08-24
RAM ESSENTIAL PROP UNITS STAPLED,REP,2787,501065183,0.00055622,2026-08-24
RAMELIUS RESOURCES ORDINARY,RMS,20802353,1889112324,1.10117078,2026-08-24
RAMSAY HEALTH CARE ORDINARY,RHC,12714919,230829811,5.50835221,2026-08-24
RAPID CRITICAL ORDINARY,RCM,24497,1196026888,0.0020482,2026-08-24
REA GROUP ORDINARY,REA,5232194,130859812,3.99831997,2026-08-24
READYTECH HOLDINGS ORDINARY,RDY,65378,123564107,0.05291019,2026-08-24
RED MOUNT MIN LTD ORDINARY,RMX,34994,1044131729,0.00335149,2026-08-24
REDOX LIMITED ORDINARY,RDX,2174470,525081428,0.41412053,2026-08-24
REECE LIMITED ORDINARY,REH,13295322,615091957,2.16151778,2026-08-24
REGAL PARTNERS LTD ORDINARY,RPL,199991,392240277,0.05098686,2026-08-24
REGION GROUP UNITS STAPLED,RGN,3740548,1148742322,0.32562115,2026-08-24
REGIS HEALTHCARE LTD ORDINARY,REG,2328828,302361505,0.77021313,2026-08-24
REGIS RESOURCES ORDINARY,RRL,16369854,757388131,2.16135602,2026-08-24
RELIANCE WORLDWIDE ORDINARY,RWC,8155969,748038799,1.09031363,2026-08-24
RESMED INC CDI 10:1 FOR. EXEMPT,RMD,2848470,591346650,0.48169208,2026-08-24
RESOLUTE MINING ORDINARY,RSG,12155492,2137417613,0.56869991,2026-08-24
RESOLUTION MINERALS ORDINARY,RML,2594292,2282775590,0.11364639,2026-08-24
RETAIL FOOD GROUP ORDINARY,RFG,52,63259405,8.22e-05,2026-08-24
RIDLEY CORPORATION ORDINARY,RIC,4269915,374853074,1.1390903,2026-08-24
RIO TINTO LIMITED ORDINARY,RIO,35284623,371821214,9.48967452,2026-08-24
RIVCO AUSTRALIA ORDINARY,RIV,42348,158107061,0.02678438,2026-08-24
ROX RESOURCES ORDINARY,RXL,2324292,1393568440,0.16678707,2026-08-24
RUMBLE RES LIMITED ORDINARY,RTR,605042,1326938331,0.04559684,2026-08-24
RURAL FUNDS GROUP UNITS STAPLED,RFF,9121741,389722999,2.34057036,2026-08-24
RYMAN ORD FOR. EXEMPT NZX,RYM,8,1015729081,7.9e-07,2026-08-24
"SALUDA MEDICAL, INC. CDI USPROHEXCLQIB",SLD,311194,252023810,0.12347802,2026-08-24
SANDFIRE RESOURCES ORDINARY,SFR,11700217,466963304,2.50559667,2026-08-24
SANTANA MINERALS LTD ORDINARY,SMI,19070947,985760563,1.93464293,2026-08-24
SANTOS LTD ORDINARY,STO,11870995,3247772961,0.36551185,2026-08-24
SATURN METALS ORDINARY,STN,91466,611060488,0.0149684,2026-08-24
SCENTRE GRP FPO/UNITS STAPLED,SCG,25024057,5222977091,0.47911481,2026-08-24
SCIDEV LTD ORDINARY,SDV,38911,190088581,0.02046993,2026-08-24
SEEK LIMITED ORDINARY,SEK,6656700,357970190,1.85956825,2026-08-24
SELECT HARVESTS ORDINARY,SHV,2085739,141374561,1.47532837,2026-08-24
SERVCORP LIMITED ORDINARY,SRV,10795,99824888,0.01081394,2026-08-24
SERVICE STREAM ORDINARY,SSM,516808,618405410,0.08357107,2026-08-24
SGH LIMITED ORDINARY,SGH,6458543,406998167,1.58687275,2026-08-24
SHAPE AUST CORP LTD ORDINARY,SHA,996176,84980668,1.17223837,2026-08-24
SHAVER SHOP GRP LTD ORDINARY,SSG,1178,131012494,0.00089915,2026-08-24
SIGMA HEALTH LTD ORDINARY,SIG,389253322,11543702836,3.37199708,2026-08-24
SILEX SYSTEMS ORDINARY,SLX,22630804,278438291,8.12776286,2026-08-24
SILVER MINES LIMITED ORDINARY,SVL,35151648,2219374185,1.58385405,2026-08-24
SIMS LIMITED ORDINARY,SGM,1122939,193232991,0.58113213,2026-08-24
SINCLAIR GOLD ORDINARY,SGC,119833,185671217,0.06454043,2026-08-24
SITEMINDER ORDINARY,SDR,9240977,283084867,3.26438396,2026-08-24
SKS TECH GROUP LTD ORDINARY,SKS,176490,115370809,0.1529763,2026-08-24
SKY METALS LTD ORDINARY,SKY,1026653,992332674,0.10345855,2026-08-24
SKY NETWORK ORD FOR.EXEMPT NZX,SKT,30,137675010,2.179e-05,2026-08-24
SKYCITY ENT GRP LTD ORD FOR. EXEMPT NZX,SKC,3133636,1103055047,0.284087,2026-08-24
SMART PARKING LTD ORDINARY,SPZ,23811,417131770,0.00570827,2026-08-24
SMARTGRP CORPORATION ORDINARY,SIQ,104349,138151642,0.07553222,2026-08-24
SOLSTICEMINERALS ORDINARY,SLS,16080,172160386,0.00934013,2026-08-24
SOLVAR LIMITED ORDINARY,SVR,12941,186651516,0.00693324,2026-08-24
SONIC HEALTHCARE ORDINARY,SHL,39572099,494237953,8.00668964,2026-08-24
SOUL PATTINSON (W.H) ORDINARY,SOL,12869665,379919682,3.38746993,2026-08-24
SOUTH32 LIMITED ORDINARY,S32,45872750,4486485738,1.02246508,2026-08-24
SOUTHERNPALLADIUM ORDINARY,SPD,119394,132328911,0.09022518,2026-08-24
SOUTHGOLD CONSOL CDI 1:1,SX2,3433989,158176231,2.17098927,2026-08-24
SOVEREIGN METALS ORDINARY,SVM,1235241,655961203,0.18831007,2026-08-24
SPARK NEW ZEALAND ORD FOR. EXEMPT NZX,SPK,3521821,1890130108,0.18632691,2026-08-24
SPDR 200 ETF ETF UNITS,STW,26568,83912898,0.0316614,2026-08-24
SPORTSHERO LTD ORDINARY,SHO,310054,910399330,0.03405692,2026-08-24
SRG GLOBAL LTD ORDINARY,SRG,1132037,626592222,0.18066566,2026-08-24
ST BARBARA LIMITED ORDINARY,SBM,58986636,1209795861,4.87575118,2026-08-24
ST GEORGE MIN LTD ORDINARY,SGQ,26416526,4667541424,0.56596233,2026-08-24
STAKK LIMITED ORDINARY,SKK,501296,4348000994,0.01152934,2026-08-24
STANMORE RESOURCES ORDINARY,SMR,1960156,901391634,0.21745886,2026-08-24
STARPHARMA HOLDINGS ORDINARY,SPL,150000,477054949,0.03144292,2026-08-24
STEADFAST GROUP LTD ORDINARY,SDF,13896541,1111991628,1.24969835,2026-08-24
STEALTH GRP HOLDING ORDINARY,SGI,2871,149557089,0.00191967,2026-08-24
STH CRS ELECT ENGNR ORDINARY,SXE,578113,307303923,0.18812418,2026-08-24
STHN CROSS MEDIA ORDINARY,SXL,1977707,478779139,0.41307293,2026-08-24
STOCKLAND FPO/UNITS STAPLED,SGP,145362649,2431644122,5.97795737,2026-08-24
STORAGE KING GROUP FPO/UNITS STAPLED,SKG,12040199,1314102962,0.9162295,2026-08-24
STRAKER LIMITED ORDINARY,STG,1056,64339299,0.0016413,2026-08-24
STRICKLAND METALS ORDINARY,STK,1243727,2639718767,0.04711589,2026-08-24
STRIKE ENERGY LTD ORDINARY,STX,23397258,3599396998,0.65003271,2026-08-24
SUN SILVER LIMITED ORDINARY,SS1,4198844,184011922,2.28183259,2026-08-24
SUNCORP GROUP LTD ORDINARY,SUN,13371759,1060051406,1.26142552,2026-08-24
SUNRICE B LTD-VOTING ORD FPO,SGLLV,620280,69248239,0.89573397,2026-08-24
SUNRISE ORDINARY,SRL,1331763,169462932,0.78587275,2026-08-24
SUNSTONE METALS LTD ORDINARY,STM,24256,284020226,0.00854024,2026-08-24
SUPER RET REP LTD ORDINARY,SUL,8475634,225826500,3.75316183,2026-08-24
SUPERLOOP LIMITED ORDINARY,SLC,2001196,514713893,0.38879774,2026-08-24
SUPPLY NETWORK ORDINARY,SNL,1476868,43753845,3.37540164,2026-08-24
SYMAL GROUP LIMITED ORDINARY,SYL,44156,239144295,0.01846417,2026-08-24
SYRAH RESOURCES ORDINARY,SYR,37971927,2321927497,1.6353623,2026-08-24
TABCORP HOLDINGS LTD ORDINARY,TAH,22944772,2292644230,1.0007995,2026-08-24
TALGA GROUP LTD ORDINARY,TLG,534011,510926796,0.1045181,2026-08-24
TASMEA LIMITED ORDINARY,TEA,3123850,276467908,1.12991415,2026-08-24
TECHNOLOGY ONE ORDINARY,TNE,6129328,327368541,1.87230208,2026-08-24
TELIX PHARMACEUTICAL ORDINARY,TLX,35610427,339784294,10.48030401,2026-08-24
TELSTRA GROUP ORDINARY,TLS,135972606,11139136247,1.22067459,2026-08-24
TEMPLE & WEBSTER LTD ORDINARY,TPW,7533542,116546731,6.4639668,2026-08-24
TERRA METALS LIMITED ORDINARY,TM1,3574154,1030886292,0.34670691,2026-08-24
TERRACOM LTD ORDINARY,TER,6064314,1822523150,0.33274277,2026-08-24
TESORO GOLD LTD ORDINARY,TSO,8497,179736167,0.00472748,2026-08-24
THE A2 MILK COMPANY ORDINARY,A2M,55462666,728055850,7.61791365,2026-08-24
THE KOALA COMPANY ORDINARY,KOA,29365,90673345,0.03238548,2026-08-24
THE LOTTERY CORP ORDINARY,TLC,118993154,2225771703,5.3461527,2026-08-24
THE STAR ENT GRP ORDINARY,SGR,29499670,6636202776,0.44452635,2026-08-24
TITAN MINERALS ORDINARY,TTM,1333550,288016545,0.4630116,2026-08-24
TITOMIC LIMITED ORDINARY,TTT,9902959,1607530316,0.6160356,2026-08-24
TIVAN LIMITED ORDINARY,TVN,3789067,2327316681,0.1628084,2026-08-24
TOLU MINERALS ORDINARY,TOK,47,279985931,1.679e-05,2026-08-24
TORQUE MET ORDINARY,TOR,1698941,624928499,0.27186166,2026-08-24
TOUBANI RES LTD ORDINARY,TRE,107158,1073810600,0.00997923,2026-08-24
TOWER LIMITED ORD FOR. EXEMPT NZX,TWR,212,343411351,6.173e-05,2026-08-24
TPG TELECOM LIMITED. ORDINARY,TPG,2850863,1963029400,0.14522773,2026-08-24
TRANSURBAN GROUP FPO/UNITS STAPLED,TCL,44074820,3120183769,1.41257129,2026-08-24
TREASURY CORPORATION 4.75% LN 15-SEP-36,XVGHAF,107500,2250000,4.77777778,2026-08-24
TREASURY WINE ESTATE ORDINARY,TWE,96861171,808937260,11.97387928,2026-08-24
TRUE NORTH COPPER ORDINARY,TNC,143,188478484,7.587e-05,2026-08-24
TUAS LIMITED ORDINARY,TUA,9442149,548396171,1.72177515,2026-08-24
TUNGSTEN MIN NL ORDINARY,TGN,142980,1396340206,0.01023962,2026-08-24
TURACO GOLD LIMITED ORDINARY,TCG,24437261,1077703870,2.26753023,2026-08-24
TYRO PAYMENTS ORDINARY,TYR,23239578,532454244,4.36461504,2026-08-24
UNICO SILVER LIMITED ORDINARY,USL,6061090,641364968,0.94502979,2026-08-24
UNIVERSAL STORE ORDINARY,UNI,2584460,76720810,3.36865578,2026-08-24
VALIANT GOLD LIMITED ORDINARY,VAL,1636,300000000,0.00054533,2026-08-24
VANECK GOLD MINERS ETF UNITS,GDX,14111,12500732,0.11288139,2026-08-24
VANG INT HI YLD ETF ETF UNITS,VIHY,114,961525,0.01185617,2026-08-24
VAULT MINERALS LTD ORDINARY,VAU,1662530,1034565895,0.16069832,2026-08-24
VECTION TECHNOLOGIES ORDINARY,VR1,1506395,2363352901,0.06373974,2026-08-24
VEEM LTD ORDINARY,VEE,265887,146749372,0.18118442,2026-08-24
VENTIASERVICESGROUP ORDINARY,VNT,8632821,817824369,1.05558373,2026-08-24
VERBREC LIMITED ORDINARY,VBC,2436,306157363,0.00079567,2026-08-24
VHMLIMITED ORDINARY,VHM,4843,311771899,0.00155338,2026-08-24
VICINITY CENTRES FPO/UNITS STAPLED,VCX,123898256,4640336267,2.67002753,2026-08-24
VICTORY METALS LTD ORDINARY,VTM,404984,131767558,0.30734728,2026-08-24
VIRGIN AUSTRALIA ORDINARY,VGN,2960075,784231845,0.37744897,2026-08-24
VIRIDISMINING ORDINARY,VMM,1870642,130225698,1.43646149,2026-08-24
VISTA GROUP INT LTD ORD FOR. EXEMPT NZX,VGL,716,239288701,0.00029922,2026-08-24
VIVA ENERGY GROUP ORDINARY,VEA,6494587,1642520936,0.39540361,2026-08-24
VIVA LEISURE LIMITED ORDINARY,VVA,216,98546369,0.00021919,2026-08-24
VNGD GLB AGG BOND ETF UNITS,VBND,1821,117167705,0.00155418,2026-08-24
VNGD INTL SHARES ETF UNITS,VGS,831,108040782,0.00076915,2026-08-24
VULCAN ENERGY ORDINARY,VUL,34549887,478660737,7.21803238,2026-08-24
VULCAN STEEL ORDINARY,VSL,2322017,146529960,1.58467047,2026-08-24
VYSARN LTD ORDINARY,VYS,375782,589656791,0.06372894,2026-08-24
WA GOLD LIMITED ORDINARY,WAU,3694,1263103607,0.00029245,2026-08-24
WA1RESOURCESLTD ORDINARY,WA1,1411583,74344379,1.89870844,2026-08-24
WAGNERS HLD COMPANY ORDINARY,WGN,13897,199723828,0.00695811,2026-08-24
WAM CAPITAL LIMITED ORDINARY,WAM,69,1138200752,6.06e-06,2026-08-24
WARATAH MINERALS LTD ORDINARY,WTM,822298,387752326,0.21206784,2026-08-24
WAYPOINT REIT FPO/UNITS STAPLED,WPR,3090810,653073547,0.47327135,2026-08-24
WEB TRAVEL GROUP LTD ORDINARY,WEB,8031649,361987132,2.21876644,2026-08-24
WEBJET GROUP LIMITED ORDINARY,WJL,4304975,392530357,1.09672409,2026-08-24
WEEBIT NANO LTD ORDINARY,WBT,3791109,240427792,1.57681812,2026-08-24
WESFARMERS LIMITED ORDINARY,WES,15122903,1134572767,1.33291609,2026-08-24
WEST AFRICAN RES LTD ORDINARY,WAF,3952286,1143753008,0.34555415,2026-08-24
WEST WITS MINING LTD ORDINARY,WWI,2211985,434888012,0.50863324,2026-08-24
WESTCOASTSILVER LTD ORDINARY,WCE,85883,373426356,0.02299864,2026-08-24
WESTGOLD RESOURCES. ORDINARY,WGX,9676182,948818463,1.01981384,2026-08-24
WESTPAC BANKING CORP ORDINARY,WBC,66090548,3420303305,1.9323008,2026-08-24
WHITE CLIFF MIN LTD ORDINARY,WCN,297417,3304886923,0.00899931,2026-08-24
WHITEHAVEN COAL ORDINARY,WHC,10895698,822323769,1.32498882,2026-08-24
WIA GOLD LIMITED ORDINARY,WIA,4116352,1701874264,0.24187169,2026-08-24
WILDCAT RESOURCES ORDINARY,WC8,11681717,1410182421,0.82838339,2026-08-24
WISETECH GLOBAL LTD ORDINARY,WTC,28572016,336302688,8.49592258,2026-08-24
WOODSIDE ENERGY ORDINARY,WDS,63626927,1901100143,3.34684773,2026-08-24
WOOLWORTHS GROUP LTD ORDINARY,WOW,14660393,1221599192,1.20009845,2026-08-24
WORLEY LIMITED ORDINARY,WOR,8803692,487660203,1.80529228,2026-08-24
XERO LTD ORDINARY,XRO,8507263,170649024,4.98523976,2026-08-24
XRF SCIENTIFIC ORDINARY,XRF,71100,143703299,0.04947694,2026-08-24
YANCOAL AUST LTD ORDINARY,YAL,8214082,1320439437,0.62207185,2026-08-24
ZEOTECH LIMITED ORDINARY,ZEO,931,2057320690,4.525e-05,2026-08-24
ZIP CO LTD.. ORDINARY,ZIP,135162783,1245921802,10.84841623,2026-08-24
