Code,Name,Class,Gross,Issued,PctGrossVsIssuedPct,Date
29M,29METALS LIMITED,FPO,666903,1371336435,0.048631610958400594,2025-10-29
360,LIFE360 INC.,CDI 3:1,84767,166577253,0.05088750022789726,2025-10-29
3DA,AMAERO LTD,FPO,26894,931997337,0.0028856305626976273,2025-10-29
4DX,4DMEDICAL LIMITED,FPO,100870,511624221,0.019715642039550743,2025-10-29
A1G,AFRICAN GOLD LTD.,FPO,79383,533227972,0.014887253514149852,2025-10-29
A1M,AIC MINES LIMITED,FPO,232826,797619821,0.029190097070067672,2025-10-29
A1N,ARN MEDIA LIMITED,FPO,8489,313050373,0.002711704163981303,2025-10-29
A200,BETASHARES AUSTRALIA 200 ETF,ETF UNITS,28455,56844487,0.05005762476139507,2025-10-29
A2M,THE A2 MILK COMPANY LIMITED,FPO NZ,224918,725426194,0.03100494603865931,2025-10-29
A4N,ALPHA HPA LIMITED,FPO,41968,1137271758,0.0036902349596550873,2025-10-29
AAC,AUSTRALIAN AGRICULTURAL COMPANY L,FPO,856,602766747,0.0001420118153929948,2025-10-29
AAI,ALCOA CORPORATION,CDI 1:1,12953,57076637,0.02269404905548307,2025-10-29
AAJ,ARUMA RESOURCES LIMITED,FPO,451607,409840538,0.11019090551750155,2025-10-29
AAR,ASTRAL RESOURCES NL,FPO,577860,1445282302,0.03998250024928348,2025-10-29
ABB,AUSSIE BROADBAND LIMITED,FPO,66790,292576043,0.022828253234664194,2025-10-29
ABG,ABACUS GROUP,STAPLED,14773,893657633,0.0016530939203649145,2025-10-29
ABX,ABX GROUP LIMITED,FPO,10000,298009522,0.0033555974765128475,2025-10-29
ABY,ADORE BEAUTY GROUP LIMITED,FPO,308,93957928,0.0003278062921949492,2025-10-29
ACDC,GLOBAL X BATTERY TECH & LITHIUM E,ETF UNITS,755,4853402,0.015556098588165581,2025-10-29
ACE,ACUSENSUS LIMITED.,FPO,4258,141613597,0.0030067734244473717,2025-10-29
ACF,ACROW LIMITED,FPO,75720,310044601,0.024422292713944083,2025-10-29
ACL,AUSTRALIAN CLINICAL LABS LIMITED,FPO,22654,195791386,0.011570478386623199,2025-10-29
AD8,AUDINATE GROUP LIMITED,FPO,20664,84314086,0.024508360323090023,2025-10-29
ADG,ADELONG GOLD LIMITED,FPO,9076,2566836362,0.00035358701218211896,2025-10-29
ADH,ADAIRS LIMITED,FPO,36865,177337058,0.02078809720639439,2025-10-29
ADV,ARDIDEN LTD,FPO,38260,62517506,0.06119885844454512,2025-10-29
AEE,AURA ENERGY LIMITED,FPO,656394,896733047,0.07319837293784937,2025-10-29
AEF,AUSTRALIAN ETHICAL INVESTMENT LIM,FPO,4944,113419775,0.004359028220607915,2025-10-29
AEL,AMPLITUDE ENERGY LIMITED,FPO,783636,3277289593,0.02391110024801522,2025-10-29
AESG,ISHARES GLOBAL AGGREGATE BOND ESG,ETF UNITS,5145,3105042,0.16569824176291334,2025-10-29
AFG,AUSTRALIAN FINANCE GROUP LTD,FPO,62945,271760063,0.023161975790386834,2025-10-29
AFI,AUSTRALIAN FOUNDATION INVESTMENT,FPO,6821,1258533413,0.0005419800483278866,2025-10-29
AGE,ALLIGATOR ENERGY LIMITED,FPO,1857305,4437034145,0.041859154996428366,2025-10-29
AGL,AGL ENERGY LIMITED.,FPO,182347,672747233,0.02710483091648777,2025-10-29
AHX,APIAM ANIMAL HEALTH LIMITED,FPO,328,183942523,0.0001783165712041473,2025-10-29
AI1,ADISYN LTD,FPO,154700,725625596,0.02131953459921775,2025-10-29
AIA,AUCKLAND INTERNATIONAL AIRPORT LI,FPO NZX,97438,1694973503,0.0057486444376588,2025-10-29
AINF,GLOBAL X AI INFRASTRUCTURE ETF,ETF UNITS,6997,1600000,0.43731250000000005,2025-10-29
AIZ,AIR NEW ZEALAND LIMITED,FPO NZX,1376,3251288241,4.232168599043631e-05,2025-10-29
AL3,AML3D LIMITED,FPO,20537,552528577,0.00371691182228209,2025-10-29
ALA,AROVELLA THERAPEUTICS LIMITED,FPO,12733,1198641505,0.0010622859250981802,2025-10-29
ALD,AMPOL LIMITED,FPO,47595,238302099,0.019972547535135225,2025-10-29
ALK,ALKANE RESOURCES LIMITED,FPO,480012,1365794967,0.03514524592621375,2025-10-29
ALL,ARISTOCRAT LEISURE LIMITED,FPO,51440,616871882,0.00833884660672538,2025-10-29
ALPH,SCHRODER GLOBAL EQUITY ALPHA FUND,ETF UNITS,3999,750000,0.5332,2025-10-29
ALQ,ALS LIMITED,FPO,117011,507199638,0.0230700085791465,2025-10-29
AMA,AMA GROUP LIMITED,FPO,2793,4785720517,5.8361118040190814e-05,2025-10-29
AMC,AMCOR PLC,CDI 1:1,856625,689054345,0.12431893162214948,2025-10-29
AMI,AURELIA METALS LIMITED,FPO,161852,1692572640,0.009562484715574748,2025-10-29
AMP,AMP LIMITED,FPO,344231,2531739839,0.013596618210817672,2025-10-29
ANG,AUSTIN ENGINEERING LIMITED,FPO,49967,628084223,0.00795546173112519,2025-10-29
ANN,ANSELL LIMITED,FPO,68336,144578692,0.047265609513191614,2025-10-29
ANZ,ANZ GROUP HOLDINGS LIMITED,FPO,489730,2983520180,0.0164145026832029,2025-10-29
AOV,AMOTIV LIMITED,FPO,49740,133849962,0.037161011670664504,2025-10-29
APA,APA GROUP,STAPLED,531494,1315181016,0.04041223174103358,2025-10-29
APE,EAGERS AUTOMOTIVE LIMITED,FPO,168823,267581327,0.06309222018321181,2025-10-29
APX,APPEN LIMITED,FPO,102454,265610639,0.03857300309420211,2025-10-29
APZ,ASPEN GROUP,STAPLED,15763,227665433,0.006923756405303742,2025-10-29
AQLT,BETASHARES AUSTRALIAN QUALITY ETF,ETF UNITS,33420,21556547,0.15503410634365514,2025-10-29
AQZ,ALLIANCE AVIATION SERVICES LIMITE,FPO,16316,161027077,0.010132457412736865,2025-10-29
AR3,AUSTRALIAN RARE EARTHS LIMITED,FPO,55646,219119612,0.02539526220044603,2025-10-29
ARB,ARB CORPORATION LIMITED.,FPO,35335,83455453,0.04233995350789121,2025-10-29
ARF,ARENA REIT.,STAPLED,28039,402127591,0.006972662564703251,2025-10-29
ARG,ARGO INVESTMENTS LIMITED,FPO,958,760996574,0.00012588755754372162,2025-10-29
ARL,ARDEA RESOURCES LIMITED,FPO,1222,210412915,0.0005807628300762812,2025-10-29
ARMR,BETASHARES GLOBAL DEFENCE ETF,ETF UNITS,2470,7804178,0.03164971378151549,2025-10-29
ARR,AMERICAN RARE EARTHS LIMITED,FPO NZ,30926,573107799,0.005396192488387338,2025-10-29
ARU,ARAFURA RARE EARTHS LTD,FPO,69467337,2937125213,2.3651472770902258,2025-10-29
ARV,ARTEMIS RESOURCES LIMITED,FPO,11064,3770922165,0.0002934030328891713,2025-10-29
ARX,AROA BIOSURGERY LIMITED,FPO,19639,345033235,0.0056919154469278884,2025-10-29
ASB,AUSTAL LIMITED,FPO,109473,422050221,0.025938382342417965,2025-10-29
ASG,AUTOSPORTS GROUP LIMITED.,FPO,32086,202683304,0.0158306083267717,2025-10-29
ASH,ASHLEY SERVICES GROUP LIMITED,FPO,244,143975904,0.00016947280289346194,2025-10-29
ASIA,BETASHARES ASIA TECHNOLOGY TIGERS,ETF UNITS,108033,63976318,0.16886404747456707,2025-10-29
ASK,ABACUS STORAGE KING,STAPLED,51171,1314102962,0.003893987113621619,2025-10-29
ASL,ANDEAN SILVER LIMITED,FPO,33359,190474456,0.01751363447915557,2025-10-29
ASM,AUSTRALIAN STRATEGIC MATERIALS LI,FPO,120148,268042203,0.04482428462953649,2025-10-29
ASN,ANSON RESOURCES LIMITED,FPO,291118,1443523345,0.020167183371738263,2025-10-29
ASQ,AUSTRALIAN SILICA QUARTZ GROUP LT,FPO,14215,281860377,0.005043277154206035,2025-10-29
ASX,ASX LIMITED,FPO,51013,194299425,0.026254838376387375,2025-10-29
ATC,ALTECH BATTERIES LTD,FPO,104220,2668426253,0.0039056728617787285,2025-10-29
ATEC,BETASHARES S&P/ASX AUSTRALIAN TEC,ETF UNITS,22663,13343784,0.16983937989403905,2025-10-29
ATOM,GLOBAL X URANIUM ETF,ETF UNITS,8997,3497234,0.25726045211730186,2025-10-29
ATR,ASTRON LIMITED,FPO,37014,419557508,0.00882215174182987,2025-10-29
ATV,ACTIVEPORT GROUP LTD,FPO,71103,1010755809,0.0070346367902991685,2025-10-29
ATX,AMPLIA THERAPEUTICS LIMITED,FPO,43775,513071629,0.00853194710557656,2025-10-29
AUB,AUB GROUP LIMITED,FPO,60254,116587434,0.051681384462068186,2025-10-29
AUC,AUSGOLD LIMITED,FPO,24496,433476833,0.005651051713760214,2025-10-29
AUE,AURUM RESOURCES LIMITED,FPO,58176,343689493,0.016926906753009174,2025-10-29
AUMF,ISHARES EDGE MSCI AUSTRALIA MULTI,ETF UNITS,5419,3353240,0.16160489556369362,2025-10-29
AUN,AURUMIN LIMITED,FPO,2751,509930670,0.0005394851029454651,2025-10-29
AVM,ADVANCE METALS LIMITED,FPO,33042,389991489,0.008472492588165174,2025-10-29
AW1,AMERICAN WEST METALS LIMITED,FPO,132963,998181174,0.013320527722154776,2025-10-29
AX1,ACCENT GROUP LIMITED,FPO,118327,601185674,0.019682272069576963,2025-10-29
AXE,ARCHER MATERIALS LIMITED,FPO,21314,254847013,0.008363449015586461,2025-10-29
AYA,ARTRYA LIMITED,FPO,18555,150808429,0.012303688940357573,2025-10-29
AZJ,AURIZON HOLDINGS LIMITED,FPO,396186,1750443988,0.022633457723641254,2025-10-29
AZY,ANTIPA MINERALS LIMITED,FPO,75256,658886132,0.01142170040391744,2025-10-29
BAOR,AORIS INT FUND (CLASS B) (UNHEDGE,ETF UNITS,80626,64696776,0.12462135671180893,2025-10-29
BAP,BAPCOR LIMITED,FPO,115123,339412500,0.03391831473502007,2025-10-29
BBN,BABY BUNTING GROUP LIMITED,FPO,77555,135400726,0.05727812714977614,2025-10-29
BBT,BETR ENTERTAINMENT LIMITED,FPO,418,1040653798,4.0167056594934946e-05,2025-10-29
BBUS,BETASHARES US EQY STRONG BEAR CCY,ETF UNITS,220100,45314664,0.4857147346386591,2025-10-29
BC8,BLACK CAT SYNDICATE LIMITED,FPO,1082541,717939707,0.1507843889180516,2025-10-29
BCI,BCI MINERALS LIMITED,FPO,53495,2887513061,0.0018526323126473987,2025-10-29
BCN,BEACON MINERALS LIMITED,FPO,3673,105743480,0.003473500210131159,2025-10-29
BEAR,BETASHARES AUSTRALIAN EQUITIES BE,ETF UNITS,5992,7395830,0.08101862806473378,2025-10-29
BEMG,BETASHARES MSCI EMERGING MARKETS,ETF UNITS,3467,200000,1.7335,2025-10-29
BEN,BENDIGO AND ADELAIDE BANK LIMITED,FPO,112093,567983623,0.019735252120112626,2025-10-29
BET,BETMAKERS TECHNOLOGY GROUP LTD,FPO,288805,1107374275,0.02608016156055278,2025-10-29
BFG,BELL FINANCIAL GROUP LIMITED,FPO,8400,320743948,0.002618911456436896,2025-10-29
BGA,BEGA CHEESE LIMITED,FPO,57495,305377396,0.01882752317398109,2025-10-29
BGBL,BETASHARES GLOBAL SHARES ETF,ETF UNITS,26917,36438781,0.07386910116449834,2025-10-29
BGD,BARTON GOLD HOLDINGS LIMITED,FPO,27585,237961810,0.011592196243590517,2025-10-29
BGL,BELLEVUE GOLD LIMITED,FPO,1892257,1480748913,0.12779053784117145,2025-10-29
BHM,BROKEN HILL MINES LIMITED,FPO,116397,114717921,0.10146365884716477,2025-10-29
BHP,BHP GROUP LIMITED,FPO,1502918,5078913175,0.029591330826402636,2025-10-29
BHYB,BETASHARES AUSTRALIAN MAJOR BANK,ETF UNITS,161678,61656703,0.2622229086754769,2025-10-29
BILL,ISHARES CORE CASH ETF,ETF UNITS,74838,9850880,0.7597087772869023,2025-10-29
BIO,BIOME AUSTRALIA LIMITED,FPO,32455,220609231,0.014711533081768459,2025-10-29
BIS,BISALLOY STEEL GROUP LIMITED,FPO,4380,48041013,0.009117209913954146,2025-10-29
BLX,BEACON LIGHTING GROUP LIMITED,FPO,167,229342146,7.281696928047407e-05,2025-10-29
BM1,BALLARD MINING LIMITED,FPO,73826,184297974,0.040057955276274496,2025-10-29
BM8,BATTERY AGE MINERALS LTD,FPO,67686,182141823,0.037161152164376876,2025-10-29
BML,BOAB METALS LIMITED,FPO,130214,291743880,0.04463298424631906,2025-10-29
BMM,BAYAN MINING AND MINERALS LIMITED,FPO,48160,135044480,0.0356623239987299,2025-10-29
BMN,BANNERMAN ENERGY LTD,FPO,118134,205434569,0.05750444074482908,2025-10-29
BNZ,BENZ MINING CORP.,CDI 1:1,11205,205398020,0.005455261934852147,2025-10-29
BOE,BOSS ENERGY LTD,FPO,2181885,414921511,0.5258548766829301,2025-10-29
BOQ,BANK OF QUEENSLAND LIMITED.,FPO,414267,661469455,0.06262828870911356,2025-10-29
BPT,BEACH ENERGY LIMITED,FPO,1554537,2281333656,0.0681415888426274,2025-10-29
BRE,BRAZILIAN RARE EARTHS LIMITED,FPO,6832,138358008,0.004937914399577074,2025-10-29
BRG,BREVILLE GROUP LIMITED,FPO,355863,144834480,0.24570323309753314,2025-10-29
BRK,BROOKSIDE ENERGY LIMITED,FPO,10740,96244914,0.011159031219041871,2025-10-29
BRN,BRAINCHIP HOLDINGS LTD,FPO,1432230,2035741735,0.0703542092484536,2025-10-29
BSL,BLUESCOPE STEEL LIMITED,FPO,1305728,438609849,0.297696917426038,2025-10-29
BSUB,BETASHARES AUS MAJOR BANK SUBORDI,ETF UNITS,6017,15293838,0.039342642442008344,2025-10-29
BSX,BLACKSTONE MINERALS LIMITED,FPO,1757,1689704711,0.00010398266564340543,2025-10-29
BTL,BEETALOO ENERGY AUSTRALIA LIMITED,FPO,142854,1242469240,0.011497588463437533,2025-10-29
BUB,BUBS AUSTRALIA LIMITED,FPO,412524,894130038,0.04613691325287967,2025-10-29
BVS,BRAVURA SOLUTIONS LIMITED.,FPO,45884,448299975,0.010235110987904918,2025-10-29
BWN,BHAGWAN MARINE LIMITED,FPO,40656,275200238,0.01477324303767499,2025-10-29
BWP,BWP GROUP,STAPLED,214563,724378588,0.02962028469013775,2025-10-29
BXB,BRAMBLES LIMITED,FPO,261105,1363101911,0.019155207537523585,2025-10-29
BXN,BIOXYNE LIMITED,FPO,194588,2189828732,0.008885991728781463,2025-10-29
C79,CHRYSOS CORPORATION LIMITED,FPO,12799,116476297,0.010988501806509182,2025-10-29
CAR,CAR GROUP LIMITED,FPO,118013,378432785,0.0311846659902894,2025-10-29
CAT,CATAPULT SPORTS LTD,FPO,91569,303153431,0.030205496833054152,2025-10-29
CBA,COMMONWEALTH BANK OF AUSTRALIA.,FPO,199120,1673462358,0.011898684129230949,2025-10-29
CBO,COBRAM ESTATE OLIVES LIMITED,FPO,101512,476157941,0.02131897659562502,2025-10-29
CCL,CUSCAL LIMITED,FPO,44187,191562253,0.023066652906822933,2025-10-29
CCP,CREDIT CORP GROUP LIMITED,FPO,8555,68066856,0.012568525274621177,2025-10-29
CCV,CASH CONVERTERS INTERNATIONAL,FPO,729075,627545015,0.11617891666305404,2025-10-29
CDA,CODAN LIMITED,FPO,36436,181864253,0.020034723371392837,2025-10-29
CEH,COAST ENTERTAINMENT HOLDINGS LIMI,FPO,23431,388561874,0.006030185040748491,2025-10-29
CEL,CHALLENGER GOLD LIMITED,FPO,403710,2176484532,0.018548719003714933,2025-10-29
CETF,VANECK FTSE CHINA A50 ETF,ETF UNITS,225,562705,0.03998542753307683,2025-10-29
CFLO,BETASHARES GLOBAL CASH FLOW KINGS,ETF UNITS,3741,1567424,0.23867185905026336,2025-10-29
CGF,CHALLENGER LIMITED,FPO,310996,691661481,0.04496361421635969,2025-10-29
CGHE,CLAREMONT GLOBAL FUND (HEDGED) AC,ETF UNITS,136000,37445301,0.3631964395212099,2025-10-29
CGS,COGSTATE LTD,FPO,1591,171624467,0.0009270240006047623,2025-10-29
CGUN,CLAREMONT GLOBAL FUND ACTIVE ETF,ETF UNITS,129667,52796449,0.24559795678682858,2025-10-29
CHN,CHALICE MINING LIMITED,FPO,300671,389105591,0.07727234122421027,2025-10-29
CIA,CHAMPION IRON LIMITED,FPO,254847,533251001,0.047791190175374844,2025-10-29
CIIH,CB GLBL INFRASTRUCTURE INCOME (HE,ETF UNITS,98018,745572839,0.013146669899009023,2025-10-29
CKF,COLLINS FOODS LIMITED,FPO,67425,118019237,0.057130516781768385,2025-10-29
CLE,CYCLONE METALS LIMITED,FPO,4239,1105969748,0.0003832835398676746,2025-10-29
CLV,CLOVER CORPORATION LIMITED,FPO,46848,166999341,0.028052805310171854,2025-10-29
CLW,CHARTER HALL LONG WALE REIT,STAPLED,271322,710170889,0.038205170643090106,2025-10-29
CLX,CTI LOGISTICS LIMITED,FPO,201,80719017,0.00024901195216487835,2025-10-29
CMD,CASSIUS MINING LIMITED,FPO,54900,694218951,0.007908167865616218,2025-10-29
CMM,CAPRICORN METALS LTD,FPO,487862,431616488,0.11303136315774849,2025-10-29
CMP,COMPUMEDICS LIMITED,FPO,1406,192217894,0.0007314615568517257,2025-10-29
CMW,CROMWELL PROPERTY GROUP,STAPLED,364047,2618866699,0.013900936620371299,2025-10-29
CNB,CARNABY RESOURCES LIMITED,FPO,17270,238241076,0.007248959872897821,2025-10-29
CNI,CENTURIA CAPITAL GROUP,STAPLED,108686,830091925,0.01309324867845209,2025-10-29
CNQ,CLEAN TEQ WATER LIMITED,FPO,1999,72242303,0.002767076791557988,2025-10-29
CNU,CHORUS LIMITED,FPO NZX,18497,433887294,0.004263088653617038,2025-10-29
COB,COBALT BLUE HOLDINGS LIMITED,FPO,75749,511775806,0.014801207699138478,2025-10-29
COD,CODA MINERALS LTD,FPO,39387,333273277,0.011818229278550888,2025-10-29
COG,COG FINANCIAL SERVICES LIMITED,FPO,11514,211858052,0.005434771013565253,2025-10-29
COH,COCHLEAR LIMITED,FPO,74728,65398385,0.11426581864368669,2025-10-29
COI,COMET RIDGE LIMITED,FPO,102423,1196438720,0.008560655743404895,2025-10-29
COL,COLES GROUP LIMITED.,FPO,601990,1342138540,0.04485304475348722,2025-10-29
CORE,SCHRODER GLOBAL CORE FUND - ACTIV,ETF UNITS,13165,1010000,1.3034653465346535,2025-10-29
CPU,COMPUTERSHARE LIMITED.,FPO,114144,578387070,0.019734881002785903,2025-10-29
CRS,CAPRICE RESOURCES LTD,FPO,70153,693179955,0.010120459989354423,2025-10-29
CSC,CAPSTONE COPPER CORP.,CDI 1:1,434091,203016831,0.2138202029170675,2025-10-29
CSL,CSL LIMITED,FPO,380135,485151394,0.07835389214608748,2025-10-29
CTT,CETTIRE LIMITED,FPO,84860,381238220,0.02225904842384376,2025-10-29
CU6,CLARITY PHARMACEUTICALS LTD,FPO,216657,371934449,0.0582513936481318,2025-10-29
CUV,CLINUVEL PHARMACEUTICALS LIMITED,FPO,161516,50200740,0.32174027713535697,2025-10-29
CVL,CIVMEC LIMITED,FPO,7410,509625000,0.001454010301692421,2025-10-29
CVN,CARNARVON ENERGY LIMITED,FPO,189433,1789086882,0.010588250459264169,2025-10-29
CVW,CLEARVIEW WEALTH LIMITED,FPO,88537,637603040,0.013885912463654502,2025-10-29
CWP,CEDAR WOODS PROPERTIES LIMITED,FPO,24626,82951708,0.029687152433316984,2025-10-29
CWY,CLEANAWAY WASTE MANAGEMENT LIMITE,FPO,1268609,2239490720,0.05664720950484671,2025-10-29
CXL,CALIX LIMITED,FPO,12529,214854466,0.005831389141336257,2025-10-29
CXO,CORE LITHIUM LTD,FPO,80613,2660515950,0.003029976196910227,2025-10-29
CY5,CYGNUS METALS LIMITED,FPO,109151,1064424968,0.010254456939796248,2025-10-29
CYL,CATALYST METALS LIMITED,FPO,206013,256359839,0.08036087118934412,2025-10-29
CYP,CYNATA THERAPEUTICS LIMITED,FPO,887,237454369,0.0003735454536951476,2025-10-29
DAI,DECIDR AI INDUSTRIES LTD,FPO,68757,232632034,0.02955611865561043,2025-10-29
DBI,DALRYMPLE BAY INFRASTRUCTURE LIMI,STAPLED,70475,495761667,0.014215500045912183,2025-10-29
DCC,DIGITALX LIMITED,FPO,133,1488752609,8.93365352953682e-06,2025-10-29
DDR,DICKER DATA LIMITED,FPO,13820,180754474,0.007645730528363021,2025-10-29
DEV,DEVEX RESOURCES LIMITED,FPO,14300,441690671,0.00323755988950919,2025-10-29
DFGH,DIMENSIONAL GLOBAL CORE EQUITY TR,ETF UNITS,1953,91562452,0.002132970401447965,2025-10-29
DFND,VANECK GLOBAL DEFENCE ETF,ETF UNITS,16884,6700043,0.25199838269694685,2025-10-29
DGT,DIGICO INFRASTRUCTURE REIT,STAPLED,465659,551095049,0.08449703927570577,2025-10-29
DHHF,BETASHARES DIVERSIFIED ALL GROWTH,ETF UNITS,34131,23519273,0.1451192815356155,2025-10-29
DIFF,PERPETUAL DIVERSIFIED INCOME ACTI,ETF UNITS,125607,3800000,3.305447368421053,2025-10-29
DJRE,SPDR DOW JONES GLOBAL REAL ESTATE,ETF UNITS,15787,21521106,0.07335589537080482,2025-10-29
DJW,DJERRIWARRH INVESTMENTS LIMITED,FPO,2344,262860562,0.0008917275311919937,2025-10-29
DLI,DELTA LITHIUM LIMITED,FPO,5195,717231792,0.0007243125664457439,2025-10-29
DMP,DOMINO'S PIZZA ENTERPRISES LIMITE,FPO,355778,94602138,0.3760781812351852,2025-10-29
DNL,DYNO NOBEL LIMITED.,FPO,739140,1795372022,0.04116918337496517,2025-10-29
DOC,DOCTOR CARE ANYWHERE GROUP PLC,CDI 1:1,18576,366642246,0.005066519257576226,2025-10-29
DOW,DOWNER EDI LIMITED,FPO,106230,668850330,0.015882477025914003,2025-10-29
DPM,DPM METALS INC.,CDI 1:1,31,39122455,7.92383811292006e-05,2025-10-29
DRE,DREADNOUGHT RESOURCES LTD,FPO,621528,5593785713,0.011111044145927226,2025-10-29
DRGN,GLOBAL X CHINA TECH ETF,ETF UNITS,2279,2850000,0.07996491228070175,2025-10-29
DRO,DRONESHIELD LIMITED,FPO,1107050,874718854,0.12656066517116596,2025-10-29
DRR,DETERRA ROYALTIES LIMITED,FPO,75902,529131590,0.01434463589671522,2025-10-29
DSK,DUSK GROUP LIMITED,FPO,141,62267865,0.00022644103824661404,2025-10-29
DTEC,GLOBAL X DEFENCE TECH ETF,ETF UNITS,2290,5550000,0.04126126126126126,2025-10-29
DTL,DATA#3 LIMITED,FPO,120268,155077841,0.07755331079183647,2025-10-29
DTR,DATELINE RESOURCES LIMITED,FPO,1681820,3459863593,0.04860943082850607,2025-10-29
DUB,DUBBER CORPORATION LIMITED,FPO,11630,2630502327,0.0004421208786104222,2025-10-29
DUG,DUG TECHNOLOGY LTD,FPO,1530,135157274,0.0011320145447739646,2025-10-29
DUR,DURATEC LIMITED,FPO,24052,257849735,0.009327913406620333,2025-10-29
DVP,DEVELOP GLOBAL LIMITED,FPO,568606,329444357,0.1725954589654726,2025-10-29
DXB,DIMERIX LIMITED,FPO,175484,600396776,0.029228005048448163,2025-10-29
DXC,DEXUS CONVENIENCE RETAIL REIT,STAPLED,4087,137756563,0.002966827794622025,2025-10-29
DXI,DEXUS INDUSTRIA REIT.,STAPLED,48092,317269911,0.015158071513437656,2025-10-29
DXS,DEXUS,STAPLED,1328482,1075565246,0.12351477559735134,2025-10-29
DYL,DEEP YELLOW LIMITED,FPO,1825739,973124039,0.1876162674879723,2025-10-29
E200,SPDR S&P/ASX 200 ESG ETF,ETF UNITS,18600,3774822,0.4927384655488391,2025-10-29
EBO,EBOS GROUP LIMITED,FPO NZ,14961,205013629,0.007297563617099817,2025-10-29
ECT,ENVIRONMENTAL CLEAN TECHNOLOGIES,FPO,37900,276031096,0.013730337106657,2025-10-29
EDU,EDU HOLDINGS LIMITED,FPO,24218,144043597,0.016812965313550175,2025-10-29
EDV,ENDEAVOUR GROUP LIMITED,FPO,364973,1795725673,0.020324540963445922,2025-10-29
EGG,ENERO GROUP LIMITED,FPO,1276,90735121,0.001406291175828156,2025-10-29
EGH,EUREKA GROUP HOLDINGS LIMITED,FPO,23819,426578945,0.005583726126004648,2025-10-29
EGR,ECOGRAF LIMITED,FPO,99380,456626214,0.0217639717022466,2025-10-29
EHL,EMECO HOLDINGS LIMITED,FPO,123973,518374757,0.02391570930603783,2025-10-29
EIQ,ECHOIQ LIMITED,FPO,51938,649787710,0.007993072075801494,2025-10-29
EL8,ELEVATE URANIUM LTD,FPO,156748,385615812,0.0406487480860873,2025-10-29
ELD,ELDERS LIMITED,FPO,362829,191211193,0.18975301304667871,2025-10-29
ELS,ELSIGHT LIMITED,FPO,95675,218463912,0.04379441854909199,2025-10-29
ELV,ELEVRA LITHIUM LIMITED,FPO,98009,168458841,0.05817979004141433,2025-10-29
EMD,EMYRIA LIMITED,FPO,5620,667908556,0.0008414325508355968,2025-10-29
EMKT,VANECK MSCI MULTIFACTOR EM MARKET,ETF UNITS,3161,11354637,0.027838846807696275,2025-10-29
EML,EML PAYMENTS LIMITED,FPO,122112,387725140,0.031494475699976536,2025-10-29
EMR,EMERALD RESOURCES NL,FPO,112781,660091433,0.017085663343247782,2025-10-29
EMV,EMVISION MEDICAL DEVICES LTD,FPO,5943,91907676,0.0064662716528704305,2025-10-29
EMXC,ISHARES MSCI EMERGING MARKETS EX,ETF UNITS,35855,10962593,0.32706678064213457,2025-10-29
EOL,ENERGY ONE LIMITED,FPO,13692,31436973,0.0435538116217487,2025-10-29
EOS,ELECTRO OPTIC SYSTEMS HOLDINGS LI,FPO,321788,192952099,0.16677092483974482,2025-10-29
EPM,ECLIPSE METALS LIMITED.,FPO,10809,3132485693,0.00034506143233644455,2025-10-29
EQR,EQ RESOURCES LIMITED,FPO,200524,3661789228,0.0054761207572157945,2025-10-29
EQT,EQT HOLDINGS LIMITED,FPO,6253,26791156,0.02333979168349436,2025-10-29
ERD,EROAD LIMITED,FPO NZX,32478,187587526,0.017313517957478687,2025-10-29
ERM,EMMERSON RESOURCES LIMITED,FPO,11348,635687844,0.0017851529028137276,2025-10-29
ESPO,VANECK VIDEO GAMING AND ESPORTS E,ETF UNITS,8974,5210597,0.1722259464702413,2025-10-29
ESTX,GLOBAL X EURO STOXX 50 ETF,ETF UNITS,17020,3529641,0.48220201431250376,2025-10-29
ETM,ENERGY TRANSITION MINERALS LTD,FPO,18228,1979979997,0.0009206153611459946,2025-10-29
EUR,EUROPEAN LITHIUM LIMITED,FPO,1672971,1549278960,0.10798384559485659,2025-10-29
EVG,EVION GROUP NL,FPO,10229,439176673,0.0023291309918912744,2025-10-29
EVN,EVOLUTION MINING LIMITED,FPO,758071,2030525710,0.03733373068199171,2025-10-29
EVO,EMBARK EARLY EDUCATION LIMITED,FPO,36616,183481906,0.019956191211573743,2025-10-29
EVT,EVT LIMITED,FPO,31585,162522422,0.019434241510380642,2025-10-29
EWC,ENERGY WORLD CORPORATION LTD,FPO,34300,3078921246,0.0011140265456468256,2025-10-29
EXT,EXCITE TECHNOLOGY SERVICES LTD,FPO,238400,2081112379,0.011455412134665891,2025-10-29
EZZ,EZZ LIFE SCIENCE HOLDINGS LIMITED,FPO,1181,47173200,0.0025035401456759347,2025-10-29
FAL,FALCON METALS LTD,FPO,18321,212645027,0.00861576697018172,2025-10-29
FANG,GLOBAL X FANG+ ETF,ETF UNITS,172768,43514338,0.3970369490626285,2025-10-29
FASI,FIDELITY ASIA ACTIVE ETF,ETF UNITS,5211,1276114,0.4083490973376987,2025-10-29
FBU,FLETCHER BUILDING LIMITED,FPO NZX,189145,1074897372,0.017596563628029784,2025-10-29
FCL,FINEOS CORPORATION HOLDINGS PLC,CDI 1:1,1656,340084245,0.000486938170276015,2025-10-29
FDR,FINDER ENERGY HOLDINGS LIMITED,FPO,853,385352254,0.00022135591297203102,2025-10-29
FDV,FRONTIER DIGITAL VENTURES LIMITED,FPO,16457,435734768,0.0037768388498206776,2025-10-29
FEX,FENIX RESOURCES LTD,FPO,160318,744474534,0.021534383337281488,2025-10-29
FFM,FIREFLY METALS LTD,FPO,372275,682652432,0.05453360781405668,2025-10-29
FG1,FLYNN GOLD LIMITED,FPO,192840,608655296,0.03168295770484843,2025-10-29
FID,FIDUCIAN GROUP LIMITED,FPO,2049,31567623,0.006490827643247006,2025-10-29
FLOT,VANECK AUSTRALIAN FLOATING RATE E,ETF UNITS,33400,34607138,0.09651188145058398,2025-10-29
FLT,FLIGHT CENTRE TRAVEL GROUP LIMITE,FPO,172965,213714233,0.08093284081832772,2025-10-29
FMG,FORTESCUE LTD,FPO,1187477,3078964918,0.038567409230870625,2025-10-29
FML,FOCUS MINERALS LTD,FPO,55905,286558645,0.019509095598913097,2025-10-29
FND,FINDI LIMITED,FPO,3462,61801221,0.005601831070619139,2025-10-29
FPH,FISHER & PAYKEL HEALTHCARE CORPOR,FPO NZX,33758,587262856,0.005748362876197299,2025-10-29
FPR,FLEETPARTNERS GROUP LIMITED,FPO,65727,216139229,0.030409565308479936,2025-10-29
FRI,FINBAR GROUP LIMITED,FPO,27200,272123142,0.00999547476928662,2025-10-29
FRM,FARM PRIDE FOODS LIMITED,FPO,5727,230791256,0.0024814631625385323,2025-10-29
FRS,FORRESTANIA RESOURCES LIMITED,FPO,4845,419651339,0.0011545298560336537,2025-10-29
FWD,FLEETWOOD LIMITED,FPO,2525,92581099,0.0027273385467156746,2025-10-29
FXG,FELIX GOLD LIMITED,FPO,156275,441211059,0.03541955642594172,2025-10-29
G200,BETASHARES WEALTHBUILDER AUS200 G,ETF UNITS,2470,575810,0.4289609419773884,2025-10-29
G50,G50 CORP LIMITED,FPO,29667,201097659,0.01475253374282194,2025-10-29
GA8,GOLDARC RESOURCES LIMITED,FPO,35000,567519300,0.006167191142221948,2025-10-29
GBR,GREAT BOULDER RESOURCES LIMITED,FPO,142371,1040643469,0.013681054486106613,2025-10-29
GCM,GREEN CRITICAL MINERALS LIMITED,FPO,212166,2863688953,0.007408835368720298,2025-10-29
GCQF,GCQ GLOBAL EQUITIES COMPLEX ETF,ETF UNITS,308417,40397082,0.7634635590758758,2025-10-29
GDF,GARDA PROPERTY GROUP,STAPLED,3175,217573022,0.0014592801859414353,2025-10-29
GDG,GENERATION DEVELOPMENT GROUP LIMI,FPO,107567,399052613,0.02695559344702249,2025-10-29
GDI,GDI PROPERTY GROUP,STAPLED,105286,539822485,0.019503818926697728,2025-10-29
GEAR,BETASHARES GEARED AUSTRALIAN EQUI,ETF UNITS,51655,14541823,0.3552168115373155,2025-10-29
GEM,G8 EDUCATION LIMITED,FPO,559464,771558755,0.07251087443107299,2025-10-29
GG8,GORILLA GOLD MINES LTD,FPO,148007,646226086,0.022903284656323825,2025-10-29
GGP,GREATLAND RESOURCES LIMITED,FPO,576028,670751673,0.08587798185037103,2025-10-29
GGUS,BETASHARES GEARED US EQTY CCY HED,ETF UNITS,13821,6994349,0.19760237872030692,2025-10-29
GHHF,BETASHARES WEALTHBUILDER ALL GR G,ETF UNITS,36605,4065559,0.9003681904505629,2025-10-29
GHLD,GLOBAL X GOLD BULLION (CURRENCY H,ETF UNITS,2389,1645500,0.14518383470069887,2025-10-29
GHY,GOLD HYDROGEN LIMITED,FPO,7046,180454285,0.003904590018463679,2025-10-29
GLDN,ISHARES PHYSICAL GOLD ETF,ETF UNITS,278,7080331,0.003926370108968069,2025-10-29
GLF,GEMLIFE COMMUNITIES GROUP,STAPLED,20805,380288462,0.005470847022437404,2025-10-29
GLIN,ISHARES FTSE GBL INFRASTRUCTURE (,ETF UNITS,89027,48113955,0.18503363525197628,2025-10-29
GLPR,ISHARES FTSE GBL PROPERTY EX AUS,ETF UNITS,279706,19008679,1.4714646925228207,2025-10-29
GMD,GENESIS MINERALS LIMITED,FPO,685465,1141882635,0.0600293742097234,2025-10-29
GMG,GOODMAN GROUP,STAPLED,164822,2044793036,0.00806057127045106,2025-10-29
GML,GATEWAY MINING LIMITED,FPO,191306,2292360313,0.008345372187570236,2025-10-29
GNC,GRAINCORP LIMITED,FPO,31325,222300683,0.014091274744306567,2025-10-29
GNG,GR ENGINEERING SERVICES LIMITED,FPO,11341,167619911,0.006765902649834958,2025-10-29
GNP,GENUSPLUS GROUP LTD,FPO,7011,180974909,0.0038740176960111086,2025-10-29
GOW,GOWING BROS LIMITED,FPO,12,53614870,2.2381850408291578e-05,2025-10-29
GOZ,GROWTHPOINT PROPERTIES AUSTRALIA,STAPLED,2191,754302808,0.0002904669022523379,2025-10-29
GPT,GPT GROUP,STAPLED,317748,1915577430,0.016587583202000874,2025-10-29
GRNV,VANECK MSCI AUSTRALIAN SUSTAINABL,ETF UNITS,9409,7204715,0.13059503394651975,2025-10-29
GRPA,GLOBAL X S&P AUSTRALIA GARP ETF,ETF UNITS,17977,40000,44.9425,2025-10-29
GRR,GRANGE RESOURCES LIMITED.,FPO,144899,1157338698,0.012520016849898853,2025-10-29
GSN,GREAT SOUTHERN MINING LIMITED,FPO,33920,996804290,0.00340287460038921,2025-10-29
GTK,GENTRACK GROUP LIMITED,FPO NZX,12181,107726873,0.011307299340249113,2025-10-29
GWA,GWA GROUP LIMITED.,FPO,13621,265205113,0.005136024658770436,2025-10-29
GXAI,GLOBAL X ARTIFICIAL INTELLIGENCE,ETF UNITS,64898,11404874,0.5690374133024179,2025-10-29
GXLD,GLOBAL X GOLD BULLION ETF,ETF UNITS,41734,5512347,0.7571003784776249,2025-10-29
GYG,GUZMAN Y GOMEZ LIMITED,FPO,20736,103294965,0.02007455058433874,2025-10-29
H100,BETASHARES FTSE 100 CURRENCY HEDG,ETF UNITS,40,1400177,0.002856781678316384,2025-10-29
HACK,BETASHARES GLOBAL CYBERSECURITY E,ETF UNITS,55519,91861181,0.06043793406052552,2025-10-29
HAR,HARANGA RESOURCES LIMITED.,FPO,7669,369094956,0.0020777850998321416,2025-10-29
HAS,HASTINGS TECHNOLOGY METALS LTD,FPO,55220,220103408,0.025088207630115388,2025-10-29
HCH,HOT CHILI LIMITED,FPO,4123,177361814,0.0023246266527246952,2025-10-29
HCRD,BETASHARES INTEREST RATE HEDGED A,ETF UNITS,30457,3068946,0.9924254125031852,2025-10-29
HGBL,BETASHARES GLOBAL SHARES CURRENCY,ETF UNITS,32001,24385331,0.1312305336351596,2025-10-29
HGEN,GLOBAL X HYDROGEN ETF,ETF UNITS,34,5079539,0.0006693520809664026,2025-10-29
HIT,HITECH GROUP AUSTRALIA LIMITED,FPO,1691,42300000,0.003997635933806146,2025-10-29
HJPN,BETASHARES JAPAN CURRENCY HEDGED,ETF UNITS,14208,7123995,0.19943865766329144,2025-10-29
HLI,HELIA GROUP LIMITED,FPO,246210,272486063,0.09035691487824829,2025-10-29
HLO,HELLOWORLD TRAVEL LIMITED,FPO,4491,163326530,0.00274970637042249,2025-10-29
HLS,HEALIUS LIMITED,FPO,137413,726132843,0.01892394777686705,2025-10-29
HMC,HMC CAPITAL LIMITED,FPO,445682,412615731,0.10801381685566419,2025-10-29
HOR,HORSESHOE METALS LIMITED,FPO,85920,744359075,0.011542816214069803,2025-10-29
HPG,HIPAGES GROUP HOLDINGS LTD,FPO,339,136903916,0.0002476189212878323,2025-10-29
HQUS,BETASHARES S&P 500 EQUAL WEIGHT C,ETF UNITS,5136,4911346,0.10457418394061424,2025-10-29
HRZ,HORIZON MINERALS LIMITED,FPO,365313,2994909350,0.012197798240537731,2025-10-29
HSN,HANSEN TECHNOLOGIES LIMITED,FPO,31755,204153315,0.015554486587690238,2025-10-29
HUB,HUB24 LIMITED,FPO,51232,81765983,0.06265686306247917,2025-10-29
HUM,HUMM GROUP LIMITED,FPO,68340,493046984,0.013860748005305719,2025-10-29
HVLU,VANECK MSCI INTERNATIONAL VALUE (,ETF UNITS,8951,1300109,0.6884807350768282,2025-10-29
HVN,HARVEY NORMAN HOLDINGS LIMITED,FPO,396206,1246006654,0.03179806453906786,2025-10-29
HZN,HORIZON OIL LIMITED,FPO,282066,1627588503,0.01733030182261001,2025-10-29
HZR,HAZER GROUP LIMITED,FPO,69833,261764783,0.026677767421448745,2025-10-29
I88,INFINI RESOURCES LIMITED,FPO,4926,68674499,0.007172968236724959,2025-10-29
IAA,ISHARES ASIA 50 ETF,ETF UNITS,4578,8165242,0.056066923674766775,2025-10-29
IAF,ISHARES CORE COMPOSITE BOND ETF,ETF UNITS,39700,32668265,0.12152466621658665,2025-10-29
IAG,INSURANCE AUSTRALIA GROUP LIMITED,FPO,825929,2365283816,0.03491881162053324,2025-10-29
IBAL,ISHARES BALANCED ESG ETF,ETF UNITS,157,700810,0.022402648364035903,2025-10-29
IBX,IMAGION BIOSYSTEMS LIMITED,FPO,2765,468141755,0.0005906330658328053,2025-10-29
ICOR,ISHARES CORE CORPORATE BOND ETF,ETF UNITS,9855,4830800,0.20400347768485552,2025-10-29
IDX,INTEGRAL DIAGNOSTICS LIMITED,FPO,184992,372926663,0.049605463581454894,2025-10-29
IEL,IDP EDUCATION LIMITED,FPO,128086,278336211,0.04601844637455383,2025-10-29
IEM,ISHARES MSCI EMERGING MARKETS ETF,ETF UNITS,23190,17011266,0.13632142369650796,2025-10-29
IFL,INSIGNIA FINANCIAL LTD,FPO,195000,670726143,0.02907296845890201,2025-10-29
IFM,INFOMEDIA LTD,FPO,1427,378419690,0.00037709454283417444,2025-10-29
IFT,INFRATIL LIMITED.,FPO NZX,10291,997194789,0.0010319949636239023,2025-10-29
IGL,IVE GROUP LIMITED,FPO,5769,154105242,0.0037435455959376127,2025-10-29
IGO,IGO LIMITED,FPO,867336,757267813,0.11453490893320194,2025-10-29
IHHY,ISHARES GLOBAL HIGH YIELD BOND (A,ETF UNITS,3704,3443536,0.10756385296973808,2025-10-29
IHOO,ISHARES GLOBAL 100 AUD HEDGED ETF,ETF UNITS,1748,2988702,0.05848692843916858,2025-10-29
IHVV,ISHARES S&P 500 AUD HEDGED ETF,ETF UNITS,137314,50675321,0.27096818982162935,2025-10-29
IHWL,ISHARES CORE MSCI WORLD EX AUS ES,ETF UNITS,2552,14198328,0.01797394735492799,2025-10-29
IJH,ISHARES S&P MID-CAP ETF,ETF UNITS,48724,9700690,0.502273549613481,2025-10-29
IJP,ISHARES MSCI JAPAN ETF,ETF UNITS,57870,7441858,0.7776283825894017,2025-10-29
IJR,ISHARES S&P SMALL-CAP ETF,ETF UNITS,13564,4246780,0.31939492980564094,2025-10-29
IKO,ISHARES MSCI SOUTH KOREA ETF,ETF UNITS,122,1242814,0.009816432708353784,2025-10-29
ILA,ISLAND PHARMACEUTICALS LIMITED,FPO,2373,253956761,0.0009344110354281925,2025-10-29
ILB,ISHARES GOVERNMENT INFLATION ETF,ETF UNITS,4003,7810313,0.05125274748912111,2025-10-29
ILU,ILUKA RESOURCES LIMITED,FPO,1089775,429703905,0.25361068105722706,2025-10-29
IMB,INTELLIGENT MONITORING GROUP LIMI,FPO,2845,375467621,0.0007577217956698323,2025-10-29
IMC,IMMURON LIMITED,FPO,15064,269353813,0.005592644051413521,2025-10-29
IMD,IMDEX LIMITED,FPO,46618,511841821,0.009107891947735158,2025-10-29
IMM,IMMUTEP LIMITED,FPO,276633,1471920338,0.018794019816037084,2025-10-29
IMU,IMUGENE LIMITED,FPO,139145,295835150,0.04703464074502303,2025-10-29
INA,INGENIA COMMUNITIES GROUP,STAPLED,100156,407583264,0.024573138508454558,2025-10-29
ING,INGHAMS GROUP LIMITED,FPO,257772,371679601,0.06935328151086774,2025-10-29
INR,IONEER LTD,FPO,409410,2667809644,0.015346297323753132,2025-10-29
ION,IONDRIVE LIMITED,FPO,57859,1190635333,0.004859506382547443,2025-10-29
IOO,ISHARES GLOBAL 100 ETF,ETF UNITS,38985,28191368,0.13828701040687347,2025-10-29
IOZ,ISHARES CORE S&P/ASX 200 ETF,ETF UNITS,44770,214765862,0.020845957352384058,2025-10-29
IPD,IMPEDIMED LIMITED,FPO,34,2036147471,1.6698201129460333e-06,2025-10-29
IPG,IPD GROUP LTD,FPO,1517,103850692,0.0014607509789149986,2025-10-29
IPH,IPH LIMITED,FPO,647819,261480659,0.24775025521103647,2025-10-29
IPT,IMPACT MINERALS LIMITED,FPO,66667,4744099199,0.0014052615091617944,2025-10-29
IPX,IPERIONX LIMITED,FPO,160026,335644250,0.047677265438034466,2025-10-29
IRE,IRESS LIMITED,FPO,27648,186789474,0.01480169059205124,2025-10-29
IRI,INTEGRATED RESEARCH LIMITED,FPO,13587,180591803,0.007523597291954608,2025-10-29
ISEC,ISHARES ENHANCED CASH ETF,ETF UNITS,37736,3458613,1.0910732134529073,2025-10-29
IVE,ISHARES MSCI EAFE ETF,ETF UNITS,2358,4410974,0.053457581024055005,2025-10-29
IVR,INVESTIGATOR RESOURCES LTD,FPO,355985,1836490351,0.01938398422873064,2025-10-29
IVV,ISHARES S&P 500 ETF,ETF UNITS,230212,183066220,0.12575340223881826,2025-10-29
IVZ,INVICTUS ENERGY LTD,FPO,292285,1603484688,0.01822811294597158,2025-10-29
IWLD,ISHARES CORE MSCI WORLD EX AUSTRA,ETF UNITS,6878,20942946,0.032841606906688296,2025-10-29
IXJ,ISHARES GLOBAL HEALTHCARE ETF,ETF UNITS,4876,9958020,0.048965557410007216,2025-10-29
IZZ,ISHARES CHINA LARGE-CAP ETF,ETF UNITS,17021,8072466,0.21085254493484396,2025-10-29
JBH,JB HI-FI LIMITED,FPO,35905,109333981,0.03283974448895262,2025-10-29
JBY,JAMES BAY MINERALS LIMITED,FPO,55,111507500,4.9324036499787016e-05,2025-10-29
JDO,JUDO CAPITAL HOLDINGS LIMITED,FPO,400001,1121035043,0.03568140019330332,2025-10-29
JEGA,JPM GLOBAL EQUITY PREMIUM INCOME,ETF UNITS,11646,315559,3.6905935181693437,2025-10-29
JEPI,JPMORGAN EQUITY PREMIUM INCOME AC,ETF UNITS,2149,3117080,0.06894272845098617,2025-10-29
JGH,JADE GAS HOLDINGS LIMITED,FPO,83161,1833834171,0.004534815705536333,2025-10-29
JHX,JAMES HARDIE INDUSTRIES PLC,CDI 1:1,128946,430076412,0.029982113969086965,2025-10-29
JIN,JUMBO INTERACTIVE LIMITED,FPO,49825,63363831,0.07863318744095507,2025-10-29
JLL,JINDALEE LITHIUM LIMITED,FPO,148,97460294,0.00015185671407886374,2025-10-29
JMS,JUPITER MINES LIMITED.,FPO,94655,1964800189,0.004817538217368321,2025-10-29
JREG,JPMORGAN GLOBAL RESEARCH EN INDEX,ETF UNITS,573,600406,0.0954354220310923,2025-10-29
JYC,JOYCE CORPORATION LTD,FPO,1020,29569269,0.003449527277796418,2025-10-29
KAI,KAIROS MINERALS LIMITED,FPO,249250,3367390235,0.0074018745261343315,2025-10-29
KAR,KAROON ENERGY LTD,FPO,387602,731456259,0.0529904550314334,2025-10-29
KAU,KAISER REEF LIMITED,FPO,122591,593887531,0.02064212390409658,2025-10-29
KCN,KINGSGATE CONSOLIDATED LIMITED.,FPO,80441,257751692,0.03120871850571596,2025-10-29
KGN,KOGAN.COM LTD,FPO,56469,99622163,0.056683169988991304,2025-10-29
KLS,KELSIAN GROUP LIMITED,FPO,72148,271594906,0.026564563033446585,2025-10-29
KMD,KMD BRANDS LIMITED,FPO NZX,25189,711667484,0.003539433874149012,2025-10-29
KNB,KOONENBERRY GOLD LIMITED,FPO,7753,1027460013,0.0007545792441462148,2025-10-29
KPG,KELLY PARTNERS GROUP HOLDINGS LIM,FPO,5014,45274957,0.01107455496865519,2025-10-29
KSL,KINA SECURITIES LIMITED,FPO,18953,289863920,0.006538585416218755,2025-10-29
KSN,KINGSTON RESOURCES LIMITED,FPO,449221,840040383,0.05347611961174014,2025-10-29
KYP,KINATICO LTD,FPO,13501,432091984,0.003124566180334417,2025-10-29
LAU,LINDSAY AUSTRALIA LIMITED,FPO,63292,364566966,0.017360870814609134,2025-10-29
LDX,LUMOS DIAGNOSTICS HOLDINGS LIMITE,FPO,375465,785857417,0.047777751011542594,2025-10-29
LEND,VANECK GLBL LISTED PRIVATE CREDIT,ETF UNITS,1853,14141096,0.013103651937586733,2025-10-29
LEVR,FIRST SENTIER GEARED AUSTRALIAN S,ETF UNITS,80265,65227269,0.12305436243237472,2025-10-29
LFG,LIBERTY FINANCIAL GROUP,STAPLED,590,303600000,0.00019433465085638997,2025-10-29
LFS,LATITUDE GROUP HOLDINGS LIMITED,FPO,4128,1039732901,0.0003970250432615674,2025-10-29
LIC,LIFESTYLE COMMUNITIES LIMITED,FPO,64429,121740054,0.052923419928826376,2025-10-29
LIN,LINDIAN RESOURCES LIMITED,FPO,3969381,1640860117,0.24190855508495487,2025-10-29
LKE,LAKE RESOURCES N.L.,FPO,202685,2267885936,0.008937177870483518,2025-10-29
LKY,LOCKSLEY RESOURCES LIMITED,FPO,235441,283498961,0.08304827614518136,2025-10-29
LLC,LENDLEASE GROUP,STAPLED,376598,690647878,0.05452822081935073,2025-10-29
LLM,LOYAL METALS LTD,FPO,2503,139966397,0.0017882863699063426,2025-10-29
LMG,LATROBE MAGNESIUM LIMITED,FPO,284824,2895368707,0.009837227269583804,2025-10-29
LNAS,GLOBAL X ULTRA LONG NASDAQ 100 CO,ETF UNITS,56894,5404933,1.0526309946857806,2025-10-29
LNW,LIGHT & WONDER INC.,CDI 1:1,123249,32872995,0.3749247672747798,2025-10-29
LOT,LOTUS RESOURCES LIMITED,FPO,854026,2715777255,0.03144683528178381,2025-10-29
LOV,LOVISA HOLDINGS LIMITED,FPO,13092,110738494,0.011822447215148149,2025-10-29
LPHD,LOFTUS PEAK GLOBAL DISRUPTION HED,ETF UNITS,22045,5540173,0.39791176196122396,2025-10-29
LRK,LARK DISTILLING CO. LTD,FPO,1016,106623002,0.000952890071506334,2025-10-29
LRM,LION ROCK MINERALS LTD,FPO,270677,3063917147,0.008834344631839354,2025-10-29
LRV,LARVOTTO RESOURCES LIMITED,FPO,24271,516492295,0.0046991988525211205,2025-10-29
LSR,LODESTAR MINERALS LIMITED,FPO,429103,865349685,0.04958723709479365,2025-10-29
LTP,LTR PHARMA LIMITED,FPO,13680,112599375,0.012149268146470618,2025-10-29
LTR,LIONTOWN RESOURCES LIMITED,FPO,1157243,2939068797,0.039374478106168675,2025-10-29
LYC,LYNAS RARE EARTHS LIMITED,FPO,1376848,1006502578,0.13679527803454866,2025-10-29
LYL,LYCOPODIUM LIMITED,FPO,6125,39740226,0.015412594784941586,2025-10-29
MAD,MADER GROUP LIMITED,FPO,10407,203461728,0.005114966879667905,2025-10-29
MAF,MA FINANCIAL GROUP LIMITED,FPO,44044,194867377,0.022602038718876994,2025-10-29
MAH,MACMAHON HOLDINGS LIMITED,FPO,495551,2154985818,0.02299555736565873,2025-10-29
MAQ,MACQUARIE TECHNOLOGY GROUP LIMITE,FPO,4063,25773732,0.01576411208124613,2025-10-29
MAU,MAGNETIC RESOURCES NL,FPO,8202,295265356,0.0027778402827590785,2025-10-29
MEI,METEORIC RESOURCES NL,FPO,407009,2640934211,0.01541155392302955,2025-10-29
MEK,MEEKA METALS LIMITED,FPO,447276,2924142670,0.015295970493806309,2025-10-29
MEZ,MERIDIAN ENERGY LIMITED,FPO NZX,1124,1298719649,8.654677711740696e-05,2025-10-29
MFD,MAYFIELD CHILDCARE LIMITED,FPO,2709,75424609,0.003591665950830451,2025-10-29
MFG,MAGELLAN FINANCIAL GROUP LIMITED,FPO,157392,171140768,0.09196639809399478,2025-10-29
MGH,MAAS GROUP HOLDINGS LIMITED,FPO,115966,363795214,0.03187672501925767,2025-10-29
MGR,MIRVAC GROUP,STAPLED,3730176,3945860217,0.0945339113618175,2025-10-29
MGX,MOUNT GIBSON IRON LIMITED,FPO,251962,1180428735,0.021344956500063513,2025-10-29
MHC,MANHATTAN CORPORATION LIMITED,FPO,180096,557373622,0.03231153985252643,2025-10-29
MI6,MINERALS 260 LIMITED,FPO,213663,2067333333,0.010335198324788004,2025-10-29
MIN,MINERAL RESOURCES LIMITED,FPO,217954,197631816,0.11028285040906571,2025-10-29
MKR,MANUKA RESOURCES LTD.,FPO,52186,1106825880,0.004714924085439708,2025-10-29
MLX,METALS X LIMITED,FPO,321297,886391538,0.03624775127309485,2025-10-29
MM8,MEDALLION METALS LIMITED.,FPO,59663,613410005,0.009726447158291785,2025-10-29
MMA,MARONAN METALS LIMITED,FPO,98302,246967112,0.039803680418791954,2025-10-29
MMI,METRO MINING LIMITED,FPO,590463,6110790614,0.009662628574561726,2025-10-29
MMKT,BETASHARES AUSTRALIAN CASH PLUS A,ETF UNITS,31725,8639535,0.36720726289088473,2025-10-29
MMS,MCMILLAN SHAKESPEARE LIMITED,FPO,8524,69643024,0.01223956041885832,2025-10-29
MND,MONADELPHOUS GROUP LIMITED,FPO,23531,99380736,0.023677627020190314,2025-10-29
MP1,MEGAPORT LIMITED,FPO,25231,161811366,0.01559284778548869,2025-10-29
MPL,MEDIBANK PRIVATE LIMITED,FPO,564919,2754003240,0.020512648343870503,2025-10-29
MPW,METAL POWDER WORKS LIMITED,FPO,10602,108735503,0.009750265283639696,2025-10-29
MQAE,MACQUARIE CORE AUSTRALIAN EQUITY,ETF UNITS,102214,56804753,0.17993916811855515,2025-10-29
MQDB,MACQUARIE DYNAMIC BOND ACTIVE ETF,ETF UNITS,20827,8362723,0.24904567567286395,2025-10-29
MQEG,MACQUARIE CORE GLOBAL EQUITY ACTI,ETF UNITS,2361,6205558,0.03804653828068322,2025-10-29
MQG,MACQUARIE GROUP LIMITED,FPO,160849,381138415,0.042202253477913,2025-10-29
MQIO,MACQUARIE INCOME OPPORTUNITIES AC,ETF UNITS,120737,6995244,1.7259869705760087,2025-10-29
MQSD,MACQUARIE SUBORDINATED DEBT ACTIV,ETF UNITS,37580,4481627,0.8385347553466631,2025-10-29
MRE,METRICS REAL ESTATE MULTI-STRATEG,STAPLED,383,151416255,0.0002529451015678601,2025-10-29
MSB,MESOBLAST LIMITED,FPO,322170,1282967187,0.025111320325607048,2025-10-29
MSTR,MORNINGSTAR INTERNATIONAL SHARES,ETF UNITS,1006,32916018,0.0030562627593653646,2025-10-29
MTH,MITHRIL SILVER AND GOLD LIMITED,FPO,51475,183656572,0.028027856253355313,2025-10-29
MTM,METALLIUM LIMITED,FPO,415186,615900905,0.0674111690094042,2025-10-29
MTO,MOTORCYCLE HOLDINGS LIMITED,FPO,1898,73806444,0.002571591174342446,2025-10-29
MTS,METCASH LIMITED,FPO,337235,1098989156,0.030685926076599066,2025-10-29
MVF,MONASH IVF GROUP LIMITED,FPO,162719,389634840,0.04176192252212354,2025-10-29
MVOL,ISHARES EDGE MSCI AUSTRALIA MINIM,ETF UNITS,82,819616,0.010004685120837076,2025-10-29
MVP,MEDICAL DEVELOPMENTS INTERNATIONA,FPO,1719,112658324,0.0015258526302947663,2025-10-29
MVR,VANECK AUSTRALIAN RESOURCES ETF,ETF UNITS,12533,9733131,0.1287663753832143,2025-10-29
MXI,MAXIPARTS LIMITED,FPO,1504,55544562,0.0027077358175945287,2025-10-29
MYR,MYER HOLDINGS LIMITED,FPO,2605650,1730746199,0.1505506700812347,2025-10-29
MYS,MYSTATE LIMITED,FPO,20807,169687485,0.012261953201793286,2025-10-29
MYX,MAYNE PHARMA GROUP LIMITED,FPO,2202,81245827,0.00271029304680473,2025-10-29
NAB,NATIONAL AUSTRALIA BANK LIMITED,FPO,414837,3063032388,0.01354334357107033,2025-10-29
NAN,NANOSONICS LIMITED,FPO,9965,303974959,0.0032782305597744976,2025-10-29
NCK,NICK SCALI LIMITED,FPO,96869,85530699,0.11325641101097514,2025-10-29
NDQ,BETASHARES NASDAQ 100 ETF,ETF UNITS,91685,133221576,0.0688214347501789,2025-10-29
NEC,NINE ENTERTAINMENT CO. HOLDINGS L,FPO,982418,1585762123,0.06195241932891091,2025-10-29
NEM,NEWMONT CORPORATION,CDI 1:1,59373,100503422,0.05907560043079926,2025-10-29
NEU,NEUREN PHARMACEUTICALS LIMITED,FPO NZ,43164,126489526,0.03412456459043099,2025-10-29
NH3,NH3 CLEAN ENERGY LIMITED,FPO,23334,686196027,0.0034004860246735296,2025-10-29
NHC,NEW HOPE CORPORATION LIMITED,FPO,303344,843371758,0.03596800546408622,2025-10-29
NHF,NIB HOLDINGS LIMITED,FPO,40834,487953511,0.008368420162879,2025-10-29
NIC,NICKEL INDUSTRIES LIMITED,FPO,1052572,4340935875,0.024247582325781305,2025-10-29
NMG,NEW MURCHISON GOLD LIMITED,FPO,32500,10795041595,0.0003010641479607935,2025-10-29
NMR,NATIVE MINERAL RESOURCES HOLDINGS,FPO,46538,1003379529,0.00463812532097214,2025-10-29
NOV,NOVATTI GROUP LIMITED,FPO,62250,567613975,0.010966960424115702,2025-10-29
NSB,NEUROSCIENTIFIC BIOPHARMACEUTICAL,FPO,10659,332575706,0.003204984551697832,2025-10-29
NSR,NATIONAL STORAGE REIT,STAPLED,423150,1403727587,0.030144737762427407,2025-10-29
NST,NORTHERN STAR RESOURCES LTD,FPO,716430,1430735312,0.05007425160972053,2025-10-29
NTU,NORTHERN MINERALS LIMITED,FPO,3451717,8357155818,0.04130253252626383,2025-10-29
NUF,NUFARM LIMITED,FPO,205336,383925572,0.05348328295256144,2025-10-29
NVA,NOVA MINERALS LIMITED,FPO,74408,410429177,0.018129315401960323,2025-10-29
NVX,NOVONIX LIMITED,FPO,47813,840041949,0.005691739568115306,2025-10-29
NWH,NRW HOLDINGS LIMITED,FPO,256076,459466948,0.055733279861514655,2025-10-29
NWL,NETWEALTH GROUP LIMITED,FPO,54026,245358444,0.022019213652985183,2025-10-29
NXD,NEXTED GROUP LIMITED,FPO,191,222459723,8.585823870687819e-05,2025-10-29
NXG,NEXGEN ENERGY (CANADA) LTD,CDI 1:1,78352,157450433,0.04976296254453616,2025-10-29
NXL,NUIX LIMITED,FPO,146627,334657188,0.043814089539292965,2025-10-29
NXT,NEXTDC LIMITED,FPO,314075,640850580,0.049009084145636574,2025-10-29
NZM,NZME LIMITED,FPO NZX,13368,187899804,0.007114429986313344,2025-10-29
OBM,ORA BANDA MINING LTD,FPO,827522,1901713887,0.04351453736847009,2025-10-29
OCC,ORTHOCELL LIMITED,FPO,88196,270859429,0.03256153951354598,2025-10-29
OCL,OBJECTIVE CORPORATION LIMITED,FPO,1609,95671246,0.0016818010293291258,2025-10-29
OFX,OFX GROUP LIMITED,FPO,51017,231709686,0.022017638054198565,2025-10-29
OML,OOH!MEDIA LIMITED,FPO,9973,538781286,0.001851029398968397,2025-10-29
ONE,ONEVIEW HEALTHCARE PLC,CDI 1:1,20261,765338861,0.002647324085115286,2025-10-29
ORA,ORORA LIMITED,FPO,665573,1260030461,0.05282197697599947,2025-10-29
ORG,ORIGIN ENERGY LIMITED,FPO,265274,1722747671,0.015398308438636108,2025-10-29
ORI,ORICA LIMITED,FPO,64042,467563937,0.013696950284683741,2025-10-29
OVT,OVANTI LIMITED,FPO,218521,5515789649,0.003961735561101706,2025-10-29
OZBD,BETASHARES AUSTRALIAN COMPOSITE B,ETF UNITS,90258,20024343,0.4507413801291758,2025-10-29
PAC,PACIFIC CURRENT GROUP LIMITED,FPO,2955,30153859,0.00979974072306964,2025-10-29
PAR,PARADIGM BIOPHARMACEUTICALS LIMIT,FPO,17821,423511549,0.004207913583957542,2025-10-29
PBH,POINTSBET HOLDINGS LIMITED,FPO,145,347586582,4.1716224822510555e-05,2025-10-29
PDI,PREDICTIVE DISCOVERY LIMITED,FPO,744698,2624669644,0.028373018360706118,2025-10-29
PDN,PALADIN ENERGY LTD,FPO,681976,449328421,0.1517767334819891,2025-10-29
PEN,PENINSULA ENERGY LIMITED,FPO,86382,407618557,0.02119187130138435,2025-10-29
PEX,PEEL MINING LIMITED,FPO,7500,761868988,0.0009844212217757313,2025-10-29
PFP,PROPEL FUNERAL PARTNERS LIMITED,FPO,428,137973594,0.0003102042844517046,2025-10-29
PGC,PARAGON CARE LIMITED,FPO,67453,1655305389,0.004074958037848809,2025-10-29
PH2,PURE HYDROGEN CORPORATION LIMITED,FPO,33370,384363171,0.00868189319834704,2025-10-29
PIQ,PROTEOMICS INTERNATIONAL LABORATO,FPO,86186,163681857,0.05265458345820209,2025-10-29
PL8,PLATO INCOME MAXIMISER LIMITED.,FPO,117,748636226,1.5628418173822115e-05,2025-10-29
PLA,PACIFIC LIME AND CEMENT LIMITED,CDI 1:1,25000,838358455,0.002982017996108836,2025-10-29
PLS,PILBARA MINERALS LIMITED,FPO,2513329,3219441647,0.07806723263153463,2025-10-29
PLT,PLENTI GROUP LIMITED,FPO,6012,179427357,0.0033506596209852213,2025-10-29
PLY,PLAYSIDE STUDIOS LIMITED,FPO,4050,451480388,0.0008970489322783163,2025-10-29
PMC,PLATINUM CAPITAL LIMITED,FPO,141,254506420,5.540135294033054e-05,2025-10-29
PME,PRO MEDICUS LIMITED,FPO,34876,104510839,0.03337070138725037,2025-10-29
PMV,PREMIER INVESTMENTS LIMITED,FPO,205959,159879998,0.1288209923545283,2025-10-29
PNC,PIONEER CREDIT LIMITED,FPO,13104,160721344,0.008153241924109345,2025-10-29
PNI,PINNACLE INVESTMENT MANAGEMENT GR,FPO,56902,227548248,0.025006564761597284,2025-10-29
PNN,POWER MINERALS LIMITED,FPO,40881,249869366,0.016360949184943303,2025-10-29
PNR,PANTORO GOLD LIMITED,FPO,154268,394180907,0.03913634507924048,2025-10-29
PNV,POLYNOVO LIMITED,FPO,165787,690842991,0.023997782732082463,2025-10-29
POD,PODIUM MINERALS LIMITED,FPO,186889,987626544,0.01892304344545847,2025-10-29
PPC,PEET LIMITED,FPO,4640,468158956,0.0009911163592051415,2025-10-29
PPE,PEOPLEIN LIMITED,FPO,488,109100615,0.0004472935372545792,2025-10-29
PPK,PPK GROUP LIMITED,FPO,866,90812498,0.0009536132350417229,2025-10-29
PPL,PUREPROFILE LTD,FPO,47832,1169796802,0.0040889152644477825,2025-10-29
PPM,PEPPER MONEY LIMITED,FPO,3987,444513419,0.000896935802066304,2025-10-29
PPS,PRAEMIUM LIMITED,FPO,36364,478425394,0.00760076711145479,2025-10-29
PPT,PERPETUAL LIMITED,FPO,19863,114782568,0.01730489249900734,2025-10-29
PRN,PERENTI LIMITED,FPO,738855,939880201,0.07861161446042632,2025-10-29
PRU,PERSEUS MINING LIMITED,FPO,842036,1351230319,0.062316245288454045,2025-10-29
PSC,PROSPECT RESOURCES LIMITED,FPO,158747,703633427,0.022561037311264635,2025-10-29
PWH,PWR HOLDINGS LIMITED,FPO,68301,100574122,0.06791110739201879,2025-10-29
PWR,PETER WARREN AUTOMOTIVE HOLDINGS,FPO,2726,172256068,0.0015825277052068786,2025-10-29
PXA,PEXA GROUP LIMITED,FPO,24548,177601862,0.013821927159750159,2025-10-29
PXX,POLARX LIMITED,FPO,46690,2716783757,0.0017185762348475347,2025-10-29
PYC,PYC THERAPEUTICS LIMITED,FPO,15517,583260447,0.0026603895532110373,2025-10-29
QAL,QUALITAS LIMITED,FPO,14475,300173988,0.004822203314965453,2025-10-29
QAN,QANTAS AIRWAYS LIMITED,FPO,565969,1513199279,0.03740214576192644,2025-10-29
QAU,BETASHARES GOLD BULLION CURRENCY,ETF UNITS,34743,41935527,0.0828486071010864,2025-10-29
QBE,QBE INSURANCE GROUP LIMITED,FPO,210370,1510196921,0.013929971454365057,2025-10-29
QETH,BETASHARES ETHEREUM ETF.,ETF UNITS,2196,750020,0.2927921922082078,2025-10-29
QGL,QUANTUM GRAPHITE LIMITED,FPO,2106,344988619,0.0006104549205433353,2025-10-29
QHAL,VANECK MSCI INTERNATIONAL QUALITY,ETF UNITS,20151,41905764,0.04808646371415636,2025-10-29
QHSM,VANECK MSCI INTL SML COMP QUALITY,ETF UNITS,8663,8152119,0.1062668491468292,2025-10-29
QMIX,SPDR MSCI WORLD QUALITY MIX ETF,ETF UNITS,18760,10236686,0.1832624347371796,2025-10-29
QOR,QORIA LIMITED,FPO,284106,1333629404,0.021303219556187893,2025-10-29
QOZ,BETASHARES FTSE RAFI AUSTRALIA 20,ETF UNITS,666,45680356,0.0014579571139944705,2025-10-29
QPM,QPM ENERGY LIMITED,FPO,508451,3089345759,0.016458209590776984,2025-10-29
QPON,BETASHARES AUSTRALIAN BANK SENIOR,ETF UNITS,106672,65531732,0.16277915560052647,2025-10-29
QRE,BETASHARES AUSTRALIAN RESOURCES S,ETF UNITS,3233,42976866,0.007522651837851555,2025-10-29
QSML,VANECK MSCI INTL SMALL COMPANIES,ETF UNITS,111477,48419053,0.23023374703342506,2025-10-29
QUB,QUBE HOLDINGS LIMITED,FPO,311061,1769612012,0.017577920916599203,2025-10-29
QUS,BETASHARES S&P 500 EQUAL WEIGHT E,ETF UNITS,117,17636422,0.0006633998664808541,2025-10-29
RAD,RADIOPHARM THERANOSTICS LIMITED,FPO,20200,2780655692,0.000726447364846924,2025-10-29
RCE,RECCE PHARMACEUTICALS LTD,FPO,3722,289183422,0.00128707239656359,2025-10-29
RCM,RAPID CRITICAL METALS LIMITED,FPO,10099,798518782,0.0012647166513360733,2025-10-29
RDX,REDOX LIMITED,FPO,110409,525081428,0.021027024402775107,2025-10-29
RDY,READYTECH HOLDINGS LIMITED,FPO,2205,123564107,0.0017844987946216454,2025-10-29
REA,REA GROUP LTD,FPO,11861,132117217,0.00897763385373157,2025-10-29
REE,RAREX LIMITED,FPO,180852,1014482201,0.017827025434426522,2025-10-29
REG,REGIS HEALTHCARE LIMITED,FPO,97090,302361505,0.03211056910171154,2025-10-29
REH,REECE LIMITED,FPO,197057,617886428,0.031892106877608906,2025-10-29
REIT,VANECK FTSE INTERNATIONAL PROPERT,ETF UNITS,2177,38464119,0.005659820260019474,2025-10-29
RFF,RURAL FUNDS GROUP,STAPLED,12808,389722999,0.003286436785323003,2025-10-29
RFG,RETAIL FOOD GROUP LIMITED,FPO,6529,62930789,0.010374889785665963,2025-10-29
RGN,REGION GROUP,STAPLED,413500,1161439321,0.035602376510205994,2025-10-29
RHC,RAMSAY HEALTH CARE LIMITED,FPO,86887,230829811,0.03764115199141241,2025-10-29
RHI,RED HILL MINERALS LIMITED,FPO,46,64127625,7.173195639164868e-05,2025-10-29
RIC,RIDLEY CORPORATION LIMITED,FPO,44701,374853074,0.01192493888952342,2025-10-29
RIO,RIO TINTO LIMITED,FPO,177595,371216214,0.04784139089355618,2025-10-29
RLT,RENERGEN LIMITED,CDI 1:1,375,30325976,0.0012365636641010335,2025-10-29
RMC,RESIMAC GROUP LTD,FPO,498,395529012,0.00012590732535190113,2025-10-29
RML,RESOLUTION MINERALS LTD,FPO,370103,1798181881,0.02058206702617754,2025-10-29
RMS,RAMELIUS RESOURCES LIMITED,FPO,3377194,1924592116,0.17547583053696766,2025-10-29
RMX,RED MOUNTAIN MINING LIMITED,FPO,200681,781347664,0.025683957250558827,2025-10-29
RNU,RENASCOR RESOURCES LIMITED,FPO,58463,2543154360,0.0022988380461499004,2025-10-29
ROBO,GLOBAL X ROBO GLOBAL ROBOTICS & A,ETF UNITS,13296,2872502,0.46287174038521123,2025-10-29
ROYL,BETASHARES GLOBAL ROYALTIES ETF,ETF UNITS,90204,3061042,2.9468396709355837,2025-10-29
RPL,REGAL PARTNERS LIMITED,FPO,126475,369399720,0.03423797938991399,2025-10-29
RRL,REGIS RESOURCES LIMITED,FPO,454967,757252199,0.060081304564161456,2025-10-29
RSG,RESOLUTE MINING LIMITED,FPO,2178389,2129696013,0.10228638203305873,2025-10-29
RSSL,GLOBAL X RUSSELL 2000 ETF,ETF UNITS,7032,400032,1.7578593712503001,2025-10-29
RTH,RAS TECHNOLOGY HOLDINGS LIMITED,FPO,422,46725714,0.0009031429674889505,2025-10-29
RTR,RUMBLE RESOURCES LIMITED,FPO,5218,1230143742,0.0004241780713785885,2025-10-29
RUL,RPMGLOBAL HOLDINGS LIMITED,FPO,35845,221508058,0.01618225554575536,2025-10-29
RWC,RELIANCE WORLDWIDE CORPORATION LI,FPO,388415,766432961,0.05067827452165122,2025-10-29
RXL,ROX RESOURCES LIMITED,FPO,90372,752428749,0.012010705348527292,2025-10-29
S32,SOUTH32 LIMITED,FPO,2622922,4499544842,0.05829305167751454,2025-10-29
SBM,ST BARBARA LIMITED,FPO,646244,1209795861,0.053417607121405086,2025-10-29
SCG,SCENTRE GROUP,STAPLED,1351500,5216417412,0.025908586166647048,2025-10-29
SDF,STEADFAST GROUP LIMITED,FPO,1679251,1111991628,0.15101291751811644,2025-10-29
SDR,SITEMINDER LIMITED,FPO,263717,281396281,0.09371730111813383,2025-10-29
SDV,SCIDEV LTD,FPO,42972,190088581,0.022606302690007456,2025-10-29
SEK,SEEK LIMITED,FPO,148737,357220190,0.04163734418258946,2025-10-29
SEMI,GLOBAL X SEMICONDUCTOR ETF,ETF UNITS,45377,20824903,0.21789777364149068,2025-10-29
SEQ,SEQUOIA FINANCIAL GROUP LTD,FPO,62947,123596901,0.050929270467711805,2025-10-29
SFIF,SEED FINANCIAL INCOME FUND ACTIVE,ETF UNITS,25766,50000,51.532,2025-10-29
SFR,SANDFIRE RESOURCES LIMITED,FPO,220645,460787264,0.04788435298420053,2025-10-29
SFX,SHEFFIELD RESOURCES LIMITED,FPO,14319,395527302,0.0036202304942276778,2025-10-29
SGH,SGH LIMITED,FPO,432220,406998167,0.1061970384746229,2025-10-29
SGM,SIMS LIMITED,FPO,102643,193226535,0.053120550963665525,2025-10-29
SGP,STOCKLAND,STAPLED,1255179,2422368943,0.051816177862878086,2025-10-29
SGQ,ST GEORGE MINING LIMITED,FPO,2021039,3544233832,0.05702329744026889,2025-10-29
SGR,THE STAR ENTERTAINMENT GROUP LIMI,FPO,269081,2868680877,0.00937995585906365,2025-10-29
SHA,SHAPE AUSTRALIA CORPORATION LIMIT,FPO,4746,83489260,0.005684563499544732,2025-10-29
SHL,SONIC HEALTHCARE LIMITED,FPO,449663,494237953,0.09098107445423156,2025-10-29
SHV,SELECT HARVESTS LIMITED,FPO,18167,142107639,0.01278397145138693,2025-10-29
SIG,SIGMA HEALTHCARE LIMITED,FPO,3158796,11543702836,0.027363802108185176,2025-10-29
SIQ,SMARTGROUP CORPORATION LTD,FPO,25963,135605546,0.019145972097630873,2025-10-29
SKC,SKYCITY ENTERTAINMENT GROUP LIMIT,FPO NZX,44873,1103055047,0.004068065335636872,2025-10-29
SKK,STAKK LIMITED,FPO,2347163,2466357879,0.0951671701817934,2025-10-29
SKO,SERKO LIMITED,FPO NZX,47,124600150,3.772066084992675e-05,2025-10-29
SKS,SKS TECHNOLOGIES GROUP LIMITED,FPO,8559,114708308,0.007461534521108968,2025-10-29
SKT,SKY NETWORK TELEVISION LIMITED.,FPO NZX,156,137675010,0.00011331032407406398,2025-10-29
SLB,STELAR METALS LIMITED,FPO,11494,63557925,0.01808429082604569,2025-10-29
SLC,SUPERLOOP LIMITED,FPO,87050,512551543,0.016983657778199292,2025-10-29
SLX,SILEX SYSTEMS LIMITED,FPO,142664,276887304,0.05152421145319108,2025-10-29
SMI,SANTANA MINERALS LIMITED,FPO,75409,831339461,0.009070783180349958,2025-10-29
SMM,SOMERSET MINERALS LIMITED,FPO,13449,958655176,0.001402902768033456,2025-10-29
SMR,STANMORE RESOURCES LIMITED,FPO,292763,901391634,0.03247900124176213,2025-10-29
SNAS,GLOBAL X ULTRA SHORT NASDAQ 100 C,ETF UNITS,291342,3775168,7.717325427636598,2025-10-29
SNL,SUPPLY NETWORK LIMITED,FPO,12596,43753845,0.02878832706017037,2025-10-29
SNT,SYNTARA LIMITED,FPO,50000,1632399195,0.0030629762715608296,2025-10-29
SOL,WASHINGTON H. SOUL PATTINSON AND,FPO,67263,379919682,0.01770453155938365,2025-10-29
SP8,STREAMPLAY STUDIO LIMITED,FPO,10896,1281364510,0.0008503435138842734,2025-10-29
SPK,SPARK NEW ZEALAND LIMITED,FPO NZX,47837,1890109281,0.0025309118621274045,2025-10-29
SPL,STARPHARMA HOLDINGS LIMITED,FPO,46539,418224781,0.011127748070959,2025-10-29
SPZ,SMART PARKING LIMITED,FPO,1647,410152911,0.0004015575547140272,2025-10-29
SRG,SRG GLOBAL LIMITED,FPO,248170,612643517,0.04050805943646344,2025-10-29
SRL,SUNRISE ENERGY METALS LIMITED,FPO,94989,123431439,0.07695689264385876,2025-10-29
SRV,SERVCORP LIMITED,FPO,4022,99664888,0.004035523523590374,2025-10-29
SS1,SUN SILVER LIMITED,FPO,4777,132515922,0.0036048498383462178,2025-10-29
SSG,SHAVER SHOP GROUP LIMITED,FPO,4480,131012494,0.003419521194673235,2025-10-29
SSM,SERVICE STREAM LIMITED,FPO,257744,618405410,0.04167880743475384,2025-10-29
STK,STRICKLAND METALS LIMITED,FPO,102489,2262359797,0.004530181279560636,2025-10-29
STN,SATURN METALS LIMITED,FPO,134804,537646429,0.02507298341974108,2025-10-29
STO,SANTOS LIMITED,FPO,954584,3247772961,0.029391956009944747,2025-10-29
STP,STEP ONE CLOTHING LIMITED,FPO,797,185340291,0.00043001982769089316,2025-10-29
STW,SPDR S&P/ASX 200 ETF,ETF UNITS,9112,78617373,0.011590313504878876,2025-10-29
STX,STRIKE ENERGY LIMITED,FPO,555564,3599396998,0.015434918690788996,2025-10-29
SUL,SUPER RETAIL GROUP LIMITED,FPO,153035,225826500,0.0677666261488355,2025-10-29
SUN,SUNCORP GROUP LIMITED,FPO,114088,1082967555,0.010534756971551193,2025-10-29
SVG,SAVANNAH GOLDFIELDS LIMITED,FPO,15467,2141577039,0.0007222247772707839,2025-10-29
SVL,SILVER MINES LIMITED,FPO,1848497,2141371586,0.08632303763089158,2025-10-29
SVM,SOVEREIGN METALS LIMITED,FPO,137885,646938703,0.02131345664753033,2025-10-29
SVR,SOLVAR LIMITED,FPO,4377,189929112,0.0023045440237724063,2025-10-29
SWM,SEVEN WEST MEDIA LIMITED,FPO,644331,1539140502,0.04186303973956498,2025-10-29
SX2,SOUTHERN CROSS GOLD CONSOLIDATED,CDI 1:1,87564,141227264,0.06200219243785676,2025-10-29
SXE,SOUTHERN CROSS ELECTRICAL ENGINEE,FPO,47032,265973797,0.01768294491054696,2025-10-29
SXL,SOUTHERN CROSS MEDIA GROUP LIMITE,FPO,2580,239899149,0.001075451918339235,2025-10-29
SYI,SPDR MSCI AUSTRALIA SELECT HIGH D,ETF UNITS,15879,17660670,0.08991165114347305,2025-10-29
SYL,SYMAL GROUP LIMITED,FPO,5622,236160717,0.0023805822032628736,2025-10-29
SYR,SYRAH RESOURCES LIMITED,FPO,908131,1311538739,0.06924164517568245,2025-10-29
TAH,TABCORP HOLDINGS LIMITED,FPO,1003562,2289219336,0.04383861276279207,2025-10-29
TBR,TRIBUNE RESOURCES LIMITED,FPO,224,52468077,0.00042692626222988884,2025-10-29
TCG,TURACO GOLD LIMITED,FPO,80724,1051969267,0.007673608206274719,2025-10-29
TCL,TRANSURBAN GROUP,STAPLED,1166969,3114682847,0.037466703909324224,2025-10-29
TEA,TASMEA LIMITED,FPO,1419,253919541,0.0005588384392991636,2025-10-29
TER,TERRACOM LIMITED,FPO,16801,800966235,0.0020975915420454647,2025-10-29
TLC,THE LOTTERY CORPORATION LIMITED,FPO,364971,2225771703,0.016397503818926032,2025-10-29
TLG,TALGA GROUP LTD,FPO,16103,456271152,0.003529261039058634,2025-10-29
TLM,TALISMAN MINING LIMITED,FPO,35331,188320349,0.018761116463309017,2025-10-29
TLS,TELSTRA GROUP LIMITED,FPO,5357021,11350482012,0.047196418569153534,2025-10-29
TLX,TELIX PHARMACEUTICALS LIMITED,FPO,481910,338458823,0.14238364233749048,2025-10-29
TM1,TERRA METALS LIMITED,FPO,254972,672420777,0.03791851898710738,2025-10-29
TMG,TRIGG MINERALS LIMITED,FPO,13933,1218550799,0.001143407399300388,2025-10-29
TNE,TECHNOLOGY ONE LIMITED,FPO,35609,327368541,0.010877343281436441,2025-10-29
TOE,TORO ENERGY LIMITED,FPO,3108,120281848,0.002583931035046951,2025-10-29
TPG,TPG TELECOM LIMITED.,FPO,238753,1859341669,0.012840727660796592,2025-10-29
TPW,TEMPLE & WEBSTER GROUP LTD,FPO,52547,120274809,0.043689115315909584,2025-10-29
TRP,TISSUE REPAIR LTD,FPO,13159,60464843,0.021763059899121875,2025-10-29
TSO,TESORO GOLD LTD,FPO,207210,2518362377,0.008227965994585694,2025-10-29
TTM,TITAN MINERALS LIMITED,FPO,19314,286515571,0.006740994889942648,2025-10-29
TTT,TITOMIC LIMITED,FPO,30235,1537195539,0.0019668935560188355,2025-10-29
TUA,TUAS LIMITED,FPO,161028,546850821,0.029446421915493473,2025-10-29
TVN,TIVAN LIMITED,FPO,235624,2230365240,0.010564368372240234,2025-10-29
TWE,TREASURY WINE ESTATES LIMITED,FPO,671234,807437260,0.08313141258801954,2025-10-29
TWR,TOWER LIMITED,FPO NZX,62,342552063,1.809943850783348e-05,2025-10-29
TYR,TYRO PAYMENTS LIMITED,FPO,242872,529151949,0.045898347432903434,2025-10-29
UMAX,BETASHARES S&P 500 YIELD MAXIMISE,ETF UNITS,5562,10908714,0.05098676159261302,2025-10-29
UNI,UNIVERSAL STORE HOLDINGS LIMITED,FPO,20174,76720810,0.026295342815071947,2025-10-29
USL,UNICO SILVER LIMITED,FPO,76691,510313503,0.015028212961082473,2025-10-29
UVA,UVRE LIMITED,FPO,1800,189658501,0.000949074252147548,2025-10-29
VACF,VANGUARD AUSTRALIAN CORP FIXED IN,ETF UNITS,5365,14213664,0.03774536952611234,2025-10-29
VAE,VANGUARD FTSE ASIA EX JAPAN SHARE,ETF UNITS,5592,7220070,0.07745077263793841,2025-10-29
VAF,VANGUARD AUSTRALIAN FIXED INTERES,ETF UNITS,121841,65711093,0.18541922594408833,2025-10-29
VAS,VANGUARD AUSTRALIAN SHARES INDEX,ETF UNITS,30230,202555066,0.01492433667395907,2025-10-29
VAU,VAULT MINERALS LIMITED,FPO,1900960,6788113967,0.02800424402479688,2025-10-29
VBLD,VANGUARD GLOBAL INFRASTRUCTURE IN,ETF UNITS,6847,7221885,0.09480904223758756,2025-10-29
VBND,VANGUARD GLOBAL AGGREGATE BOND IN,ETF UNITS,63755,88215748,0.07227167648116525,2025-10-29
VBTC,VANECK BITCOIN ETF,ETF UNITS,31864,10497000,0.3035533962084405,2025-10-29
VCX,VICINITY CENTRES,STAPLED,733930,4599700895,0.01595603750665183,2025-10-29
VDAL,VANGUARD DIVERSIFIED ALL GROWTH I,ETF UNITS,34111,2761150,1.23539105083027,2025-10-29
VDBA,VANGUARD DIVERSIFIED BALANCED IND,ETF UNITS,16815,13281329,0.12660630573943316,2025-10-29
VDCO,VANGUARD DIVERSIFIED CONSERVATIVE,ETF UNITS,1434,4701302,0.03050218854266329,2025-10-29
VDGR,VANGUARD DIVERSIFIED GROWTH INDEX,ETF UNITS,51516,18390254,0.28012663664134274,2025-10-29
VDHG,VANGUARD DIVERSIFIED HIGH GROWTH,ETF UNITS,52071,45451435,0.11456403961723101,2025-10-29
VEA,VIVA ENERGY GROUP LIMITED,FPO,849737,1625651926,0.052270537524648435,2025-10-29
VEE,VEEM LTD,FPO,13703,145980141,0.009386893248719358,2025-10-29
VEFI,VANGUARD ETHICALLY CONSCIOUS GLB,ETF UNITS,341,1824595,0.01868907894628671,2025-10-29
VEN,VINTAGE ENERGY LTD,FPO,317600,2086913644,0.015218646009293138,2025-10-29
VEQ,VANGUARD FTSE EUROPE SHARES ETF,ETF UNITS,30,5522676,0.0005432149197236992,2025-10-29
VESG,VANGUARD ETHICALLY CONSCIOUS INTE,ETF UNITS,1,11884077,8.414620672686655e-06,2025-10-29
VEU,VANGUARD ALL-WORLD EX-US SHARES I,CDI 1:1,20141,43653578,0.0461382569831962,2025-10-29
VGAD,VANGUARD MSCI INDEX INTERNATIONAL,ETF UNITS,48833,48632140,0.10041301904460713,2025-10-29
VGB,VANGUARD AUSTRALIAN GOVERNMENT BO,ETF UNITS,112322,26833716,0.4185853349569624,2025-10-29
VGE,VANGUARD FTSE EMERGING MARKETS SH,ETF UNITS,19274,17343620,0.11113020234530047,2025-10-29
VGL,VISTA GROUP INTERNATIONAL LIMITED,FPO NZX,369,238834381,0.00015450036902350337,2025-10-29
VGN,VIRGIN AUSTRALIA HOLDINGS LIMITED,FPO,21627,781990466,0.0027656347411273937,2025-10-29
VGS,VANGUARD MSCI INDEX INTERNATIONAL,ETF UNITS,85743,87449004,0.09804914416177914,2025-10-29
VHM,VHM LIMITED,FPO,21660,259171423,0.008357402891598894,2025-10-29
VHY,VANGUARD AUSTRALIAN SHARES HIGH Y,ETF UNITS,50403,73303148,0.06875966636521531,2025-10-29
VIF,VANGUARD INTERNATIONAL FIXED INTE,ETF UNITS,9881,24367314,0.04055022231830722,2025-10-29
VISM,VANGUARD MSCI INTERNATIONAL SMALL,ETF UNITS,26887,9527622,0.28220053230491304,2025-10-29
VMIN,VANGUARD GLOBAL MINIMUM VOLATILIT,ETF UNITS,2458,203908,1.2054455931106185,2025-10-29
VML,VITAL METALS LIMITED,FPO,20515,146494084,0.014003978481479155,2025-10-29
VMM,VIRIDIS MINING AND MINERALS LIMIT,FPO,6280,102249639,0.006141830975070729,2025-10-29
VNT,VENTIA SERVICES GROUP LIMITED,FPO,154392,834626201,0.018498340911777822,2025-10-29
VR1,VECTION TECHNOLOGIES LTD,FPO,66923,2247353999,0.002977857517319415,2025-10-29
VSL,VULCAN STEEL LIMITED,FPO,6498,146529960,0.004434587984600555,2025-10-29
VTM,VICTORY METALS LIMITED,FPO,19085,130798219,0.014591177269776127,2025-10-29
VTX,VERTEX MINERALS LIMITED,FPO,99703,286517279,0.03479825033519182,2025-10-29
VUL,VULCAN ENERGY RESOURCES LIMITED,FPO,107833,234429181,0.04599811317858078,2025-10-29
VVA,VIVA LEISURE LIMITED,FPO,983,98546369,0.0009974999687710462,2025-10-29
VVLU,VANGUARD GLOBAL VALUE EQUITY ACTI,ETF UNITS,12732,11494941,0.11076176902517376,2025-10-29
VYS,VYSARN LIMITED,FPO,1746,527444829,0.000331029882937766,2025-10-29
WA1,WA1 RESOURCES LTD,FPO,24511,74248129,0.03301227967643468,2025-10-29
WA8,WARRIEDAR RESOURCES LIMITED,FPO,217660,1212979933,0.017944237499599263,2025-10-29
WBC,WESTPAC BANKING CORPORATION,FPO,906988,3420353305,0.026517377566642932,2025-10-29
WBT,WEEBIT NANO LTD,FPO,78603,208797169,0.03764562535807178,2025-10-29
WC8,WILDCAT RESOURCES LIMITED,FPO,548713,1342428823,0.04087464382459851,2025-10-29
WCE,WEST COAST SILVER LIMITED,FPO,234,330640295,7.07717732952059e-05,2025-10-29
WCN,WHITE CLIFF MINERALS LIMITED,FPO,331602,2448395204,0.013543646853181796,2025-10-29
WDS,WOODSIDE ENERGY GROUP LTD,FPO,323824,1901100143,0.01703350563579438,2025-10-29
WEB,WEB TRAVEL GROUP LIMITED,FPO,94823,361340678,0.026241994265588885,2025-10-29
WES,WESFARMERS LIMITED,FPO,187605,1134457212,0.016536983326965706,2025-10-29
WGN,WAGNERS HOLDING COMPANY LIMITED,FPO,3716,199723828,0.00186056918556558,2025-10-29
WGR,WESTERN GOLD RESOURCES LIMITED.,FPO,806,259812288,0.00031022397216254837,2025-10-29
WGX,WESTGOLD RESOURCES LIMITED.,FPO,1038338,944831564,0.10989662491842833,2025-10-29
WHC,WHITEHAVEN COAL LIMITED,FPO,1604535,830496386,0.1932019244211377,2025-10-29
WIA,WIA GOLD LIMITED,FPO,116001,1475560336,0.007861488084889807,2025-10-29
WIN,WIN METALS LTD,FPO,20000,687961543,0.0029071392439736997,2025-10-29
WIRE,GLOBAL X COPPER MINERS ETF,ETF UNITS,4150,20041999,0.020706517348893193,2025-10-29
WJL,WEBJET GROUP LIMITED,FPO,2586,392530357,0.000658802549633123,2025-10-29
WLE,WAM LEADERS LIMITED,FPO,31,1373470690,2.257055809469076e-06,2025-10-29
WOR,WORLEY LIMITED,FPO,102180,514707970,0.01985203376586533,2025-10-29
WOW,WOOLWORTHS GROUP LIMITED,FPO,500429,1221597320,0.0409651357126422,2025-10-29
WPR,WAYPOINT REIT,STAPLED,122354,659363461,0.018556381606957138,2025-10-29
WR1,WINSOME RESOURCES LIMITED,FPO,26948,243968451,0.011045690493808972,2025-10-29
WTC,WISETECH GLOBAL LIMITED,FPO,231560,336032063,0.06891009088022651,2025-10-29
WTM,WARATAH MINERALS LIMITED,FPO,16928,310344517,0.0054545832366034675,2025-10-29
WWI,WEST WITS MINING LIMITED,FPO,874452,3834749269,0.022803368321080188,2025-10-29
WXHG,SPDR S&P WORLD EX AUS CARBON AWAR,ETF UNITS,830,12272768,0.006762940520019608,2025-10-29
XRF,XRF SCIENTIFIC LIMITED,FPO,2261,142992366,0.0015812032930485253,2025-10-29
XRO,XERO LIMITED,FPO,21521,165451115,0.013007467492739472,2025-10-29
XYZ,"BLOCK, INC.",CDI 1:1,4360,40845954,0.010674251848787765,2025-10-29
YAL,YANCOAL AUSTRALIA LIMITED,FPO,414647,1320439437,0.03140219750949471,2025-10-29
YMAX,BETASHARES AUS TOP 20 EQY YIELD M,ETF UNITS,26941,80149635,0.03361337827676944,2025-10-29
ZIP,ZIP CO LIMITED..,FPO,761157,1287810365,0.05910474249056072,2025-10-29
ZMM,ZIMI LIMITED,FPO,107500,736293823,0.014600149647051976,2025-10-29
ZYUS,GLOBAL X S&P 500 HIGH YIELD LOW V,ETF UNITS,55299,4943555,1.1186079653205032,2025-10-29
