Code,Name,Class,Gross,Issued,PctGrossVsIssuedPct,Date
14D,1414 DEGREES LIMITED,FPO,1157063,670889428,0.17246701940874823,2026-07-27
29M,29METALS LIMITED,FPO,782405,1750076545,0.04470690166297841,2026-07-27
360,LIFE360 INC.,CDI 3:1,65524,178126863,0.0367850187761966,2026-07-27
4DX,4DMEDICAL LIMITED,FPO,578350,599638859,0.09644971991383233,2026-07-27
A11,ATLANTIC LITHIUM LIMITED,FPO,1612,801503291,0.0002011220687551737,2026-07-27
A1M,AIC MINES LIMITED,FPO,330588,797619821,0.04144681354401798,2026-07-27
A1N,ARN MEDIA LIMITED,FPO,12858,313050373,0.004107326203377499,2026-07-27
A200,BETASHARES AUSTRALIA 200 ETF,ETF UNITS,6783,68514911,0.009900034753018944,2026-07-27
A2M,THE A2 MILK COMPANY LIMITED,FPO NZ,278405,725426194,0.03837812892651075,2026-07-27
A4N,ALPHA HPA LIMITED,FPO,1936411,1451896391,0.133371155958745,2026-07-27
AAC,AUSTRALIAN AGRICULTURAL COMPANY L,FPO,1429,602766747,0.00023707346284648312,2026-07-27
AAI,ALCOA CORPORATION,CDI 1:1,31091,36948224,0.08414748162185008,2026-07-27
AAR,ASTRAL RESOURCES NL,FPO,248059,1801045606,0.013773054895090757,2026-07-27
ABB,AUSSIE BROADBAND LIMITED,FPO,54195,315425041,0.01718157817406767,2026-07-27
ABG,ABACUS GROUP,STAPLED,271397,893657633,0.03036923649260656,2026-07-27
ABY,ADORE BEAUTY GROUP LIMITED,FPO,154,93957928,0.0001639031460974746,2026-07-27
ACDC,GLOBAL X BATTERY TECH & LITHIUM E,ETF UNITS,9,4843402,0.00018581980186653928,2026-07-27
ACE,ACUSENSUS LIMITED.,FPO,2702,169397853,0.001595061538353736,2026-07-27
ACF,ACROW LIMITED,FPO,35761,369425133,0.009680175170973006,2026-07-27
ACL,AUSTRALIAN CLINICAL LABS LIMITED,FPO,171294,186518985,0.09183730010111303,2026-07-27
AD8,AUDINATE GROUP LIMITED,FPO,1458,84328558,0.0017289516559740059,2026-07-27
ADH,ADAIRS LIMITED,FPO,11008,178614627,0.0061629891039102856,2026-07-27
ADO,ANTEOTECH LTD,FPO,229241,3259767301,0.007032434490942825,2026-07-27
AEF,AUSTRALIAN ETHICAL INVESTMENT LIM,FPO,7560,113830079,0.006641478303814583,2026-07-27
AEL,AMPLITUDE ENERGY LIMITED,FPO,97830,299880831,0.032622958817931244,2026-07-27
AESG,ISHARES GLOBAL AGGREGATE BOND ESG,ETF UNITS,2507,4405116,0.05691110063843948,2026-07-27
AEU,ATOMIC EAGLE LTD,FPO,13750,383310581,0.0035871694342818053,2026-07-27
AFG,AUSTRALIAN FINANCE GROUP LTD,FPO,55496,269799803,0.02056932561955948,2026-07-27
AFI,AUSTRALIAN FOUNDATION INVESTMENT,FPO,1655,1231202655,0.00013442141253342245,2026-07-27
AGE,ALLIGATOR ENERGY LIMITED,FPO,846943,4437034145,0.01908804332629268,2026-07-27
AGL,AGL ENERGY LIMITED.,FPO,416907,672747233,0.06197082344595834,2026-07-27
AGX1,ANTIPODES GLOBAL VALUE ACTIVE ETF,ETF UNITS,72,57117398,0.0001260561624323293,2026-07-27
AGY,ARGOSY MINERALS LIMITED,FPO,12450,1543460934,0.0008066287734108598,2026-07-27
AHK,ARK MINES LIMITED,FPO,862,72338238,0.0011916242693110661,2026-07-27
AHL,ADRAD HOLDINGS LIMITED,FPO,91,81321356,0.00011190172480645797,2026-07-27
AI1,ADISYN LTD,FPO,161278,1177021259,0.01370221640151361,2026-07-27
AIA,AUCKLAND INTERNATIONAL AIRPORT LI,FPO NZX,82087,1699968803,0.0048287356718039725,2026-07-27
AIH,ADVANCED INNERGY HOLDINGS LIMITED,FPO,312,422343593,7.387350137924312e-05,2026-07-27
AII,ALMONTY INDUSTRIES INC.,CDI 1:1,25,2348863,0.0010643447489274598,2026-07-27
AIS,AERIS RESOURCES LIMITED,FPO,643923,1497084838,0.04301179089224067,2026-07-27
AIZ,AIR NEW ZEALAND LIMITED,FPO NZX,13248,3233562126,0.00040970296792745153,2026-07-27
AL3,AML3D LIMITED,FPO,26,567445783,4.581935539734199e-06,2026-07-27
ALC,ALCIDION GROUP LIMITED,FPO,9993,1343558756,0.0007437709705938606,2026-07-27
ALD,AMPOL LIMITED,FPO,85555,238302099,0.03590190785520525,2026-07-27
ALI,ARGO GLOBAL LISTED INFRASTRUCTURE,FPO,94,188391792,4.989601670119471e-05,2026-07-27
ALK,ALKANE RESOURCES LIMITED,FPO,762213,1366204821,0.05579053654942417,2026-07-27
ALL,ARISTOCRAT LEISURE LIMITED,FPO,93096,599454257,0.015530125762373224,2026-07-27
ALQ,ALS LIMITED,FPO,400803,507542553,0.07896933914819947,2026-07-27
ALR,ALTAIR MINERALS LIMITED,FPO,38409,6628932966,0.0005794145180981756,2026-07-27
AMA,AMA GROUP LIMITED,FPO,4289,481267050,0.0008911892056603502,2026-07-27
AMC,AMCOR PLC,CDI 1:1,19449,140959867,0.013797544232926952,2026-07-27
AMI,AURELIA METALS LIMITED,FPO,282811,1693401832,0.016700761429198692,2026-07-27
AMP,AMP LIMITED,FPO,781554,2432792139,0.03212580258999267,2026-07-27
ANN,ANSELL LIMITED,FPO,27598,140313831,0.019668766652091482,2026-07-27
ANZ,ANZ GROUP HOLDINGS LIMITED,FPO,789907,3015919897,0.02619124602035145,2026-07-27
AOV,AMOTIV LIMITED,FPO,63927,133849962,0.04776019286430578,2026-07-27
APA,APA GROUP,STAPLED,207103,1323751413,0.01564515799311936,2026-07-27
APE,EAGERS AUTOMOTIVE LIMITED,FPO,65311,282362838,0.023130168425350647,2026-07-27
APX,APPEN LIMITED,FPO,325048,268523648,0.12105004621417925,2026-07-27
APZ,ASPEN GROUP,STAPLED,20257,227665433,0.008897705608211503,2026-07-27
AQLT,BETASHARES AUSTRALIAN QUALITY ETF,ETF UNITS,13868,37723328,0.03676239805777476,2026-07-27
AR1,AUSTRAL RESOURCES AUSTRALIA LTD,FPO,83851,2495026076,0.0033607263990775224,2026-07-27
AR3,AUSTRALIAN RARE EARTHS LIMITED,FPO,1052,256074545,0.000410817873365742,2026-07-27
ARB,ARB CORPORATION LIMITED.,FPO,19739,83660077,0.0235942885876139,2026-07-27
ARD,ARGENT MINERALS LIMITED,FPO,70643,1702573194,0.0041491901933468365,2026-07-27
ARF,ARENA REIT.,STAPLED,50520,406635304,0.012423908967825381,2026-07-27
ARG,ARGO INVESTMENTS LIMITED,FPO,1011,752443394,0.00013436226672487739,2026-07-27
ARMR,BETASHARES GLOBAL DEFENCE ETF,ETF UNITS,78,9804664,0.0007955397553654057,2026-07-27
ARR,AMERICAN RARE EARTHS LIMITED,FPO NZ,38058,581107799,0.006549215148289551,2026-07-27
ARU,ARAFURA RARE EARTHS LTD,FPO,3399900,6070602115,0.05600597659990108,2026-07-27
ARX,AROA BIOSURGERY LIMITED,FPO,7621,345902653,0.0022032210316698555,2026-07-27
ASB,AUSTAL LIMITED,FPO,133887,422074212,0.031721198830313754,2026-07-27
ASG,AUTOSPORTS GROUP LIMITED.,FPO,3267,213035696,0.0015335458147821386,2026-07-27
ASIA,BETASHARES ASIA TECHNOLOGY TIGERS,ETF UNITS,1079,69049563,0.0015626456607697866,2026-07-27
ASL,ANDEAN SILVER LIMITED,FPO,56841,212700397,0.026723504422984223,2026-07-27
ASM,AUSTRALIAN STRATEGIC MATERIALS LI,FPO,2770,271730693,0.0010193916518661365,2026-07-27
ASN,ANSON RESOURCES LIMITED,FPO,110548,1619523345,0.00682595902932168,2026-07-27
ASX,ASX LIMITED,FPO,75818,195409849,0.038799477297584935,2026-07-27
AT1,ATOMO DIAGNOSTICS LIMITED,FPO,6412,902432853,0.0007105237778837824,2026-07-27
ATEC,BETASHARES S&P/ASX AUSTRALIAN TEC,ETF UNITS,72,29021688,0.00024809032472542604,2026-07-27
ATH,ALTERITY THERAPEUTICS LIMITED,FPO,12,217629367,5.5139617255790665e-06,2026-07-27
ATOM,GLOBAL X URANIUM ETF,ETF UNITS,7,6147479,0.00011386781475788693,2026-07-27
ATR,ASTRON LIMITED,FPO,44,429946395,1.0233833917830616e-05,2026-07-27
ATS,AUSTRALIS OIL & GAS LIMITED,FPO,6255,1390692768,0.00044977583431281645,2026-07-27
AUB,AUB GROUP LIMITED,FPO,40728,130640517,0.03117562677741087,2026-07-27
AUC,AUSGOLD LIMITED,FPO,30572,547859741,0.005580260368136815,2026-07-27
AUE,AURUM RESOURCES LIMITED,FPO,61796,410898942,0.01503922100631741,2026-07-27
AUI,AUSTRALIAN UNITED INVESTMENT COMP,FPO,335,217674671,0.00015389939420190968,2026-07-27
AUZ,AUSTRALIAN MINES LIMITED,FPO,6154,2158606705,0.00028509130383712024,2026-07-27
AVG,AUSTRALIAN VINTAGE LTD,FPO,11,329462923,3.338767197181699e-06,2026-07-27
AVL,AUSTRALIAN VANADIUM LIMITED,FPO,449,375629796,0.00011953258361857962,2026-07-27
AVM,ADVANCE METALS LIMITED,FPO,5090,485369190,0.0010486862588043547,2026-07-27
AVR,ANTERIS TECHNOLOGIES GLOBAL CORP.,CDI 1:1,167,15237523,0.0010959786574235195,2026-07-27
AVSV,AVANTIS GLOBAL SMALL CAP VALUE AC,ETF UNITS,32315,1644478,1.9650612534798277,2026-07-27
AVTE,AVANTIS EMERGING MARKETS EQUITY A,ETF UNITS,4964,1197690,0.41446451085005304,2026-07-27
AW1,AMERICAN WEST METALS LIMITED,FPO,13516,1229570064,0.0010992460206806077,2026-07-27
AWJ,AURIC MINING LIMITED,FPO,4063,187093602,0.0021716402680621865,2026-07-27
AX1,ACCENT GROUP LIMITED,FPO,11965,601185674,0.001990233719375023,2026-07-27
AXE,ARCHER MATERIALS LIMITED,FPO,1625,280254429,0.0005798302655905574,2026-07-27
AXQ,"AURA CONSOLIDATED GROUP, INC.",CDI 1:1,9662,226419687,0.004267296774418737,2026-07-27
AYA,ARTRYA LIMITED,FPO,88135,162963615,0.054082624517135316,2026-07-27
AYLD,GLOBAL X S&P/ASX 200 COVERED CALL,ETF UNITS,22125,9816958,0.22537531483785506,2026-07-27
AZJ,AURIZON HOLDINGS LIMITED,FPO,1171117,1683307283,0.0695723835943268,2026-07-27
AZY,ANTIPA MINERALS LIMITED,FPO,123396,663812262,0.018588990752930683,2026-07-27
BAOR,AORIS INT FUND (CLASS B) (UNHEDGE,ETF UNITS,17660,59353411,0.029753976565896102,2026-07-27
BAP,BAPCOR LIMITED,FPO,277121,672753078,0.041192082067293044,2026-07-27
BB1,BLINKLAB LIMITED,FPO,4061,153257474,0.002649789203755244,2026-07-27
BBN,BABY BUNTING GROUP LIMITED,FPO,141376,135400726,0.1044130295135936,2026-07-27
BBOZ,BETASHARES AUS EQUITIES STRONG BE,ETF UNITS,193376,7682870,2.516976077950037,2026-07-27
BBT,BETR ENTERTAINMENT LIMITED,FPO,9641,1046306313,0.0009214318866486663,2026-07-27
BBUS,BETASHARES US EQY STRONG BEAR CCY,ETF UNITS,43131,4827914,0.8933671975101463,2026-07-27
BC8,BLACK CAT SYNDICATE LIMITED,FPO,84648,728874974,0.011613514391289829,2026-07-27
BCI,BCI MINERALS LIMITED,FPO,28305,2937579809,0.00096354828942113,2026-07-27
BCN,BEACON MINERALS LIMITED,FPO,129,116332442,0.00011088910176922101,2026-07-27
BEMG,BETASHARES MSCI EMERGING MARKETS,ETF UNITS,4872,4226824,0.11526384822268446,2026-07-27
BEN,BENDIGO AND ADELAIDE BANK LIMITED,FPO,278168,579795606,0.0479769072275446,2026-07-27
BET,BETMAKERS TECHNOLOGY GROUP LTD,FPO,86174,1120282275,0.007692168476020921,2026-07-27
BFG,BELL FINANCIAL GROUP LIMITED,FPO,15567,320743948,0.004853404124089662,2026-07-27
BFL,BSP FINANCIAL GROUP LIMITED,FPO,30,467219979,6.4209582955355595e-06,2026-07-27
BGA,BEGA CHEESE LIMITED,FPO,80105,305572912,0.026214692747372845,2026-07-27
BGBL,BETASHARES GLOBAL SHARES ETF,ETF UNITS,79729,53524115,0.14895902529168395,2026-07-27
BGD,BARTON GOLD HOLDINGS LIMITED,FPO,5974,270551769,0.0022080801844618506,2026-07-27
BGL,BELLEVUE GOLD LIMITED,FPO,1701505,1490655618,0.11414474137781702,2026-07-27
BHM,BROKEN HILL MINES LIMITED,FPO,15819,166003493,0.009529317554781815,2026-07-27
BHP,BHP GROUP LIMITED,FPO,895695,5081391706,0.017626962293467403,2026-07-27
BHYB,BETASHARES AUSTRALIAN MAJOR BANK,ETF UNITS,15267,66856784,0.02283537897964102,2026-07-27
BIO,BIOME AUSTRALIA LIMITED,FPO,5562,227998033,0.0024394947302023434,2026-07-27
BIS,BISALLOY STEEL GROUP LIMITED,FPO,1620,48041013,0.0033721187352981088,2026-07-27
BKB,BLACK BEAR MINERALS LIMITED,FPO,776,152435043,0.000509069295831143,2026-07-27
BKI,BKI INVESTMENT COMPANY LIMITED,FPO,3594,807134229,0.00044527909619850855,2026-07-27
BLG,BLUGLASS LIMITED,FPO,56,190022917,2.9470129647572982e-05,2026-07-27
BLX,BEACON LIGHTING GROUP LIMITED,FPO,7386,229342146,0.0032205157790753383,2026-07-27
BM1,BALLARD MINING LIMITED,FPO,16261,298294810,0.005451318445667895,2026-07-27
BMC,BMC MINERALS LTD.,CDI 1:1,1805,170837456,0.0010565598682293655,2026-07-27
BML,BOAB METALS LIMITED,FPO,177970,578608493,0.030758276477632,2026-07-27
BMN,BANNERMAN ENERGY LTD,FPO,60722,207811582,0.02921973809910171,2026-07-27
BNDS,BETASHARES WESTERN ASSET AUS BOND,ETF UNITS,17971,36367518,0.04941497519847244,2026-07-27
BNKS,BETASHARES GLOBAL BANKS CURRENCY,ETF UNITS,71,12464598,0.0005696132358219655,2026-07-27
BNZ,BENZ MINING CORP.,CDI 1:1,82081,291869442,0.028122505541364622,2026-07-27
BOE,BOSS ENERGY LTD,FPO,356341,415175320,0.08582904205384849,2026-07-27
BOL,BOOM LOGISTICS LIMITED,FPO,311,36968491,0.0008412569504121767,2026-07-27
BOQ,BANK OF QUEENSLAND LIMITED.,FPO,184441,661469455,0.027883524871152213,2026-07-27
BPT,BEACH ENERGY LIMITED,FPO,2798097,2281333656,0.12265180906970322,2026-07-27
BRE,BRAZILIAN RARE EARTHS LIMITED,FPO,56672,280153716,0.020228894625834628,2026-07-27
BRG,BREVILLE GROUP LIMITED,FPO,56075,144838561,0.03871551858347999,2026-07-27
BRN,BRAINCHIP HOLDINGS LTD,FPO,640212,2275825144,0.028130983686855692,2026-07-27
BSL,BLUESCOPE STEEL LIMITED,FPO,21733,438077431,0.004960995125996345,2026-07-27
BST,BORESIGHT LTD,FPO,4792,126735648,0.0037810987481596337,2026-07-27
BSUB,BETASHARES AUS MAJOR BANK SUBORDI,ETF UNITS,68530,27947206,0.24521234788193136,2026-07-27
BTI,BAILADOR TECHNOLOGY INVESTMENTS L,FPO,542,151196659,0.0003584735294977649,2026-07-27
BTL,BEETALOO ENERGY AUSTRALIA LIMITED,FPO,315560,1507187836,0.020937005492127656,2026-07-27
BTR,BRIGHTSTAR RESOURCES LIMITED,FPO,161632,1097937597,0.014721419545304086,2026-07-27
BUX,BUXTON RESOURCES LIMITED,FPO,4438,466526084,0.0009512865737213527,2026-07-27
BVR,BELLAVISTA RESOURCES LTD,FPO,23697,215974222,0.010972142777298672,2026-07-27
BVS,BRAVURA SOLUTIONS LIMITED.,FPO,134044,448299975,0.029900514716736264,2026-07-27
BWP,BWP GROUP,STAPLED,100746,785137249,0.012831641872591884,2026-07-27
BXB,BRAMBLES LIMITED,FPO,418895,1335699622,0.03136146728654236,2026-07-27
C79,CHRYSOS CORPORATION LIMITED,FPO,23868,116511297,0.020485567163500036,2026-07-27
CAA,CAPRAL LIMITED,FPO,2,15842564,1.2624219160484375e-05,2026-07-27
CAR,CAR GROUP LIMITED,FPO,208547,378865920,0.055045067130873114,2026-07-27
CAT,CATAPULT SPORTS LTD,FPO,156544,315975531,0.049543076802361634,2026-07-27
CBA,COMMONWEALTH BANK OF AUSTRALIA.,FPO,326887,1673462358,0.01953357351823984,2026-07-27
CBE,COBRE LIMITED,FPO,67899,1208023737,0.005620667700505623,2026-07-27
CBO,COBRAM ESTATE OLIVES LIMITED,FPO,180757,478791191,0.03775278313338894,2026-07-27
CCE,CARNEGIE CLEAN ENERGY LIMITED,FPO,102,413414223,2.4672590908900587e-05,2026-07-27
CCL,CUSCAL LIMITED,FPO,16273,199812619,0.00814413027637659,2026-07-27
CCP,CREDIT CORP GROUP LIMITED,FPO,29130,68066856,0.04279615911744183,2026-07-27
CCV,CASH CONVERTERS INTERNATIONAL,FPO,17331,711522934,0.002435761262475343,2026-07-27
CDA,CODAN LIMITED,FPO,21878,181875320,0.012029119728834017,2026-07-27
CEH,COAST ENTERTAINMENT HOLDINGS LIMI,FPO,16313,388561874,0.004198301761330295,2026-07-27
CEL,CHALLENGER GOLD LIMITED,FPO,56144,2632273535,0.002132909032951243,2026-07-27
CEN,CONTACT ENERGY LIMITED,FPO NZX,20,537690834,3.7196096223578175e-06,2026-07-27
CGF,CHALLENGER LIMITED,FPO,84531,681584902,0.012402123308770122,2026-07-27
CGS,COGSTATE LTD,FPO,3426,169919352,0.0020162506269444814,2026-07-27
CHN,CHALICE MINING LIMITED,FPO,132827,390162539,0.034044016716838106,2026-07-27
CIA,CHAMPION IRON LIMITED,FPO,247072,560046922,0.044116303526439166,2026-07-27
CIIH,CB GLBL INFRASTRUCTURE INCOME (HE,ETF UNITS,1029841,826574499,0.12459143141312905,2026-07-27
CIVH,CB GLBL INFRASTRUCTURE VALUE (HED,ETF UNITS,74697,896514023,0.008331938830141421,2026-07-27
CKA,COKAL LIMITED,FPO,144,1078948980,1.3346321528567552e-05,2026-07-27
CKF,COLLINS FOODS LIMITED,FPO,30856,118231057,0.026098049685879067,2026-07-27
CLNE,VANECK GLOBAL CLEAN ENERGY ETF,ETF UNITS,1,9460424,1.0570350758063276e-05,2026-07-27
CLV,CLOVER CORPORATION LIMITED,FPO,1344,166999341,0.0008047935949639466,2026-07-27
CLW,CHARTER HALL LONG WALE REIT,STAPLED,210264,719196897,0.02923594371403413,2026-07-27
CLX,CTI LOGISTICS LIMITED,FPO,413,80898751,0.0005105146802575481,2026-07-27
CMA,CARMA LIMITED,FPO,199,137417255,0.00014481441941188535,2026-07-27
CMM,CAPRICORN METALS LTD,FPO,379362,456787789,0.08304994335126589,2026-07-27
CMW,CROMWELL PROPERTY GROUP,STAPLED,660868,2618866699,0.025234885007791686,2026-07-27
CNB,CARNABY RESOURCES LIMITED,FPO,257537,276119864,0.09327000103114638,2026-07-27
CND,CONDOR ENERGY LIMITED,FPO,66,863826192,7.64042588789667e-06,2026-07-27
CNQ,CLEAN TEQ WATER LIMITED,FPO,2491,88465285,0.0028157937884900276,2026-07-27
CNU,CHORUS LIMITED,FPO NZX,63003,433887294,0.014520591146879725,2026-07-27
COD,CODA MINERALS LTD,FPO,19622,410349182,0.004781781190439901,2026-07-27
COG,COG FINANCIAL SERVICES LIMITED,FPO,6694,213273052,0.003138699398365622,2026-07-27
COH,COCHLEAR LIMITED,FPO,42087,65398917,0.06435427669238009,2026-07-27
COI,COMET RIDGE LIMITED,FPO,20488,1494858232,0.0013705647506512175,2026-07-27
COL,COLES GROUP LIMITED.,FPO,413334,1343143461,0.030773630070183546,2026-07-27
CORE,SCHRODER GLOBAL CORE FUND - ACTIV,ETF UNITS,2913,4250056,0.06854027335169231,2026-07-27
COV,CLEO DIAGNOSTICS LTD,FPO,105,137112085,7.657968296521784e-05,2026-07-27
CPU,COMPUTERSHARE LIMITED.,FPO,160795,578387070,0.027800586897628952,2026-07-27
CPV,CLEARVUE TECHNOLOGIES LIMITED,FPO,840,364005606,0.00023076567672422057,2026-07-27
CRD,CONRAD ASIA ENERGY LTD.,CDI 1:1,532,194554741,0.00027344489127612676,2026-07-27
CRED,BETASHARES AUSTRALIAN INVESTMENT,ETF UNITS,14983,80102799,0.018704714675450977,2026-07-27
CRI,CRITICA LIMITED,FPO,80786,3030806096,0.0026654954966145745,2026-07-27
CRS,CAPRICE RESOURCES LTD,FPO,104007,871443814,0.011935020747074808,2026-07-27
CRYP,BETASHARES CRYPTO INNOVATORS ETF,ETF UNITS,1900,23600000,0.008050847457627118,2026-07-27
CSC,CAPSTONE COPPER CORP.,CDI 1:1,33709,212090417,0.01589369311297078,2026-07-27
CSL,CSL LIMITED,FPO,26356,478911979,0.005503307738309883,2026-07-27
CSX,CLEANSPACE HOLDINGS LIMITED,FPO,782,79351527,0.0009854882817818995,2026-07-27
CTM,CENTAURUS METALS LIMITED,FPO,28138,566626804,0.004965878740886391,2026-07-27
CTP,CENTRAL PETROLEUM LIMITED,FPO,181,752763955,2.4044721960684207e-05,2026-07-27
CTT,CETTIRE LIMITED,FPO,60574,381238220,0.015888753231509685,2026-07-27
CU6,CLARITY PHARMACEUTICALS LTD,FPO,211922,373081230,0.05680317929690539,2026-07-27
CUIV,CB GLBL INFRASTRUCTURE VALUE ACTI,ETF UNITS,102050,518876086,0.019667508824062478,2026-07-27
CUV,CLINUVEL PHARMACEUTICALS LIMITED,FPO,14095,50427898,0.02795079818714633,2026-07-27
CVL,CIVMEC LIMITED,FPO,25212,509625000,0.004947167034584253,2026-07-27
CVN,CARNARVON ENERGY LIMITED,FPO,93511,1789086882,0.005226744488532894,2026-07-27
CVV,CARAVEL MINERALS LIMITED,FPO,7841,558762558,0.0014032794230281979,2026-07-27
CWP,CEDAR WOODS PROPERTIES LIMITED,FPO,3076,85075752,0.0036156013055282776,2026-07-27
CWY,CLEANAWAY WASTE MANAGEMENT LIMITE,FPO,1237415,2241209765,0.05521192256629311,2026-07-27
CXL,CALIX LIMITED,FPO,46914,215923560,0.021727133435554692,2026-07-27
CXO,CORE LITHIUM LTD,FPO,945569,3236801664,0.029213065802477296,2026-07-27
CXU,CAULDRON ENERGY LIMITED,FPO,1163730,2036977030,0.05713024657916737,2026-07-27
CY5,CYGNUS METALS LIMITED,FPO,5000,1227592052,0.0004073014314367685,2026-07-27
CYC,CYCLOPHARM LIMITED,FPO,3,125734145,2.385986718245867e-06,2026-07-27
CYG,COVENTRY GROUP LIMITED,FPO,1210,139065859,0.0008700913428363463,2026-07-27
CYL,CATALYST METALS LIMITED,FPO,101114,261302108,0.03869620523689001,2026-07-27
CYM,CYPRIUM METALS LIMITED,FPO,20361,578079732,0.0035221784942288895,2026-07-27
CYV,CERYVYN THERAPEUTICS LIMITED,FPO,556,1367978173,4.064392334423599e-05,2026-07-27
DACE,DIMENSIONAL AUSTRALIAN CORE EQUIT,ETF UNITS,6893,362584351,0.0019010748756776877,2026-07-27
DAI,DECIDR AI INDUSTRIES LTD,FPO,4850,352234488,0.0013769236588780597,2026-07-27
DBI,DALRYMPLE BAY INFRASTRUCTURE LIMI,STAPLED,146723,495761667,0.02959547092211952,2026-07-27
DDR,DICKER DATA LIMITED,FPO,63416,181381087,0.03496285144657888,2026-07-27
DEV,DEVEX RESOURCES LIMITED,FPO,27188,710330423,0.0038275145086950615,2026-07-27
DFGH,DIMENSIONAL GLOBAL CORE EQUITY TR,ETF UNITS,1210,91849997,0.0013173653124887964,2026-07-27
DFND,VANECK GLOBAL DEFENCE ETF,ETF UNITS,52,7650043,0.0006797347413602773,2026-07-27
DGT,DIGICO INFRASTRUCTURE REIT,STAPLED,133374,558315857,0.023888628332474533,2026-07-27
DGVA,DIMENSIONAL GLOBAL VALUE TRUST -,ETF UNITS,16,40192667,3.9808256565805895e-05,2026-07-27
DHHF,BETASHARES DIVERSIFIED ALL GROWTH,ETF UNITS,25653,34727678,0.07386903322473792,2026-07-27
DJRE,STATE STREET SPDR DOW JONES GBL R,ETF UNITS,1870,23432343,0.007980422615015494,2026-07-27
DJW,DJERRIWARRH INVESTMENTS LIMITED,FPO,3414,261548708,0.001305301802523146,2026-07-27
DLI,DELTA LITHIUM LIMITED,FPO,20067,719189526,0.0027902241724248916,2026-07-27
DMP,DOMINO'S PIZZA ENTERPRISES LIMITE,FPO,35517,94746866,0.03748620033511187,2026-07-27
DNL,DYNO NOBEL LIMITED.,FPO,674588,1752800601,0.038486294425911144,2026-07-27
DOW,DOWNER EDI LIMITED,FPO,153095,659010687,0.023231034491554458,2026-07-27
DPM,DPM METALS INC.,CDI 1:1,258,15392920,0.0016760952437874033,2026-07-27
DRE,DREADNOUGHT RESOURCES LTD,FPO,534483,5725200000,0.00933562146300566,2026-07-27
DRGN,GLOBAL X CHINA TECH ETF,ETF UNITS,74,6650000,0.001112781954887218,2026-07-27
DRO,DRONESHIELD LIMITED,FPO,3728300,924090778,0.40345603362357113,2026-07-27
DRR,DETERRA ROYALTIES LIMITED,FPO,155614,529456506,0.029391271659999208,2026-07-27
DTL,DATA#3 LIMITED,FPO,56232,155077841,0.03626049965449287,2026-07-27
DUG,DUG TECHNOLOGY LTD,FPO,3650,135521145,0.002693306642295562,2026-07-27
DUR,DURATEC LIMITED,FPO,15388,258160262,0.005960638512212233,2026-07-27
DVP,DEVELOP GLOBAL LIMITED,FPO,69440,329985475,0.021043350468683508,2026-07-27
DXB,DIMERIX LIMITED,FPO,2628,600396776,0.00043771054493470495,2026-07-27
DXC,DEXUS CONVENIENCE RETAIL REIT,STAPLED,2329,135674399,0.0017166097783856775,2026-07-27
DXI,DEXUS INDUSTRIA REIT.,STAPLED,76395,312485852,0.024447506826645066,2026-07-27
DXN,DXN LIMITED,FPO,1420,368750868,0.0003850838393145152,2026-07-27
DXS,DEXUS,STAPLED,292778,1072589964,0.02729635833139308,2026-07-27
DYL,DEEP YELLOW LIMITED,FPO,334971,973915095,0.03439427129938879,2026-07-27
E25,ELEMENT 25 LIMITED,FPO,9400,325953167,0.002883849875279782,2026-07-27
EBND,VANECK EMERGING INCOME OPPORTUNIT,ETF UNITS,99,26861298,0.0003685600003395219,2026-07-27
EBO,EBOS GROUP LIMITED,FPO NZ,565,206971010,0.00027298509100380774,2026-07-27
ECRD,BETASHARES AUST ENHANCED CREDIT I,ETF UNITS,33744,3528757,0.9562574016856361,2026-07-27
EDE,EDEN INNOVATIONS LTD,FPO,15871,611130202,0.00259699159819956,2026-07-27
EDU,EDU HOLDINGS LIMITED,FPO,21642,125616053,0.017228689712134166,2026-07-27
EDV,ENDEAVOUR GROUP LIMITED,FPO,888049,1795725673,0.04945348910206286,2026-07-27
EGH,EUREKA GROUP HOLDINGS LIMITED,FPO,1396,428905970,0.0003254792653037681,2026-07-27
EGR,ECOGRAF LIMITED,FPO,16313,461551214,0.003534385677078947,2026-07-27
EHL,EMECO HOLDINGS LIMITED,FPO,21487,518374757,0.004145070667474651,2026-07-27
EIQ,ECHOIQ LIMITED,FPO,902168,739324779,0.12202593848136124,2026-07-27
EL8,ELEVATE URANIUM LTD,FPO,9808,465968122,0.0021048650190709827,2026-07-27
ELD,ELDERS LIMITED,FPO,255538,215398820,0.11863481889083702,2026-07-27
ELS,ELSIGHT LIMITED,FPO,81015,221809712,0.03652455037676619,2026-07-27
ELT,ELEMENTOS LIMITED,FPO,702,438306375,0.00016016194151864663,2026-07-27
ELV,ELEVRA LITHIUM LIMITED,FPO,77705,194016029,0.0400508145643987,2026-07-27
EMKT,VANECK MSCI MULTIFACTOR EM MARKET,ETF UNITS,2723,20018624,0.013602333507038248,2026-07-27
EML,EML PAYMENTS LIMITED,FPO,37490,389474299,0.009625795616362353,2026-07-27
EMR,EMERALD RESOURCES NL,FPO,180526,662217668,0.027260825061526446,2026-07-27
EMV,EMVISION MEDICAL DEVICES LTD,FPO,30,92955561,3.227348603705377e-05,2026-07-27
EMXC,ISHARES MSCI EMERGING MARKETS EX,ETF UNITS,32,10165228,0.00031479864494923283,2026-07-27
ENR,ENCOUNTER RESOURCES LIMITED,FPO,949,559989708,0.00016946740028300663,2026-07-27
EOL,ENERGY ONE LIMITED,FPO,1826,31747135,0.005751700114041787,2026-07-27
EOS,ELECTRO OPTIC SYSTEMS HOLDINGS LI,FPO,406568,221702162,0.18338477005921122,2026-07-27
EPM,ECLIPSE METALS LIMITED.,FPO,12975,3291802360,0.0003941609665775925,2026-07-27
EQR,EQ RESOURCES LIMITED,FPO,1300883,5149136687,0.025264099189371548,2026-07-27
EQT,EQT HOLDINGS LIMITED,FPO,908,26792412,0.0033890192491814477,2026-07-27
ERD,EROAD LIMITED,FPO NZX,112,189050650,5.9243382659620586e-05,2026-07-27
ERTH,BETASHARES CLIMATE CHANGE INNOVAT,ETF UNITS,102,8064891,0.0012647412097696051,2026-07-27
ESGI,VANECK MSCI INTERNATIONAL SUSTAIN,ETF UNITS,22,6754196,0.00032572344658046644,2026-07-27
ESTX,GLOBAL X EURO STOXX 50 ETF,ETF UNITS,57,4106904,0.00138790680278867,2026-07-27
ETHI,BETASHARES GLOBAL SUSTAINABILITY,ETF UNITS,204,224972209,9.06778667937603e-05,2026-07-27
ETM,ENERGY TRANSITION MINERALS LTD,FPO,99636,2200500556,0.004527878883208062,2026-07-27
EUR,EUROPEAN LITHIUM LIMITED,FPO,9745,1726231616,0.0005645244768822494,2026-07-27
EVG,EVION GROUP NL,FPO,560,746666954,7.499997113840396e-05,2026-07-27
EVN,EVOLUTION MINING LIMITED,FPO,2114387,2031090542,0.1041010706454267,2026-07-27
EVT,EVT LIMITED,FPO,16219,162522422,0.009979546083801286,2026-07-27
EVZ,EVZ LIMITED,FPO,2646,121503037,0.002177723343656011,2026-07-27
EX20,BETASHARES AUSTRALIAN EX-20 PORTF,ETF UNITS,12700,30187378,0.04207056339904711,2026-07-27
EXR,ELIXIR ENERGY LIMITED,FPO,52334,1869174144,0.0027998461335446336,2026-07-27
FAL,FALCON METALS LTD,FPO,2683,213711694,0.0012554296631049117,2026-07-27
FANG,GLOBAL X FANG+ ETF,ETF UNITS,4499,48114338,0.009350643045322581,2026-07-27
FASI,FIDELITY ASIA ACTIVE ETF,ETF UNITS,9631,2501114,0.38506841351493776,2026-07-27
FBU,FLETCHER BUILDING LIMITED,FPO NZX,105511,1075561767,0.009809850371894076,2026-07-27
FCL,FINEOS CORPORATION HOLDINGS PLC,CDI 1:1,1647,345041565,0.0004773337960022295,2026-07-27
FDC,FDC CONSOLIDATED HOLDINGS LIMITED,FPO,4996,322968034,0.0015469023166546569,2026-07-27
FDR,FINDER ENERGY HOLDINGS LIMITED,FPO,5577,554250497,0.0010062237255873854,2026-07-27
FDV,FRONTIER DIGITAL VENTURES LIMITED,FPO,130,435847240,2.982696414459341e-05,2026-07-27
FEMX,FIDELITY GLOBAL EMERGING MARKETS,ETF UNITS,45,23410879,0.00019221832721445445,2026-07-27
FEX,FENIX RESOURCES LTD,FPO,115257,770684831,0.014955140592354543,2026-07-27
FFM,FIREFLY METALS LTD,FPO,643423,768785998,0.08369338173091961,2026-07-27
FGG,FUTURE GENERATION GLOBAL LIMITED,FPO,154,402115341,3.829746948152371e-05,2026-07-27
FGX,FUTURE GENERATION AUSTRALIA LIMIT,FPO,1,411867618,2.4279646087641684e-07,2026-07-27
FHE,FRONTIER ENERGY LIMITED,FPO,8463,1111722215,0.0007612513167239354,2026-07-27
FHNG,GLOBAL X FANG+ (CURRENCY HEDGED),ETF UNITS,3,12202084,2.458596416808801e-05,2026-07-27
FID,FIDUCIAN GROUP LIMITED,FPO,49,31567623,0.00015522233017037742,2026-07-27
FLOT,VANECK AUSTRALIAN FLOATING RATE E,ETF UNITS,407,48282015,0.0008429639898003429,2026-07-27
FLT,FLIGHT CENTRE TRAVEL GROUP LIMITE,FPO,542777,204786329,0.26504552459651737,2026-07-27
FMG,FORTESCUE LTD,FPO,739012,3078964918,0.024001962337396144,2026-07-27
FML,FOCUS MINERALS LTD,FPO,9631,286558645,0.0033609176229877835,2026-07-27
FOOD,BETASHARES GLB AGRICULTURE COMP C,ETF UNITS,28,9342544,0.00029970423473520705,2026-07-27
FPH,FISHER & PAYKEL HEALTHCARE CORPOR,FPO NZX,15970,587302790,0.0027192106477137625,2026-07-27
FPR,FLEETPARTNERS GROUP LIMITED,FPO,24954,213631949,0.011680837120481449,2026-07-27
FRS,FORRESTANIA RESOURCES LIMITED,FPO,367715,1589367135,0.023135938317989695,2026-07-27
FTI,FORTIFAI LTD,FPO,7068,344503550,0.0020516479438310578,2026-07-27
FUEL,BETASHARES GLOBAL ENERGY COMP CUR,ETF UNITS,123,28973257,0.00042452942035477756,2026-07-27
FUN,FORTUNA METALS LTD,FPO,547,313412271,0.00017453049883933868,2026-07-27
FWD,FLEETWOOD LIMITED,FPO,32272,90081099,0.03582549542385135,2026-07-27
FXG,FELIX GOLD LIMITED,FPO,8116,516347203,0.0015718105865289253,2026-07-27
GARP,GLOBAL X S&P WORLD EX AUSTRALIA G,ETF UNITS,16,11251961,0.00014219743562922054,2026-07-27
GBM,GBM RESOURCES LIMITED.,FPO,300273,4908399700,0.006117533582279374,2026-07-27
GBR,GREAT BOULDER RESOURCES LIMITED,FPO,95747,1971131864,0.0048574629505355104,2026-07-27
GCQF,GCQ GLOBAL EQUITIES COMPLEX ETF,ETF UNITS,2464,61598985,0.004000065910176929,2026-07-27
GDG,GENERATION DEVELOPMENT GROUP LIMI,FPO,192674,399917513,0.04817843523646838,2026-07-27
GDI,GDI PROPERTY GROUP,STAPLED,5349,539822485,0.000990881289429802,2026-07-27
GDX,VANECK GOLD MINERS ETF,ETF UNITS,39102,11580832,0.3376441347219267,2026-07-27
GEAR,BETASHARES GEARED AUSTRALIAN EQUI,ETF UNITS,136,16932843,0.0008031728635291781,2026-07-27
GEM,G8 EDUCATION LIMITED,FPO,186506,771558755,0.024172624416658975,2026-07-27
GEN,GENMIN LIMITED,FPO,173,3459536102,5.000670462724369e-06,2026-07-27
GG8,GORILLA GOLD MINES LTD,FPO,1218,732653065,0.00016624512449149448,2026-07-27
GGBL,BETASHARES WEALTHBUILDER GLOBAL G,ETF UNITS,941,2751338,0.03420154121376581,2026-07-27
GGP,GREATLAND RESOURCES LIMITED,FPO,150416,674667361,0.02229483871534138,2026-07-27
GGUS,BETASHARES GEARED US EQTY CCY HED,ETF UNITS,1691,7131849,0.023710541263562927,2026-07-27
GHHF,BETASHARES WEALTHBUILDER ALL GR G,ETF UNITS,3716,9391118,0.03956930367609054,2026-07-27
GHLD,GLOBAL X GOLD BULLION (CURRENCY H,ETF UNITS,1,3639000,2.7480076944215445e-05,2026-07-27
GHY,GOLD HYDROGEN LIMITED,FPO,3331,180454285,0.0018458968707781031,2026-07-27
GL1,GLOBAL LITHIUM RESOURCES LIMITED,FPO,51666,277494839,0.018618724653109674,2026-07-27
GLDN,ISHARES PHYSICAL GOLD ETF,ETF UNITS,6031,8540331,0.07061787183658338,2026-07-27
GLF,GEMLIFE COMMUNITIES GROUP,STAPLED,2913,380288462,0.0007659974706253381,2026-07-27
GLIN,ISHARES FTSE GBL INFRASTRUCTURE (,ETF UNITS,45214,55429165,0.08157077596243782,2026-07-27
GLN,GALAN LITHIUM LIMITED,FPO,215847,1266609965,0.017041315477097165,2026-07-27
GLPR,ISHARES FTSE GBL PROPERTY EX AUS,ETF UNITS,3964,23717902,0.016713114001398605,2026-07-27
GLS,L1 GLOBAL LONG SHORT FUND LIMITED,FPO,3528,547658403,0.0006441971821621078,2026-07-27
GMD,GENESIS MINERALS LIMITED,FPO,1661473,1170350452,0.14196371669363872,2026-07-27
GMG,GOODMAN GROUP,STAPLED,474361,2044793036,0.02319848471940903,2026-07-27
GML,GATEWAY MINING LIMITED,FPO,37647,2322814859,0.0016207490603107081,2026-07-27
GNC,GRAINCORP LIMITED,FPO,184609,222323646,0.08303615171910234,2026-07-27
GNE,GENESIS ENERGY LIMITED,FPO NZX,1483,1308868024,0.00011330401330058012,2026-07-27
GNG,GR ENGINEERING SERVICES LIMITED,FPO,12795,170288366,0.007513725277039772,2026-07-27
GNM,GREAT NORTHERN MINERALS LIMITED,FPO,4089,493613693,0.0008283805854632156,2026-07-27
GNP,GENUSPLUS GROUP LTD,FPO,48135,203147255,0.023694634712145137,2026-07-27
GOAT,VANECK DYNAMIC INTERNATIONAL EQUI,ETF UNITS,78416,2177159,3.601758070953936,2026-07-27
GOZ,GROWTHPOINT PROPERTIES AUSTRALIA,STAPLED,24887,754608746,0.0032980004713594985,2026-07-27
GPEQ,VANECK GLOBAL LISTED PRIVATE EQUI,ETF UNITS,30127,3070537,0.9811638811061387,2026-07-27
GPT,GPT GROUP,STAPLED,511708,1915577430,0.026712989617966004,2026-07-27
GRNV,VANECK MSCI AUSTRALIAN SUSTAINABL,ETF UNITS,6012,7529896,0.0798417401780848,2026-07-27
GRR,GRANGE RESOURCES LIMITED.,FPO,30200,1157338698,0.0026094349089154888,2026-07-27
GRX,GREENX METALS LIMITED,FPO,30,311972551,9.61623062793111e-06,2026-07-27
GT1,GREEN TECHNOLOGY METALS LIMITED,FPO,349,1201027348,2.90584557113682e-05,2026-07-27
GTK,GENTRACK GROUP LIMITED,FPO NZX,58647,112458975,0.05214968391806879,2026-07-27
GTUM,BETASHARES GLOBAL MOMENTUM ETF,ETF UNITS,4671,700000,0.6672857142857143,2026-07-27
GWA,GWA GROUP LIMITED.,FPO,58212,265205113,0.021949803056775907,2026-07-27
GXLD,GLOBAL X GOLD BULLION ETF,ETF UNITS,16957,10731897,0.15800561634164026,2026-07-27
GYG,GUZMAN Y GOMEZ LIMITED,FPO,53323,99590853,0.053542065755777794,2026-07-27
H100,BETASHARES FTSE 100 CURRENCY HEDG,ETF UNITS,2040,1400217,0.14569170350024319,2026-07-27
HACK,BETASHARES GLOBAL CYBERSECURITY E,ETF UNITS,84,92661181,9.065284846736413e-05,2026-07-27
HAS,HASTINGS TECHNOLOGY METALS LTD,FPO,6952,230453227,0.003016664201452037,2026-07-27
HAV,HAVILAH RESOURCES LIMITED,FPO,2734,353972407,0.0007723765880994221,2026-07-27
HCH,HOT CHILI LIMITED,FPO,12074,202863198,0.005951794174121222,2026-07-27
HCRD,BETASHARES INTEREST RATE HEDGED A,ETF UNITS,2230,12474405,0.01787660413462606,2026-07-27
HETH,BETASHARES GLOBAL SUSTAINABILITY,ETF UNITS,28,42798354,6.542307678468195e-05,2026-07-27
HGBL,BETASHARES GLOBAL SHARES CURRENCY,ETF UNITS,32697,31346728,0.10430753729703462,2026-07-27
HGO,HILLGROVE RESOURCES LIMITED,FPO,81255,3539277407,0.002295807608617891,2026-07-27
HLI,HELIA GROUP LIMITED,FPO,133283,274196129,0.04860863663031508,2026-07-27
HLO,HELLOWORLD TRAVEL LIMITED,FPO,14875,163680166,0.009087845133294891,2026-07-27
HLS,HEALIUS LIMITED,FPO,1128597,726155821,0.1554207743519555,2026-07-27
HM1,HEARTS AND MINDS INVESTMENTS LIMI,FPO,1068,228982167,0.0004664118669118893,2026-07-27
HMC,HMC CAPITAL LIMITED,FPO,38871,412615731,0.009420629675410994,2026-07-27
HMX,HAMMER METALS LIMITED,FPO,1991,892758700,0.00022301658891702762,2026-07-27
HMY,HARMONEY CORP LIMITED,FPO,185,103006118,0.00017960098253581402,2026-07-27
HNDQ,BETASHARES NASDAQ 100 CURRENCY HE,ETF UNITS,17,17062730,9.963235660413074e-05,2026-07-27
HPG,HIPAGES GROUP HOLDINGS LTD,FPO,24,136565886,1.7573934972310727e-05,2026-07-27
HQUS,BETASHARES S&P 500 EQUAL WEIGHT C,ETF UNITS,20,5541806,0.0003608931817533851,2026-07-27
HSN,HANSEN TECHNOLOGIES LIMITED,FPO,33032,204525901,0.01615052168869311,2026-07-27
HUB,HUB24 LIMITED,FPO,20664,81773777,0.025269714519851518,2026-07-27
HUM,HUMM GROUP LIMITED,FPO,45337,504914454,0.008979144811726859,2026-07-27
HVN,HARVEY NORMAN HOLDINGS LIMITED,FPO,362993,1246006654,0.029132508950469857,2026-07-27
HYGG,HYPERION GLOBAL GROWTH COMPANIES,ETF UNITS,714,532034063,0.00013420193360814945,2026-07-27
HZN,HORIZON OIL LIMITED,FPO,452040,1774478592,0.025474525420479125,2026-07-27
I88,INFINI RESOURCES LIMITED,FPO,52,108207236,4.805593592650311e-05,2026-07-27
IAA,ISHARES ASIA 50 ETF,ETF UNITS,3377,8667454,0.0389618450816122,2026-07-27
IACT,ISHARES U.S. FACTOR ROTATION ACTI,ETF UNITS,9539,10232016,0.09322698478970322,2026-07-27
IAF,ISHARES CORE COMPOSITE BOND ETF,ETF UNITS,13,36424172,3.5690584812744684e-05,2026-07-27
IAG,INSURANCE AUSTRALIA GROUP LIMITED,FPO,1001747,2337952897,0.04284718487209112,2026-07-27
IBIT,ISHARES BITCOIN ETF,ETF UNITS,9572,1708000,0.5604215456674474,2026-07-27
IBR,IRON BEAR RESOURCES LTD,FPO,1660,1106253248,0.00015005605660377684,2026-07-27
ICE,ICETANA LIMITED,FPO,191,664325914,2.8750948288312594e-05,2026-07-27
IDX,INTEGRAL DIAGNOSTICS LIMITED,FPO,34022,373066537,0.009119552848021852,2026-07-27
IEL,IDP EDUCATION LIMITED,FPO,204859,278336211,0.07360127497029123,2026-07-27
IEM,ISHARES MSCI EMERGING MARKETS ETF,ETF UNITS,13534,18335516,0.07381303040503469,2026-07-27
IEU,ISHARES EUROPE ETF,ETF UNITS,67,11336628,0.0005910046620564775,2026-07-27
IFRA,VANECK FTSE GLOBAL INFRASTRUCTURE,ETF UNITS,20,80439473,2.486341500521765e-05,2026-07-27
IFT,INFRATIL LIMITED.,FPO NZX,17570,1002103685,0.0017533115847189005,2026-07-27
IGL,IVE GROUP LIMITED,FPO,3119,152435244,0.002046114742336096,2026-07-27
IGO,IGO LIMITED,FPO,189582,757267813,0.025035000398201262,2026-07-27
IHCB,ISHARES CORE GLOBAL CORPORATE BON,ETF UNITS,1,3730042,2.680934959981684e-05,2026-07-27
IHHY,ISHARES GLOBAL HIGH YIELD BOND (A,ETF UNITS,1848,2577144,0.07170728527393115,2026-07-27
IHOO,ISHARES GLOBAL 100 AUD HEDGED ETF,ETF UNITS,29,3517702,0.0008244018396100637,2026-07-27
IHVV,ISHARES S&P 500 AUD HEDGED ETF,ETF UNITS,10451,60394121,0.0173046644722257,2026-07-27
IIND,BETASHARES INDIA QUALITY ETF.,ETF UNITS,145,17777382,0.0008156431582558107,2026-07-27
IJH,ISHARES S&P MID-CAP ETF,ETF UNITS,22,9328342,0.00023584040979629604,2026-07-27
IJP,ISHARES MSCI JAPAN ETF,ETF UNITS,25,11682089,0.000214002820899584,2026-07-27
IJR,ISHARES S&P SMALL-CAP ETF,ETF UNITS,2805,4257478,0.06588407503221391,2026-07-27
IKO,ISHARES MSCI SOUTH KOREA ETF,ETF UNITS,80,703814,0.011366639481453908,2026-07-27
ILA,ISLAND PHARMACEUTICALS LIMITED,FPO,18338,295916682,0.00619701460426621,2026-07-27
ILB,ISHARES GOVERNMENT INFLATION ETF,ETF UNITS,6727,10590500,0.06351919172843586,2026-07-27
ILU,ILUKA RESOURCES LIMITED,FPO,269467,431194999,0.062493071725073505,2026-07-27
IMB,INTELLIGENT MONITORING GROUP LIMI,FPO,15291,411817621,0.003713051414087014,2026-07-27
IMD,IMDEX LIMITED,FPO,151960,511841821,0.02968885967604433,2026-07-27
IMM,IMMUTEP LIMITED,FPO,279470,1473721306,0.01896355836494909,2026-07-27
IMU,IMUGENE LIMITED,FPO,91550,489719835,0.018694362257146477,2026-07-27
INA,INGENIA COMMUNITIES GROUP,STAPLED,292805,407583264,0.07183930888781538,2026-07-27
ING,INGHAMS GROUP LIMITED,FPO,257005,371679601,0.06914692097939483,2026-07-27
INR,IONEER LTD,FPO,371915,3087644348,0.012045266814518497,2026-07-27
ION,IONDRIVE LIMITED,FPO,74410,1296144420,0.005740872610476539,2026-07-27
IOO,ISHARES GLOBAL 100 ETF,ETF UNITS,3737,29206503,0.012795095667564172,2026-07-27
IOZ,ISHARES CORE S&P/ASX 200 ETF,ETF UNITS,1567,254830537,0.0006149184546120546,2026-07-27
IPD,IMPEDIMED LIMITED,FPO,634376,3662493691,0.01732087625321728,2026-07-27
IPG,IPD GROUP LTD,FPO,13169,103980121,0.012664920826549145,2026-07-27
IPH,IPH LIMITED,FPO,118038,256293158,0.0460558529619429,2026-07-27
IPX,IPERIONX LIMITED,FPO,685310,362240163,0.18918664190199141,2026-07-27
IR1,IRIS METALS LIMITED,FPO,110,288411261,3.8139980948940826e-05,2026-07-27
IRE,IRESS LIMITED,FPO,141388,186789474,0.0756937727658037,2026-07-27
IRI,INTEGRATED RESEARCH LIMITED,FPO,3312,180591803,0.0018339702826932847,2026-07-27
ISMD,GLOBAL X MSCI INTERNATIONAL SMALL,ETF UNITS,73,30000,0.24333333333333335,2026-07-27
IVE,ISHARES MSCI EAFE ETF,ETF UNITS,64,4117968,0.0015541645782580146,2026-07-27
IVR,INVESTIGATOR SILVER LIMITED,FPO,326027,2601475934,0.012532385779125951,2026-07-27
IVV,ISHARES S&P 500 ETF,ETF UNITS,13665,198455978,0.006885658037471665,2026-07-27
IVZ,INVICTUS ENERGY LTD,FPO,6470,1778337385,0.0003638229761446532,2026-07-27
IWLD,ISHARES CORE MSCI WORLD EX AUSTRA,ETF UNITS,12772,24744470,0.051615573095726036,2026-07-27
IXI,ISHARES GLOBAL CONSUMER STAPLES E,ETF UNITS,135,1392164,0.00969713338371054,2026-07-27
IXJ,ISHARES GLOBAL HEALTHCARE ETF,ETF UNITS,1250,10129942,0.012339656041465984,2026-07-27
IZZ,ISHARES CHINA LARGE-CAP ETF,ETF UNITS,24431,9034400,0.27042194279642257,2026-07-27
JBH,JB HI-FI LIMITED,FPO,124817,109333981,0.11416121397793061,2026-07-27
JDO,JUDO CAPITAL HOLDINGS LIMITED,FPO,1368971,1121284400,0.12208954302762082,2026-07-27
JGH,JADE GAS HOLDINGS LIMITED,FPO,628789,2125843687,0.02957832712937374,2026-07-27
JHX,JAMES HARDIE INDUSTRIES PLC,CDI 1:1,38484,318238223,0.01209282770536335,2026-07-27
JIN,JUMBO INTERACTIVE LIMITED,FPO,12867,63351538,0.020310477703003833,2026-07-27
JMS,JUPITER MINES LIMITED.,FPO,27378,1965850551,0.0013926796208426526,2026-07-27
JNS,JANUS ELECTRIC HOLDINGS LIMITED,FPO,7469,128589320,0.005808413949152231,2026-07-27
JPEQ,JPMORGAN US 100Q EQUITY PREMIUM I,ETF UNITS,5187,1502786,0.3451589248236276,2026-07-27
JPHQ,JPMORGAN US 100Q EQ PREM INC (HED,ETF UNITS,543,216056,0.2513237308845855,2026-07-27
JREG,JPMORGAN GLOBAL RESEARCH EN INDEX,ETF UNITS,1607,755406,0.21273328514732473,2026-07-27
JYC,JOYCE CORPORATION LTD,FPO,13,29569269,4.3964563344464144e-05,2026-07-27
KAR,KAROON ENERGY LTD,FPO,1744780,710703697,0.24550034105141286,2026-07-27
KAU,KAISER REEF LIMITED,FPO,61233,605322399,0.010115766424827111,2026-07-27
KCN,KINGSGATE CONSOLIDATED LIMITED.,FPO,132335,266048161,0.04974099407512913,2026-07-27
KGL,KGL RESOURCES LIMITED,FPO,27195,771389476,0.0035254564452989767,2026-07-27
KGN,KOGAN.COM LTD,FPO,19389,94794645,0.02045368701997882,2026-07-27
KLS,KELSIAN GROUP LIMITED,FPO,21879,271656692,0.008053915344003378,2026-07-27
KLV,KLEVO REWARDS LIMITED,FPO,5428,1544964965,0.00035133482784187276,2026-07-27
KOA,THE KOALA COMPANY LIMITED,FPO,20,90673345,2.205719883831351e-05,2026-07-27
KOB,KOBA RESOURCES LIMITED,FPO,126,285671584,4.410659199481318e-05,2026-07-27
KOV,KORVEST LTD,FPO,105,11838396,0.0008869444813300721,2026-07-27
KPG,KELLY PARTNERS GROUP HOLDINGS LIM,FPO,4908,45274957,0.010840429953362518,2026-07-27
KRR,KING RIVER RESOURCES LIMITED,FPO,62455,1558587035,0.0040071551089221015,2026-07-27
KSL,KINA SECURITIES LIMITED,FPO,332,294332296,0.0001127976795315727,2026-07-27
KSN,KINGSTON RESOURCES LIMITED,FPO,109443,1213768631,0.009016792591668156,2026-07-27
L1G,L1 GROUP LIMITED,FPO,112507,2566551484,0.004383586329803778,2026-07-27
LAC,LAC GOLD LIMITED,FPO,74,214906395,3.443359607795757e-05,2026-07-27
LAU,LINDSAY AUSTRALIA LIMITED,FPO,35042,366251559,0.009567740843391195,2026-07-27
LDX,LUMOS DIAGNOSTICS HOLDINGS LIMITE,FPO,41111,944389135,0.004353184347043552,2026-07-27
LED,LDR CAPITAL PROPERTY FUND,STAPLED,1296,407002325,0.0003184256994109309,2026-07-27
LEND,VANECK GLBL LISTED PRIVATE CREDIT,ETF UNITS,11354,14678441,0.0773515388998055,2026-07-27
LFG,LIBERTY FINANCIAL GROUP,STAPLED,106,303600000,3.491436100131752e-05,2026-07-27
LGI,LGI LIMITED,FPO,2470,103440274,0.00238785137015395,2026-07-27
LIC,LIFESTYLE COMMUNITIES LIMITED,FPO,8598,121740054,0.007062589277313776,2026-07-27
LIN,LINDIAN RESOURCES LIMITED,FPO,1058634,1849396405,0.05724213571184053,2026-07-27
LIS,LI-S ENERGY LIMITED,FPO,36,640200230,5.623240716423985e-06,2026-07-27
LKE,LAKE RESOURCES N.L.,FPO,293297,2325170102,0.012614001863679562,2026-07-27
LKY,LOCKSLEY RESOURCES LIMITED,FPO,101756,375003263,0.027134697225287878,2026-07-27
LLC,LENDLEASE GROUP,STAPLED,630442,690891185,0.09125054910057942,2026-07-27
LNAS,GLOBAL X ULTRA LONG NASDAQ 100 CO,ETF UNITS,114853,5354933,2.1448074140236675,2026-07-27
LNW,LIGHT & WONDER INC.,CDI 1:1,7529,77049181,0.009771680765821508,2026-07-27
LNYN,LANYON INVESTMENT FUND ACTIVE ETF,ETF UNITS,1362,76893577,0.001771279283834071,2026-07-27
LOT,LOTUS RESOURCES LIMITED,FPO,6924993,273392236,2.5329881716172804,2026-07-27
LOV,LOVISA HOLDINGS LIMITED,FPO,28110,110738494,0.025384127040774095,2026-07-27
LPHD,LOFTUS PEAK GLOBAL DISRUPTION HED,ETF UNITS,8305,12343681,0.06728138875267435,2026-07-27
LRK,LARK DISTILLING CO. LTD,FPO,2122,107387335,0.001976024453907903,2026-07-27
LRM,LION ROCK MINERALS LTD,FPO,24540,3663917147,0.0006697749707602764,2026-07-27
LRV,LARVOTTO RESOURCES LIMITED,FPO,79348,519340876,0.015278597096216243,2026-07-27
LSA,LACHLAN STAR LIMITED,FPO,120,371556528,3.2296566190326764e-05,2026-07-27
LSF,L1 LONG SHORT FUND LIMITED,FPO,2760,634669420,0.00043487206300249975,2026-07-27
LTR,LIONTOWN LIMITED,FPO,7740350,3179110946,0.24347530273326926,2026-07-27
LYC,LYNAS RARE EARTHS LIMITED,FPO,883255,1006502578,0.08775486713159716,2026-07-27
LYL,LYCOPODIUM LIMITED,FPO,3284,39740226,0.008263667146734394,2026-07-27
M7T,MACH7 TECHNOLOGIES LIMITED,FPO,1817,235009713,0.0007731595331976768,2026-07-27
MAD,MADER GROUP LIMITED,FPO,4165,203461728,0.0020470680363041055,2026-07-27
MAET,MUNRO GLOBAL GROWTH FUND COMPLEX,ETF UNITS,102,59699726,0.0001708550555156652,2026-07-27
MAF,MA FINANCIAL GROUP LIMITED,FPO,8847,197272019,0.004484670479293873,2026-07-27
MAH,MACMAHON HOLDINGS LIMITED,FPO,153326,2154985818,0.007114942414901777,2026-07-27
MAQ,MACQUARIE TECHNOLOGY GROUP LIMITE,FPO,3508,25773732,0.013610756874479801,2026-07-27
MCA,MURRAY COD AUSTRALIA LIMITED,FPO,1597,247870592,0.0006442878064373204,2026-07-27
MCY,MERCURY NZ LIMITED,FPO NZX,103,1425040949,7.227862474568091e-06,2026-07-27
MEI,METEORIC RESOURCES LIMITED,FPO,358904,2906618799,0.012347818025655039,2026-07-27
MEK,MEEKA METALS LIMITED,FPO,2844776,2984138192,0.0953299015315843,2026-07-27
MEU,MARMOTA LIMITED,FPO,55640,1295416901,0.004295142355873895,2026-07-27
MEZ,MERIDIAN ENERGY LIMITED,FPO NZX,141,1317244183,1.0704165698335067e-05,2026-07-27
MFF,MFF CAPITAL INVESTMENTS LIMITED,FPO,361,593079660,6.086872040089859e-05,2026-07-27
MFG,MAGELLAN FINANCIAL GROUP LIMITED,FPO,94854,292607897,0.032416760098583394,2026-07-27
MGH,MAAS GROUP HOLDINGS LIMITED,FPO,106440,361333272,0.029457569575823617,2026-07-27
MGR,MIRVAC GROUP,STAPLED,1499943,3945860217,0.03801307997525549,2026-07-27
MGX,MGX RESOURCES LIMITED,FPO,15252,1180428735,0.0012920729178962252,2026-07-27
MI6,MINERALS 260 LIMITED,FPO,1259916,2270603587,0.05548815333567955,2026-07-27
MIN,MINERAL RESOURCES LIMITED,FPO,301164,198537253,0.1516914309275751,2026-07-27
MIR,MIRRABOOKA INVESTMENTS LIMITED,FPO,94,223858762,4.1990762014488404e-05,2026-07-27
MKR,MANUKA RESOURCES LTD.,FPO,1419380,1586817694,0.08944820853503793,2026-07-27
MLX,METALS X LIMITED,FPO,518277,886391538,0.058470436345704375,2026-07-27
MM1,MIDAS MINERALS LTD,FPO,9560,245252427,0.0038980246258684325,2026-07-27
MM8,MEDALLION METALS LIMITED.,FPO,30521,799762354,0.0038162586482534035,2026-07-27
MMI,METRO MINING LIMITED,FPO,53432,308168437,0.017338569945759892,2026-07-27
MMKT,BETASHARES AUSTRALIAN CASH PLUS A,ETF UNITS,13792,12015289,0.11478708502142562,2026-07-27
MMS,MCMILLAN SHAKESPEARE LIMITED,FPO,19549,69643024,0.028070291720819016,2026-07-27
MNB,MINBOS RESOURCES LIMITED,FPO,34500,1336113237,0.0025821164737102296,2026-07-27
MND,MONADELPHOUS GROUP LIMITED,FPO,13654,100522616,0.013583013000775867,2026-07-27
MNRS,BETASHARES GLOBAL GOLD MINERS CUR,ETF UNITS,554,15699321,0.0035288150360133406,2026-07-27
MOAT,VANECK MORNINGSTAR WIDE MOAT ETF,ETF UNITS,79,7514566,0.00105129158490324,2026-07-27
MOON,GLOBAL X SPACE TECH ETF,ETF UNITS,352,100000,0.35200000000000004,2026-07-27
MP1,MEGAPORT LIMITED,FPO,128676,236064831,0.05450875484285925,2026-07-27
MPL,MEDIBANK PRIVATE LIMITED,FPO,905389,2754003240,0.03287537889752083,2026-07-27
MPW,METAL POWDER WORKS LIMITED,FPO,21851,121287250,0.01801590851470373,2026-07-27
MQAE,MACQUARIE CORE AUSTRALIAN EQUITY,ETF UNITS,17832,95938973,0.018586815599954357,2026-07-27
MQEG,MACQUARIE CORE GLOBAL EQUITY ACTI,ETF UNITS,24809,13006500,0.1907430899934648,2026-07-27
MQG,MACQUARIE GROUP LIMITED,FPO,75306,383631025,0.019629799232217988,2026-07-27
MQHG,MACQUARIE CORE GLOBAL EQUITY (HED,ETF UNITS,3355,1700000,0.1973529411764706,2026-07-27
MQIO,MACQUARIE INCOME OPPORTUNITIES AC,ETF UNITS,12157,9811514,0.12390544415469416,2026-07-27
MQSD,MACQUARIE SUBORDINATED DEBT ACTIV,ETF UNITS,428,17432593,0.002455171184229449,2026-07-27
MRE,METRICS REAL ESTATE MULTI-STRATEG,STAPLED,260,151416255,0.00017171207939332538,2026-07-27
MRZ,MONT ROYAL RESOURCES LIMITED,FPO,257,188744331,0.0001361630299773083,2026-07-27
MSB,MESOBLAST LIMITED,FPO,949090,1298748110,0.07307729595079064,2026-07-27
MSTR,MORNINGSTAR INTERNATIONAL SHARES,ETF UNITS,40,39716018,0.00010071503140118428,2026-07-27
MSV,MITCHELL SERVICES LIMITED,FPO,4531,212450530,0.0021327317940793085,2026-07-27
MTM,METALLIUM LIMITED,FPO,283515,738249769,0.03840366931425345,2026-07-27
MTO,MOTORCYCLE HOLDINGS LIMITED,FPO,1657,73862998,0.0022433424649240478,2026-07-27
MTS,METCASH LIMITED,FPO,781059,1099726157,0.07102304469420745,2026-07-27
MTUM,BETASHARES AUSTRALIAN MOMENTUM ET,ETF UNITS,5,8427762,5.93277313716263e-05,2026-07-27
MVA,VANECK AUSTRALIAN PROPERTY ETF,ETF UNITS,70,35153288,0.0001991278881224425,2026-07-27
MVB,VANECK AUSTRALIAN BANKS ETF,ETF UNITS,84,6907476,0.0012160737149141017,2026-07-27
MVE,VANECK S&P/ASX MIDCAP ETF,ETF UNITS,8,11222374,7.128616458514037e-05,2026-07-27
MVF,MONASH IVF GROUP LIMITED,FPO,61981,389634840,0.015907458378208686,2026-07-27
MVP,MEDICAL DEVELOPMENTS INTERNATIONA,FPO,3979,112658324,0.0035319183338818356,2026-07-27
MVR,VANECK AUSTRALIAN RESOURCES ETF,ETF UNITS,556,15590121,0.00356636103080919,2026-07-27
MVS,VANECK SMALL COMPANIES MASTERS ET,ETF UNITS,11,10156246,0.00010830773496427716,2026-07-27
MVW,VANECK AUSTRALIAN EQUAL WEIGHT ET,ETF UNITS,152,84766116,0.00017931693366722147,2026-07-27
MXI,MAXIPARTS LIMITED,FPO,174,55565957,0.0003131413717935246,2026-07-27
MYE,MASTERMYNE GROUP LIMITED,FPO,1166,308650174,0.00037777396490306205,2026-07-27
MYG,MAYFIELD GROUP HOLDINGS LIMITED,FPO,5177,116229882,0.004454104151977028,2026-07-27
MYR,MYER HOLDINGS LIMITED,FPO,6792154,1730746199,0.39244078674992366,2026-07-27
MYS,MYSTATE LIMITED,FPO,18405,170418992,0.010799852636142807,2026-07-27
MYX,MAYNE PHARMA GROUP LIMITED,FPO,20095,81245827,0.02473357800887423,2026-07-27
NAB,NATIONAL AUSTRALIA BANK LIMITED,FPO,569677,3117375038,0.01827425295499527,2026-07-27
NAN,NANOSONICS LIMITED,FPO,50760,298910874,0.01698165052369423,2026-07-27
NC1,NICO RESOURCES LIMITED,FPO,634,136794309,0.00046346957313845563,2026-07-27
NCK,NICK SCALI LIMITED,FPO,62595,85530699,0.07318424931848154,2026-07-27
NDIA,GLOBAL X INDIA NIFTY 50 ETF,ETF UNITS,55,2965307,0.0018547826582542718,2026-07-27
NDQ,BETASHARES NASDAQ 100 ETF,ETF UNITS,45364,146771576,0.030907891865929134,2026-07-27
NEC,NINE ENTERTAINMENT CO. HOLDINGS L,FPO,709419,1585762123,0.04473678553110453,2026-07-27
NEM,NEWMONT CORPORATION,CDI 1:1,137929,79127976,0.17431129541339463,2026-07-27
NEU,NEUREN PHARMACEUTICALS LIMITED,FPO NZ,75406,126773976,0.05948066186706963,2026-07-27
NHC,NEW HOPE CORPORATION LIMITED,FPO,286817,843773054,0.03399219714831045,2026-07-27
NHF,NIB HOLDINGS LIMITED,FPO,344195,488912791,0.07040008081932142,2026-07-27
NIC,NICKEL INDUSTRIES LIMITED,FPO,1133761,4341935875,0.026111878034126883,2026-07-27
NMG,NEW MURCHISON GOLD LIMITED,FPO,416918,10864241595,0.0038375251171869768,2026-07-27
NMT,NEOMETALS LTD,FPO,5721,875460621,0.0006534845614717832,2026-07-27
NRX,NORONEX LIMITED,FPO,141375,647640849,0.02182922837839711,2026-07-27
NSC,NAOS SMALL CAP OPPORTUNITIES COMP,FPO,6361,132001294,0.004818892154193579,2026-07-27
NST,NORTHERN STAR RESOURCES LTD,FPO,616395,1424805062,0.0432617076145677,2026-07-27
NTU,NORTHERN MINERALS LIMITED,FPO,860454,9544154113,0.009015508234805052,2026-07-27
NUF,NUFARM LIMITED,FPO,143678,384257570,0.03739106558134951,2026-07-27
NUGG,VANECK GOLD BULLION ETF,ETF UNITS,462,3856787,0.011978882940644635,2026-07-27
NVU,NANOVEU LIMITED,FPO,3395,1087314827,0.0003122370739086776,2026-07-27
NVX,NOVONIX LIMITED,FPO,318853,997612994,0.03196159251309832,2026-07-27
NWH,NRW HOLDINGS LIMITED,FPO,89860,459466948,0.019557445947123928,2026-07-27
NWL,NETWEALTH GROUP LIMITED,FPO,64529,245396703,0.026295789312214192,2026-07-27
NXG,NEXGEN ENERGY (CANADA) LTD,CDI 1:1,55370,137685294,0.04021489760554965,2026-07-27
NXL,NUIX LIMITED,FPO,25266,338752094,0.007458551680569095,2026-07-27
NXN,NEXSEN LIMITED,FPO,1260,92766096,0.0013582548520744045,2026-07-27
NXT,NEXTDC LIMITED,FPO,559789,759554497,0.0736996492300407,2026-07-27
OBM,ORA BANDA MINING LTD,FPO,1141886,1927653086,0.059237111090849046,2026-07-27
OCC,ORTHOCELL LIMITED,FPO,2248,272331961,0.0008254631559752914,2026-07-27
OCL,OBJECTIVE CORPORATION LIMITED,FPO,28191,95613303,0.029484390890669263,2026-07-27
OCN,OCEANA METALS LIMITED,FPO,507,235397510,0.00021538035810149392,2026-07-27
ODY,ODYSSEY GOLD LTD,FPO,348358,1412820913,0.024656911346271956,2026-07-27
OFX,OFX GROUP LIMITED,FPO,6138,232753119,0.00263712900019183,2026-07-27
OMA,OMEGA OIL & GAS LIMITED,FPO,6073,540742257,0.0011230858919168952,2026-07-27
OML,OOH!MEDIA LIMITED,FPO,16611,528211762,0.0031447614754175047,2026-07-27
OOO,BETASHARES CRUDE OIL INDEX CURRNC,ETF UNITS,10270,14770627,0.06952988522423592,2026-07-27
ORA,ORORA LIMITED,FPO,492041,1225342799,0.04015537532856551,2026-07-27
ORG,ORIGIN ENERGY LIMITED,FPO,692537,1722747671,0.040199560948934815,2026-07-27
ORI,ORICA LIMITED,FPO,141579,463542526,0.030542828771658374,2026-07-27
OSL,ONCOSIL MEDICAL LTD,FPO,2581,30890478,0.008355325547244689,2026-07-27
OSM,OSMOND RESOURCES LIMITED,FPO,5,139419916,3.5862882028992187e-06,2026-07-27
OZBD,BETASHARES AUSTRALIAN COMPOSITE B,ETF UNITS,49604,30230767,0.16408449047951712,2026-07-27
PAR,PARADIGM BIOPHARMACEUTICALS LIMIT,FPO,33665,593980824,0.005667691386616212,2026-07-27
PAVE,GLOBAL X US INFRASTRUCTURE DEVELO,ETF UNITS,11481,2126206,0.5399759007358648,2026-07-27
PBH,POINTSBET HOLDINGS LIMITED,FPO,84,347586582,2.41666405868337e-05,2026-07-27
PC2,PC GOLD LTD,FPO,436,199352614,0.00021870794229966807,2026-07-27
PCK,PAINCHEK LTD,FPO,165,209007312,7.894460649300154e-05,2026-07-27
PDI,PREDICTIVE DISCOVERY LIMITED,FPO,2287580,4940077185,0.046306563932765755,2026-07-27
PDN,PALADIN ENERGY LTD,FPO,457494,449358421,0.1018104877131033,2026-07-27
PEN,PENINSULA ENERGY LIMITED,FPO,430503,571527409,0.07532499635551163,2026-07-27
PFP,PROPEL FUNERAL PARTNERS LIMITED,FPO,10133,137973594,0.00734415891203066,2026-07-27
PGA1,PLATO GLOBAL ALPHA FUND COMPLEX E,ETF UNITS,443099,101865669,0.4349836449805283,2026-07-27
PGF,PM CAPITAL GLOBAL OPPORTUNITIES F,FPO,1811,480469576,0.00037692292924703313,2026-07-27
PGI2,PLATO GLOBAL SHARES INCOME FUND -,ETF UNITS,52,22522667,0.00023087851896047657,2026-07-27
PGL,PILBARA GOLD LIMITED,FPO,17185,234016028,0.007343514094684147,2026-07-27
PGO,PACGOLD LIMITED,FPO,135192,436203970,0.0309928403448506,2026-07-27
PIA,PENGANA INTERNATIONAL EQUITIES LI,FPO,3105,257975845,0.0012036010580758056,2026-07-27
PIC,PERPETUAL EQUITY INVESTMENT COMPA,FPO,1251,385264407,0.00032471206196839255,2026-07-27
PIQ,PROTEOMICS INTERNATIONAL LABORATO,FPO,1079,165373116,0.0006524639712297615,2026-07-27
PKO,PEAKO LIMITED,FPO,8000,1706491960,0.00046879798953169407,2026-07-27
PKP,PEAK PROCESSING LIMITED,FPO,14511,1334388962,0.0010874640313459068,2026-07-27
PL8,PLATO INCOME MAXIMISER LIMITED.,FPO,711,748636226,9.497269505630362e-05,2026-07-27
PLA,PACIFIC LIME AND CEMENT LIMITED,CDI 1:1,11932,860718662,0.0013862834078994329,2026-07-27
PLS,PLS GROUP LIMITED,FPO,2748651,3223621586,0.08526593232708302,2026-07-27
PLT,PLENTI GROUP LIMITED,FPO,456,182439253,0.0002499462108628564,2026-07-27
PLUS,VANECK AUSTRALIAN CORPORATE BOND,ETF UNITS,48472,21150827,0.2291730720505633,2026-07-27
PME,PRO MEDICUS LIMITED,FPO,27437,104469963,0.026263051323182723,2026-07-27
PMV,PREMIER INVESTMENTS LIMITED,FPO,24768,159522057,0.015526379527565895,2026-07-27
PNC,PIONEER CREDIT LIMITED,FPO,391,160721344,0.00024327820454263997,2026-07-27
PNI,PINNACLE INVESTMENT MANAGEMENT GR,FPO,157995,240960009,0.06556897165454538,2026-07-27
PNR,PANTORO GOLD LIMITED,FPO,601180,389718642,0.15426000586340952,2026-07-27
PNV,POLYNOVO LIMITED,FPO,186496,690842991,0.0269954247824163,2026-07-27
POD,PODIUM MINERALS LIMITED,FPO,29203,994017800,0.0029378749555591457,2026-07-27
POL,POLYMETALS RESOURCES LTD,FPO,20531,307494927,0.006676858119353624,2026-07-27
PPC,PEET LIMITED,FPO,81586,468158956,0.01742698691424799,2026-07-27
PPE,PEOPLEIN LIMITED,FPO,281,109449652,0.0002567390529482908,2026-07-27
PPL,PUREPROFILE LTD,FPO,5870,1204433560,0.00048736602789447344,2026-07-27
PPM,PEPPER MONEY LIMITED,FPO,30952,449255052,0.006889627587315368,2026-07-27
PPS,PRAEMIUM LIMITED,FPO,423682,487472439,0.08691404192391684,2026-07-27
PPT,PERPETUAL LIMITED,FPO,39512,115691221,0.03415298037177773,2026-07-27
PRN,PERENTI LIMITED,FPO,147364,934800376,0.01576422130151133,2026-07-27
PRU,PERSEUS MINING LIMITED,FPO,168765,1327131493,0.012716524390398143,2026-07-27
PSL,PATERSON RESOURCES LTD,FPO,1404,552241268,0.00025423670438189707,2026-07-27
PTX,PRESCIENT THERAPEUTICS LIMITED,FPO,451,1051514543,4.289051473442151e-05,2026-07-27
PUR,PURSUIT MINERALS LTD,FPO,373,262011190,0.00014236033201482732,2026-07-27
PVE,PO VALLEY ENERGY LIMITED,FPO,29865,1158961621,0.0025768756668776696,2026-07-27
PWH,PWR HOLDINGS LIMITED,FPO,14431,100574122,0.014348621407801103,2026-07-27
PWR,PETER WARREN AUTOMOTIVE HOLDINGS,FPO,2281,172256068,0.0013241913776877805,2026-07-27
PXA,PEXA GROUP LIMITED,FPO,136608,175936202,0.07764632772963918,2026-07-27
PXX,POLARX LIMITED,FPO,4916,2725019256,0.00018040239492531497,2026-07-27
PYC,PYC THERAPEUTICS LIMITED,FPO,128768,983510447,0.013092692649354238,2026-07-27
QAL,QUALITAS LIMITED,FPO,60059,301424517,0.01992505473600875,2026-07-27
QAN,QANTAS AIRWAYS LIMITED,FPO,863484,1513199279,0.057063468902168304,2026-07-27
QAU,BETASHARES GOLD BULLION CURRENCY,ETF UNITS,90857,36235527,0.2507401092855639,2026-07-27
QBE,QBE INSURANCE GROUP LIMITED,FPO,218563,1494024468,0.014629144614517784,2026-07-27
QETH,BETASHARES ETHEREUM ETF.,ETF UNITS,3646,1235020,0.29521789120823955,2026-07-27
QHAL,VANECK MSCI INTERNATIONAL QUALITY,ETF UNITS,84,44740764,0.00018774824676663992,2026-07-27
QHSM,VANECK MSCI INTL SML COMP QUALITY,ETF UNITS,31,7932119,0.00039081612366128146,2026-07-27
QLTY,BETASHARES GLOBAL QUALITY LEADERS,ETF UNITS,20739,29910825,0.06933610156189272,2026-07-27
QMAX,BETASHARES NASDAQ 100 YIELD MAXIM,ETF UNITS,3422,1202905,0.2844779928589539,2026-07-27
QMIX,STATE STREET SPDR MSCI WORLD QUAL,ETF UNITS,19662,11837863,0.16609416750303665,2026-07-27
QPON,BETASHARES AUSTRALIAN BANK SENIOR,ETF UNITS,158833,82214881,0.19319251949048008,2026-07-27
QRE,BETASHARES AUSTRALIAN RESOURCES S,ETF UNITS,496,54723779,0.0009063701540056288,2026-07-27
QSML,VANECK MSCI INTL SMALL COMPANIES,ETF UNITS,33080,49885868,0.06631136497414458,2026-07-27
QUAL,VANECK MSCI INTERNATIONAL QUALITY,ETF UNITS,2181,138584099,0.001573773626078126,2026-07-27
QUS,BETASHARES S&P 500 EQUAL WEIGHT E,ETF UNITS,2123,19469872,0.010904026487693395,2026-07-27
QYLD,GLOBAL X NASDAQ 100 COVERED CALL,ETF UNITS,7707,2267464,0.33989514276742655,2026-07-27
RAC,RACURA ONCOLOGY LTD,FPO,230,196068940,0.00011730567829866373,2026-07-27
RAD,RADIOPHARM THERANOSTICS LIMITED,FPO,600,3544216160,1.6928990019615507e-05,2026-07-27
RBTZ,BETASHARES GLOBAL ROBOTICS AND AR,ETF UNITS,6,20821597,2.8816233452217908e-05,2026-07-27
RCB,RUSSELL INVESTMENTS AUSTRALIAN SE,ETF UNITS,106,17461273,0.0006070576870311804,2026-07-27
RCE,RECCE PHARMACEUTICALS LTD,FPO,8292,299468821,0.0027689026097311147,2026-07-27
RCKT,BETASHARES SPACE INDUSTRY ETF,ETF UNITS,82,4100000,0.002,2026-07-27
RDM,RED METAL LIMITED,FPO,933,386944633,0.0002411197676438634,2026-07-27
RDX,REDOX LIMITED,FPO,3815,525081428,0.0007265539774528076,2026-07-27
REA,REA GROUP LTD,FPO,69641,130859812,0.05321801929533568,2026-07-27
REG,REGIS HEALTHCARE LIMITED,FPO,48980,302361505,0.016199152071292938,2026-07-27
REH,REECE LIMITED,FPO,74228,615091957,0.012067789076942849,2026-07-27
REP,RAM ESSENTIAL SERVICES PROPERTY F,STAPLED,12378,501065183,0.0024703372774555763,2026-07-27
RFF,RURAL FUNDS GROUP,STAPLED,19416,389722999,0.004982000048706389,2026-07-27
RG1,REGAL PARTNERS GLOBAL INVESTMENTS,FPO,1878,234807261,0.0007998049089291153,2026-07-27
RG8,REGAL ASIAN INVESTMENTS LIMITED,FPO,3241,141163309,0.002295922377393406,2026-07-27
RGB,RUSSELL INVESTMENTS AUSTRALIAN GO,ETF UNITS,9066,14588221,0.062146028635019994,2026-07-27
RGN,REGION GROUP,STAPLED,277987,1148742322,0.024199247705613828,2026-07-27
RHC,RAMSAY HEALTH CARE LIMITED,FPO,49740,230829811,0.021548343251037015,2026-07-27
RHI,RED HILL MINERALS LIMITED,FPO,255,64229019,0.00039701680637532386,2026-07-27
RHY,RHYTHM BIOSCIENCES LIMITED,FPO,1,353866857,2.8259216149197044e-07,2026-07-27
RIC,RIDLEY CORPORATION LIMITED,FPO,71355,374853074,0.01903545814326175,2026-07-27
RIO,RIO TINTO LIMITED,FPO,612136,371821214,0.16463181145979475,2026-07-27
RIV,RIVCO AUSTRALIA LTD,FPO,1562,158107061,0.0009879381667843412,2026-07-27
RMC,RESIMAC GROUP LTD,FPO,1626,395529012,0.00041109500205259284,2026-07-27
RMI,RESOURCE MINERALS INTERNATIONAL L,FPO,3200,939609864,0.000340566880213169,2026-07-27
RML,RESOLUTION MINERALS LTD,FPO,97835,2282765979,0.004285809447837403,2026-07-27
RMS,RAMELIUS RESOURCES LIMITED,FPO,403946,1889448573,0.02137904178882354,2026-07-27
RNU,RENASCOR RESOURCES LIMITED,FPO,17962,2546237633,0.0007054329795148386,2026-07-27
ROYL,BETASHARES GLOBAL ROYALTIES ETF,ETF UNITS,2723,6986300,0.03897628215221219,2026-07-27
RPL,REGAL PARTNERS LIMITED,FPO,71248,392240277,0.01816437632181256,2026-07-27
RRL,REGIS RESOURCES LIMITED,FPO,181705,757388131,0.023991001781357463,2026-07-27
RSG,RESOLUTE MINING LIMITED,FPO,922125,2137417613,0.04314201372682335,2026-07-27
RWC,RELIANCE WORLDWIDE CORPORATION LI,FPO,385344,748038799,0.051513905497300276,2026-07-27
RXL,ROX RESOURCES LIMITED,FPO,277807,1390168440,0.01998369348681229,2026-07-27
RYM,RYMAN HEALTHCARE LIMITED,FPO NZX,1,1015729081,9.845144918126058e-08,2026-07-27
S32,SOUTH32 LIMITED,FPO,1044287,4486485738,0.023276280389236802,2026-07-27
SBM,ST BARBARA LIMITED,FPO,539507,1209795861,0.04459487897024637,2026-07-27
SBZ,SCHOOLBLAZER LIMITED,FPO,7736,525431955,0.0014723124329200723,2026-07-27
SCG,SCENTRE GROUP,STAPLED,1660260,5222977091,0.03178761788675822,2026-07-27
SDF,STEADFAST GROUP LIMITED,FPO,539495,1111991628,0.04851610267698886,2026-07-27
SDR,SITEMINDER LIMITED,FPO,71973,283084867,0.025424531082405052,2026-07-27
SEA,SEA FOREST LIMITED,FPO,12,46762739,2.5661456656762555e-05,2026-07-27
SEK,SEEK LIMITED,FPO,294647,357970190,0.08231048512726717,2026-07-27
SEMI,GLOBAL X SEMICONDUCTOR ETF,ETF UNITS,94,27688204,0.0003394947537947929,2026-07-27
SEN,SENETAS CORPORATION LIMITED,FPO,162,16577389,0.0009772347141036506,2026-07-27
SFIF,SEED FINANCIAL INCOME FUND ACTIVE,ETF UNITS,63668,8065325,0.7894040227765156,2026-07-27
SFR,SANDFIRE RESOURCES LIMITED,FPO,325210,466963304,0.06964358809659271,2026-07-27
SFX,SHEFFIELD RESOURCES LIMITED,FPO,438,395527302,0.00011073824683788833,2026-07-27
SFY,STATE STREET SPDR S&P/ASX 50 ETF,ETF UNITS,12,9271258,0.00012943227337649323,2026-07-27
SGC,SINCLAIR GOLD LTD,FPO,1991,185597924,0.0010727490680337568,2026-07-27
SGH,SGH LIMITED,FPO,115953,406998167,0.02848980889881993,2026-07-27
SGI,STEALTH GROUP HOLDINGS LTD,FPO,375,149557089,0.000250740371123431,2026-07-27
SGM,SIMS LIMITED,FPO,34194,193232991,0.01769573602470398,2026-07-27
SGP,STOCKLAND,STAPLED,1909259,2431644122,0.07851720499419364,2026-07-27
SGQ,ST GEORGE MINING LIMITED,FPO,1674109,4637775991,0.036097237194050585,2026-07-27
SGR,THE STAR ENTERTAINMENT GROUP LIMI,FPO,132334,6636202776,0.0019941223085977624,2026-07-27
SHA,SHAPE AUSTRALIA CORPORATION LIMIT,FPO,710,83885488,0.0008463919289591544,2026-07-27
SHG,SINGULAR HEALTH GROUP LTD,FPO,21080,324273117,0.006500693056217793,2026-07-27
SHL,SONIC HEALTHCARE LIMITED,FPO,341157,494237953,0.06902687216333628,2026-07-27
SHN,SUNSHINE METALS LIMITED,FPO,21915,3595329012,0.0006095408772564373,2026-07-27
SHV,SELECT HARVESTS LIMITED,FPO,27881,141374561,0.01972136981560636,2026-07-27
SIG,SIGMA HEALTHCARE LIMITED,FPO,3560989,11543702836,0.030847892141633783,2026-07-27
SIQ,SMARTGROUP CORPORATION LTD,FPO,25686,138151642,0.018592612891274937,2026-07-27
SIX,SPRINTEX LIMITED,FPO,1500,725070912,0.00020687631722288703,2026-07-27
SK1,SKINKANDY LIMITED,FPO,212,111667388,0.00018984951989742968,2026-07-27
SKC,SKYCITY ENTERTAINMENT GROUP LIMIT,FPO NZX,64386,1103055047,0.005837061366530332,2026-07-27
SKG,STORAGE KING GROUP,STAPLED,10499,1314102962,0.0007989480507692516,2026-07-27
SKS,SKS TECHNOLOGIES GROUP LIMITED,FPO,27180,115370809,0.023558818938333007,2026-07-27
SKT,SKY NETWORK TELEVISION LIMITED.,FPO NZX,1,137675010,7.263482312439999e-07,2026-07-27
SKY,SKY METALS LIMITED,FPO,107993,992332674,0.01088274152706172,2026-07-27
SLC,SUPERLOOP LIMITED,FPO,299013,514713893,0.05809305015203854,2026-07-27
SLF,STATE STREET SPDR S&P/ASX 200 LIS,ETF UNITS,14,39200001,3.5714284803207016e-05,2026-07-27
SLM,SOLIS MINERALS LIMITED,FPO,5163,331578689,0.0015570964513946794,2026-07-27
SLS,SOLSTICE MINERALS LIMITED,FPO,2700,172160386,0.0015683050338885741,2026-07-27
SLVM,GLOBAL X SILVER MINERS ETF..,ETF UNITS,7750,1540000,0.5032467532467533,2026-07-27
SLX,SILEX SYSTEMS LIMITED,FPO,231152,278438291,0.0830173174708934,2026-07-27
SMI,SANTANA MINERALS LIMITED,FPO,352482,985760563,0.03575736474253738,2026-07-27
SMN,STRUCTURAL MONITORING SYSTEMS PLC,CDI 1:1,9375,155606779,0.0060248017857885226,2026-07-27
SMR,STANMORE RESOURCES LIMITED,FPO,181221,901391634,0.020104579759168253,2026-07-27
SNAS,GLOBAL X ULTRA SHORT NASDAQ 100 C,ETF UNITS,83526,5485168,1.5227610166179049,2026-07-27
SNL,SUPPLY NETWORK LIMITED,FPO,4807,43753845,0.010986463018278736,2026-07-27
SOL,WASHINGTON H. SOUL PATTINSON AND,FPO,104269,379919682,0.027445011390591762,2026-07-27
SOM,SOMNOMED LIMITED,FPO,245,219768253,0.00011148107001605915,2026-07-27
SPD,SOUTHERN PALLADIUM LIMITED,FPO,2992,132328911,0.002261032738340906,2026-07-27
SPG,SPC GLOBAL HOLDINGS LTD,FPO,2269,1193312603,0.00019014296792774256,2026-07-27
SPK,SPARK NEW ZEALAND LIMITED,FPO NZX,328317,1890130108,0.017370074081693852,2026-07-27
SPL,STARPHARMA HOLDINGS LIMITED,FPO,330397,420928435,0.078492440169788,2026-07-27
SPN,SPARC TECHNOLOGIES LIMITED,FPO,290,119315774,0.00024305252380125362,2026-07-27
SPY,STATE STREET SPDR S&P 500 ETF,CDI 1:1,1,375557,0.0002662711652292462,2026-07-27
SPZ,SMART PARKING LIMITED,FPO,31924,417131770,0.007653217111705492,2026-07-27
SRG,SRG GLOBAL LIMITED,FPO,113022,626592222,0.01803756829908431,2026-07-27
SRJ,SRJ TECHNOLOGIES GROUP PLC,CDI 1:1,171971,1723217382,0.009979646317193428,2026-07-27
SRL,SUNRISE ENERGY METALS LIMITED,FPO,10948,155620190,0.007035076875307761,2026-07-27
SRV,SERVCORP LIMITED,FPO,501,99824888,0.000501878850091973,2026-07-27
SRZ,STELLAR RESOURCES LIMITED,FPO,20941,339148591,0.006174579684454594,2026-07-27
SS1,SUN SILVER LIMITED,FPO,28590,184011922,0.01553703677960605,2026-07-27
SSG,SHAVER SHOP GROUP LIMITED,FPO,893,131012494,0.0006816143809917854,2026-07-27
SSM,SERVICE STREAM LIMITED,FPO,917744,618405410,0.1484049112701003,2026-07-27
STK,STRICKLAND METALS LIMITED,FPO,41422,2639718767,0.0015691823128217357,2026-07-27
STM,SUNSTONE METALS LTD,FPO,1646,284020226,0.0005795361912006929,2026-07-27
STO,SANTOS LIMITED,FPO,1106846,3247772961,0.03408015317853987,2026-07-27
STW,STATE STREET SPDR S&P/ASX 200 ETF,ETF UNITS,8567,83212898,0.010295278984274769,2026-07-27
STX,STRIKE ENERGY LIMITED,FPO,585599,3599396998,0.01626936401640017,2026-07-27
SUBD,VANECK AUSTRALIAN SUBORDINATED DE,ETF UNITS,219276,145008816,0.15121563367567942,2026-07-27
SUL,SUPER RETAIL GROUP LIMITED,FPO,116556,225826500,0.051613074639158825,2026-07-27
SUN,SUNCORP GROUP LIMITED,FPO,487176,1060051406,0.04595777122152131,2026-07-27
SVL,SILVER MINES LIMITED,FPO,1398082,2219374185,0.06299442470986477,2026-07-27
SVM,SOVEREIGN METALS LIMITED,FPO,26363,655961203,0.004018987690038735,2026-07-27
SVR,SOLVAR LIMITED,FPO,1188,186651516,0.000636480230891883,2026-07-27
SX2,SOUTHERN CROSS GOLD CONSOLIDATED,CDI 1:1,100,158868074,6.2945308948606e-05,2026-07-27
SXE,SOUTHERN CROSS ELECTRICAL ENGINEE,FPO,44556,307303923,0.014499001368101637,2026-07-27
SXL,SOUTHERN CROSS MEDIA GROUP LIMITE,FPO,29497,478779139,0.0061608782833790085,2026-07-27
SYI,STATE STREET SPDR MSCI AUS SELECT,ETF UNITS,55,22050173,0.00024943114958780595,2026-07-27
SYL,SYMAL GROUP LIMITED,FPO,647,239144295,0.0002705479551582027,2026-07-27
SYR,SYRAH RESOURCES LIMITED,FPO,51092,2321927497,0.0022004132371063437,2026-07-27
TAH,TABCORP HOLDINGS LIMITED,FPO,610710,2292644230,0.026637800667397925,2026-07-27
TCG,TURACO GOLD LIMITED,FPO,268520,1077523870,0.024920097593754468,2026-07-27
TCL,TRANSURBAN GROUP,STAPLED,379449,3120183769,0.012161110629763038,2026-07-27
TEA,TASMEA LIMITED,FPO,62521,276457760,0.022615028060706272,2026-07-27
TECH,GLOBAL X MORNINGSTAR GLOBAL TECHN,ETF UNITS,3,2978344,0.00010072711547087913,2026-07-27
TER,TERRACOM LIMITED,FPO,10837,1822523150,0.0005946152179191798,2026-07-27
TG1,TECHGEN METALS LTD,FPO,7333,463101661,0.0015834536166779154,2026-07-27
TG6,TG METALS LIMITED,FPO,7854,120530311,0.006516203214642,2026-07-27
TGN,TUNGSTEN MINING NL,FPO,75065,1396340206,0.005375838902113515,2026-07-27
THL,TOURISM HOLDINGS RENTALS LIMITED,FPO NZX,382,221495535,0.000172463973145102,2026-07-27
TKM,TREK METALS LIMITED,CDI 1:1,2289,731173800,0.0003130582633021041,2026-07-27
TLC,THE LOTTERY CORPORATION LIMITED,FPO,983049,2225771703,0.04416665908165694,2026-07-27
TLG,TALGA GROUP LTD,FPO,167888,510926796,0.03285950185317742,2026-07-27
TLM,TALISMAN MINING LIMITED,FPO,676,188320349,0.0003589628011999914,2026-07-27
TLS,TELSTRA GROUP LIMITED,FPO,2901672,11139136247,0.02604934472169223,2026-07-27
TLX,TELIX PHARMACEUTICALS LIMITED,FPO,159361,339784294,0.04690063749679966,2026-07-27
TM1,TERRA METALS LIMITED,FPO,6348,1030886292,0.0006157808139716732,2026-07-27
TMK,TMK ENERGY LIMITED,FPO,38,269729116,1.4088208408320295e-05,2026-07-27
TNE,TECHNOLOGY ONE LIMITED,FPO,125153,327368541,0.038230002069746825,2026-07-27
TOLL,BETASHARES FTSE GLOBAL INFRASTRUC,ETF UNITS,27824,300027,9.273832021784706,2026-07-27
TOR,TORQUE METALS LIMITED..,FPO,86252,624928499,0.013801898959323985,2026-07-27
TPG,TPG TELECOM LIMITED.,FPO,129003,1963029400,0.006571628524768911,2026-07-27
TPW,TEMPLE & WEBSTER GROUP LTD,FPO,66191,116546731,0.05679352773952965,2026-07-27
TR2,TALI RESOURCES LTD,FPO,18,48825775,3.686577427598435e-05,2026-07-27
TRE,TOUBANI RESOURCES LIMITED,FPO,2748,1010472008,0.0002719521152732417,2026-07-27
TSO,TESORO GOLD LTD,FPO,34,179736167,1.8916615708178533e-05,2026-07-27
TTM,TITAN MINERALS LIMITED,FPO,548,288016545,0.00019026684734378715,2026-07-27
TTT,TITOMIC LIMITED,FPO,9582,1607530316,0.0005960696295820277,2026-07-27
TTX,TETRATHERIX LIMITED,FPO,227,29465323,0.0007703971207103347,2026-07-27
TUA,TUAS LIMITED,FPO,259299,548396171,0.04728315289422398,2026-07-27
TVN,TIVAN LIMITED,FPO,9858,2325970753,0.00042382304194002907,2026-07-27
TWD,TAMAWOOD LIMITED,FPO,1,39732101,2.516856584050262e-06,2026-07-27
TWE,TREASURY WINE ESTATES LIMITED,FPO,259979,807437260,0.03219804347399079,2026-07-27
TYR,TYRO PAYMENTS LIMITED,FPO,76437,532447275,0.014355787622351903,2026-07-27
UM1,UNITY METALS LIMITED,FPO,120,145931182,8.22305406941746e-05,2026-07-27
UMAX,BETASHARES S&P 500 YIELD MAXIMISE,ETF UNITS,1167,11196850,0.010422574206138334,2026-07-27
UNI,UNIVERSAL STORE HOLDINGS LIMITED,FPO,71720,76720810,0.09348180760865273,2026-07-27
URNM,BETASHARES GLOBAL URANIUM ETF,ETF UNITS,272,31333359,0.0008680843952925699,2026-07-27
USHY,GLOBAL X USD HIGH YIELD BOND (CUR,ETF UNITS,87,1426149,0.0061003443539209435,2026-07-27
USL,UNICO SILVER LIMITED,FPO,183484,640364968,0.028653035248486614,2026-07-27
V500,VANGUARD S&P 500 US SHARES INDEX,ETF UNITS,2479,2525002,0.09817814005691877,2026-07-27
VAF,VANGUARD AUSTRALIAN FIXED INTERES,ETF UNITS,21690,80148745,0.027062182944973125,2026-07-27
VAP,VANGUARD AUSTRALIAN PROPERTY SECU,ETF UNITS,83,32521163,0.0002552184249991306,2026-07-27
VAS,VANGUARD AUSTRALIAN SHARES INDEX,ETF UNITS,244,232177046,0.0001050922148436672,2026-07-27
VAU,VAULT MINERALS LIMITED,FPO,560110,1034565895,0.054139615727425455,2026-07-27
VBAL,VANECK DIVERSIFIED BALANCED ACTIV,ETF UNITS,2536,60000,4.226666666666667,2026-07-27
VBC,VERBREC LIMITED,FPO,12566,306157363,0.004104425213513484,2026-07-27
VBLD,VANGUARD GLOBAL INFRASTRUCTURE IN,ETF UNITS,75,8644676,0.000867586014791069,2026-07-27
VBND,VANGUARD GLOBAL AGGREGATE BOND IN,ETF UNITS,17051,107302238,0.015890628488102923,2026-07-27
VCX,VICINITY CENTRES,STAPLED,1065072,4640336267,0.022952474534535708,2026-07-27
VDAL,VANGUARD DIVERSIFIED ALL GROWTH I,ETF UNITS,34733,7089380,0.4899300079837729,2026-07-27
VDBA,VANGUARD DIVERSIFIED BALANCED IND,ETF UNITS,3947,15197657,0.025971108572854354,2026-07-27
VDGR,VANGUARD DIVERSIFIED GROWTH INDEX,ETF UNITS,8505,22102409,0.038479968405253924,2026-07-27
VDHG,VANGUARD DIVERSIFIED HIGH GROWTH,ETF UNITS,16437,51559296,0.03187979913457313,2026-07-27
VDIF,VANGUARD DIVERSIFIED INCOME ETF,ETF UNITS,23,777520,0.002958123263710258,2026-07-27
VEA,VIVA ENERGY GROUP LIMITED,FPO,529525,1642520936,0.03223855406613825,2026-07-27
VEE,VEEM LTD,FPO,405,146749372,0.0002759807380981501,2026-07-27
VEQ,VANGUARD FTSE EUROPE SHARES ETF,ETF UNITS,3,6910809,4.341025775708748e-05,2026-07-27
VESG,VANGUARD ETHICALLY CONSCIOUS INTE,ETF UNITS,237,12688219,0.001867874443213819,2026-07-27
VETH,VANGUARD ETHICALLY CONSCIOUS AUST,ETF UNITS,820,9240313,0.00887415826714961,2026-07-27
VEU,VANGUARD ALL-WORLD EX-US SHARES I,CDI 1:1,52653,50835948,0.1035743446743631,2026-07-27
VFY,VITRAFY LIFE SCIENCES LIMITED,FPO,617,62336675,0.0009897865101082149,2026-07-27
VGAD,VANGUARD MSCI INDEX INTERNATIONAL,ETF UNITS,44897,55802073,0.080457584434184,2026-07-27
VGB,VANGUARD AUSTRALIAN GOVERNMENT BO,ETF UNITS,442,29497914,0.0014984110401840619,2026-07-27
VGE,VANGUARD FTSE EMERGING MARKETS SH,ETF UNITS,16295,21128797,0.07712223275182208,2026-07-27
VGN,VIRGIN AUSTRALIA HOLDINGS LIMITED,FPO,124839,784231845,0.015918634367621223,2026-07-27
VGS,VANGUARD MSCI INDEX INTERNATIONAL,ETF UNITS,104959,106671695,0.09839442412535022,2026-07-27
VHM,VHM LIMITED,FPO,51289,311611899,0.01645925594131436,2026-07-27
VHY,VANGUARD AUSTRALIAN SHARES HIGH Y,ETF UNITS,130,92017324,0.00014127774461252535,2026-07-27
VIF,VANGUARD INTERNATIONAL FIXED INTE,ETF UNITS,1914,24697248,0.007749851319466849,2026-07-27
VIHY,VANGUARD INTERNATIONAL SHARES HIG,ETF UNITS,4739,855000,0.5542690058479532,2026-07-27
VISM,VANGUARD MSCI INTERNATIONAL SMALL,ETF UNITS,16074,11946233,0.13455287537083865,2026-07-27
VLUE,VANECK MSCI INTERNATIONAL VALUE E,ETF UNITS,53199,14385851,0.3698008550206727,2026-07-27
VMM,VIRIDIS MINING AND MINERALS LIMIT,FPO,90692,130225698,0.06964216847584107,2026-07-27
VNT,VENTIA SERVICES GROUP LIMITED,FPO,204162,817824369,0.0249640396812387,2026-07-27
VR1,VECTION TECHNOLOGIES LTD,FPO,37060,2353154651,0.0015749071139141207,2026-07-27
VSL,VULCAN STEEL LIMITED,FPO,28613,146529960,0.019527064635791888,2026-07-27
VSO,VANGUARD MSCI AUSTRALIAN SMALL CO,ETF UNITS,29,15573432,0.00018621457364054373,2026-07-27
VTEK,VANGUARD GLOBAL TECHNOLOGY INDEX,ETF UNITS,2034,950000,0.21410526315789472,2026-07-27
VTM,VICTORY METALS LIMITED,FPO,803,131767558,0.000609406451928023,2026-07-27
VTS,VANGUARD US TOTAL MARKET SHARES I,CDI 1:1,390,13081641,0.002981277348919757,2026-07-27
VUL,VULCAN ENERGY RESOURCES LIMITED,FPO,166130,478660737,0.03470725446194264,2026-07-27
VVA,VIVA LEISURE LIMITED,FPO,450,98546369,0.00045663782904066205,2026-07-27
VVLU,VANGUARD GLOBAL VALUE EQUITY ACTI,ETF UNITS,44386,15283797,0.2904121273005654,2026-07-27
WA1,WA1 RESOURCES LTD,FPO,32436,74344379,0.043629391268437394,2026-07-27
WAA,WAM ACTIVE LIMITED,FPO,1743,148600131,0.001172946476070065,2026-07-27
WAF,WEST AFRICAN RESOURCES LIMITED,FPO,360407,1143753008,0.031510911663543355,2026-07-27
WAM,WAM CAPITAL LIMITED,FPO,2440,1138200752,0.0002143734306722721,2026-07-27
WAU,WA GOLD LIMITED,FPO,194200,1263103607,0.015374827442797416,2026-07-27
WBC,WESTPAC BANKING CORPORATION,FPO,530543,3420303305,0.015511577561686448,2026-07-27
WBND,BETASHARES GLOBAL AGGREGATE BOND,ETF UNITS,20857,13327989,0.15649022519451358,2026-07-27
WBT,WEEBIT NANO LTD,FPO,23575,240202835,0.009814621879879144,2026-07-27
WC8,WILDCAT RESOURCES LIMITED,FPO,90295,1381811316,0.0065345390470083545,2026-07-27
WCE,WEST COAST SILVER LIMITED,FPO,30432,365426356,0.008327806547155564,2026-07-27
WDIV,STATE STREET SPDR S&P GLOBAL DIVI,ETF UNITS,39831,17555563,0.22688534682709974,2026-07-27
WDS,WOODSIDE ENERGY GROUP LTD,FPO,1138180,1901100143,0.05986954470498928,2026-07-27
WEB,WEB TRAVEL GROUP LIMITED,FPO,595206,361987132,0.16442739185546518,2026-07-27
WES,WESFARMERS LIMITED,FPO,282118,1134572767,0.024865571271022763,2026-07-27
WGN,WAGNERS HOLDING COMPANY LIMITED,FPO,4768,199723828,0.0023872965222757497,2026-07-27
WGR,WESTERN GOLD RESOURCES LIMITED.,FPO,1647,295484558,0.0005573895337028068,2026-07-27
WGX,WESTGOLD RESOURCES LIMITED.,FPO,336809,944831564,0.035647517804559714,2026-07-27
WHC,WHITEHAVEN COAL LIMITED,FPO,583673,822323769,0.07097849071172842,2026-07-27
WHF,WHITEFIELD INDUSTRIALS LIMITED,FPO,909,121297544,0.0007493968715475394,2026-07-27
WHI,WHITEFIELD INCOME LIMITED,FPO,189,308415228,6.128102079317562e-05,2026-07-27
WIA,WIA GOLD LIMITED,FPO,31696,1701874264,0.0018624172578709376,2026-07-27
WIRE,GLOBAL X COPPER MINERS ETF,ETF UNITS,27172,37119283,0.07320184498175787,2026-07-27
WJL,WEBJET GROUP LIMITED,FPO,13858,392530357,0.003530427584228855,2026-07-27
WLE,WAM LEADERS LIMITED,FPO,4226,1380135164,0.0003062018931357364,2026-07-27
WMA,WAM ALTERNATIVE ASSETS LIMITED,FPO,132,197446793,6.685345352760427e-05,2026-07-27
WMI,WAM MICROCAP LIMITED,FPO,2044,281337346,0.0007265299218398115,2026-07-27
WOR,WORLEY LIMITED,FPO,94722,487660203,0.019423770776718478,2026-07-27
WOW,WOOLWORTHS GROUP LIMITED,FPO,177401,1221599192,0.014522029906516179,2026-07-27
WPR,WAYPOINT REIT,STAPLED,139686,653073547,0.021389015164014903,2026-07-27
WQG,WCM GLOBAL GROWTH LIMITED,FPO,1202,276610625,0.0004345458530380024,2026-07-27
WTC,WISETECH GLOBAL LIMITED,FPO,372875,336109003,0.11093871234386422,2026-07-27
WTM,WARATAH MINERALS LIMITED,FPO,1248,387752326,0.0003218549358231316,2026-07-27
WVOL,ISHARES MSCI WORLD EX AUST MINIMU,ETF UNITS,557,1759302,0.031660283453324105,2026-07-27
WWI,WEST WITS MINING LIMITED,FPO,31030,434888012,0.007135170237803658,2026-07-27
WXHG,STATE STREET SPDR S&P WORLD EX AU,ETF UNITS,19,13672768,0.0001389623520270365,2026-07-27
WZR,WISR LIMITED,FPO,6996,1762365499,0.00039696646376530096,2026-07-27
XGOV,VANECK 10+ YEAR AUSTRALIAN GOVERN,ETF UNITS,4,7665215,5.2183793931416146e-05,2026-07-27
XMET,BETASHARES ENERGY TRANSITION META,ETF UNITS,10311,8478171,0.12161821222997271,2026-07-27
XRF,XRF SCIENTIFIC LIMITED,FPO,7815,143040078,0.005463503732149811,2026-07-27
XRO,XERO LIMITED,FPO,281248,170649024,0.1648107873151387,2026-07-27
XYZ,"BLOCK, INC.",CDI 1:1,4274,37570254,0.011376021040475266,2026-07-27
YAL,YANCOAL AUSTRALIA LIMITED,FPO,999800,1320439437,0.07571721746447656,2026-07-27
YMAX,BETASHARES AUS TOP 20 EQY YIELD M,ETF UNITS,11404,89955632,0.01267736076825073,2026-07-27
ZEO,ZEOTECH LIMITED,FPO,33116,2057320690,0.001609666405483921,2026-07-27
ZIP,ZIP CO LIMITED..,FPO,1776044,1245921802,0.14254859310985876,2026-07-27
ZYAU,GLOBAL X S&P/ASX 200 HIGH DIVIDEN,ETF UNITS,1,9314486,1.0735965462828544e-05,2026-07-27
ZYUS,GLOBAL X S&P 500 HIGH YIELD LOW V,ETF UNITS,13,5004123,0.0002597857806452799,2026-07-27
