Date,Code
2026-09-28,10X
2026-09-28,AAA
2026-09-28,AEU
2026-09-28,AHE
2026-09-28,ALU
2026-09-28,AT4
2026-09-28,AXQ
2026-09-28,AYLD
2026-09-28,BGBL
2026-09-28,BKB
2026-09-28,BLS
2026-09-28,BMC
2026-09-28,CIIH
2026-09-28,CMA
2026-09-28,CPPR
2026-09-28,CYV
2026-09-28,DACE
2026-09-28,DHHF
2026-09-28,EAU
2026-09-28,EF2
2026-09-28,ELV
2026-09-28,EMKT
2026-09-28,ENP
2026-09-28,EXUS
2026-09-28,FANG
2026-09-28,FDC
2026-09-28,FHNG
2026-09-28,FLOT
2026-09-28,GA8
2026-09-28,GCAP
2026-09-28,GCQF
2026-09-28,GDX
2026-09-28,GGM
2026-09-28,GIFL
2026-09-28,GLIN
2026-09-28,GNDQ
2026-09-28,GSBI30
2026-09-28,GSBI34
2026-09-28,GSBK39
2026-09-28,GSBU28
2026-09-28,GSBU33
2026-09-28,GSBW30
2026-09-28,GSBW34
2026-09-28,GSBW35
2026-09-28,HGBL
2026-09-28,IACT
2026-09-28,IBR
2026-09-28,IBTC
2026-09-28,IHOO
2026-09-28,IHVV
2026-09-28,ILB
2026-09-28,IOO
2026-09-28,IOZ
2026-09-28,IVV
2026-09-28,IWLD
2026-09-28,IYLD
2026-09-28,JEME
2026-09-28,JREG
2026-09-28,JRHG
2026-09-28,KAN
2026-09-28,KTK
2026-09-28,KYN
2026-09-28,L1G
2026-09-28,LAC
2026-09-28,LED
2026-09-28,MORE
2026-09-28,MRT
2026-09-28,NDQ
2026-09-28,NUGG
2026-09-28,OBT
2026-09-28,OZR
2026-09-28,PDIDB
2026-09-28,PGI2
2026-09-28,PGL
2026-09-28,QAU
2026-09-28,QUS
2026-09-28,RIV
2026-09-28,SCX
2026-09-28,SEMI
2026-09-28,SGC
2026-09-28,SGLLV
2026-09-28,SK1
2026-09-28,SKG
2026-09-28,SLD
2026-09-28,SLVM
2026-09-28,SNAS
2026-09-28,SUBD
2026-09-28,TLRH
2026-09-28,V500
2026-09-28,VAE
2026-09-28,VAF
2026-09-28,VBND
2026-09-28,VDAL
2026-09-28,VDHG
2026-09-28,VGAD
2026-09-28,VGS
2026-09-28,VHY
2026-09-28,VIF
2026-09-28,VIHY
2026-09-28,VISM
2026-09-28,VLUE
2026-09-28,VVLU
2026-09-28,XCLWAF
2026-09-28,XCLWAR
2026-09-28,XCLWAU
2026-09-28,XCLWAX
2026-09-28,XCLWBB
2026-09-28,XCLWBH
2026-09-28,XCLWBR
2026-09-28,XCLWBS
2026-09-28,XMET
2026-09-28,XVGHAF
