Date,Code
2025-12-19,AHE
2025-12-19,AIH
2025-12-19,AT4
2025-12-19,BKB
2025-12-19,CMA
2025-12-19,ELV
2025-12-19,ENP
2025-12-19,FUEL
2025-12-19,GA8
2025-12-19,GHHF
2025-12-19,GLS
2025-12-19,GSBI30
2025-12-19,GSBI32
2025-12-19,GSBK39
2025-12-19,GSBK51
2025-12-19,GSBQ26
2025-12-19,GSBU27
2025-12-19,GSBU33
2025-12-19,GSBW34
2025-12-19,GSBW35
2025-12-19,HBRD
2025-12-19,HRZDB
2025-12-19,IOZ
2025-12-19,L1G
2025-12-19,MEX
2025-12-19,OOO
2025-12-19,OR3
2025-12-19,QUAL
2025-12-19,SGLLV
2025-12-19,SN8
2025-12-19,XCLWAY
2025-12-19,XCLWBE
2025-12-19,XCLWBO
2025-12-19,XVGHAA
2025-12-19,XVGHAF
