Date,Code,PctShort_pp_num,Delta_pp_num,DeltaShares_num,DaysToCover,ADV
2026-08-07,LOT,12.31550049,0.7319341299999991,3139077.9986425936,0.0,0.0
2026-08-07,ATBHQ,100.0,0.0,0.0,0.0,0.0
2026-08-07,DRO,15.39351841,-0.06994863999999978,-646388.9315764308,0.0,0.0
2026-08-07,DMP,12.6923185,-0.026236219999999477,-24857.996206866577,0.0,0.0
2026-08-07,BOE,12.12621959,0.0035192300000002064,14610.974414035678,0.0,0.0
2026-08-07,4DX,11.86512964,-0.0031222100000007913,-18721.984419584274,0.0,0.0
2026-08-07,CAR,11.67062981,-0.0058456000000006725,-22146.986219525337,0.0,0.0
2026-08-07,PDN,11.56256422,-0.038064939999999936,-171048.01333860308,0.0,0.0
2026-08-07,FLT,11.50728084,-0.04679169999999999,-95823.00470669195,0.0,0.0
2026-08-07,TLX,11.29643091,-0.10903887999999995,-370496.9885935113,0.0,0.0
2026-08-07,TWE,10.77192004,0.18749828999999885,1513931.0553228408,0.0,0.0
2026-08-07,LYC,10.47855558,0.07338690000000092,738641.0404142886,0.0,0.0
2026-08-07,HLS,10.46626878,0.004324829999999835,31405.00479334593,0.0,0.0
2026-08-07,ELD,10.33315549,-0.04095984000000108,-88227.01203388721,0.0,0.0
2026-08-07,PLS,10.24667152,0.08178164999999993,2636330.9227870107,0.0,0.0
2026-08-07,BAP,9.98267733,-0.036001470000000424,-242200.997550264,0.0,0.0
2026-08-07,GMD,9.80738829,0.02607539999999986,305944.9099021405,0.0,0.0
2026-08-07,IPX,9.77856975,-0.34661147999999997,-1255565.9901287109,0.0,0.0
2026-08-07,RIO,9.72526059,-0.13825032000000093,-514044.0181828886,0.0,0.0
2026-08-07,PNV,9.43118217,-0.20610500999999992,-1423862.0156848505,0.0,0.0
2026-08-07,COH,9.03881329,-0.19695126999999957,-128803.99759774562,0.0,0.0
2026-08-07,CUV,8.75067805,-0.016346110000000635,-8242.999677767977,0.0,0.0
2026-08-07,DYL,8.5839947,-0.07944243000000029,-749048.9281861931,0.0,0.0
2026-08-07,ZIP,8.58267901,0.2951101699999992,3676841.9479492456,0.0,0.0
2026-08-07,EDV,8.57508573,-0.09841019000000095,-1767177.046678096,0.0,0.0
2026-08-07,BPT,8.29346047,0.078772429999999,1797061.9572390318,0.0,0.0
2026-08-07,WTC,8.22694138,-0.0036297699999998656,-12207.014078214765,0.0,0.0
2026-08-07,SLX,8.18553832,-0.19170926000000144,-533791.9872327521,0.0,0.0
2026-08-07,CU6,8.13785566,-0.26393797000000063,-984703.0249130316,0.0,0.0
2026-08-07,GYG,7.93871501,-0.183336119999999,-182586.00576510374,0.0,0.0
2026-08-07,SHL,7.89084443,0.010798839999999643,53371.96576374769,0.0,0.0
2026-08-07,NXT,7.84197595,-0.06486064999999996,-492651.9838584289,0.0,0.0
2026-08-07,MSB,7.7218989,-0.017711979999999627,-230034.0054935813,0.0,0.0
2026-08-07,IPH,7.71809445,-0.10971419999999998,-281189.987954434,0.0,0.0
2026-08-07,BRG,7.57716448,-0.1108523899999998,-160557.00651010685,0.0,0.0
2026-08-07,BMN,7.49341969,-0.13204654000000016,-274408.0037502628,0.0,0.0
2026-08-07,VUL,7.41060343,-0.25449842,-1218184.0128253624,0.0,0.0
2026-08-07,A4N,7.33165188,0.03564035999999948,517461.1005793959,0.0,0.0
2026-08-07,A2M,7.3220728,0.05563019999999952,403556.0425745845,0.0,0.0
2026-08-07,EOS,7.23421768,0.03207547000000055,71112.01046166383,0.0,0.0
2026-08-07,ACL,7.18314653,0.11826624000000052,220588.99044566415,0.0,0.0
2026-08-07,DVP,7.13958001,0.11761791000000077,388122.01899857447,0.0,0.0
2026-08-07,LIC,7.10907767,-0.013591260000000105,-16546.00726327859,0.0,0.0
2026-08-07,ILU,6.91209408,-0.11793874999999954,-508545.99188310653,0.0,0.0
2026-08-07,CAT,6.9053097,-0.07521215999999953,-237652.02193656564,0.0,0.0
2026-08-07,NAN,6.77958139,0.021812849999999884,65200.980579309165,0.0,0.0
2026-08-07,TPW,6.67737047,0.0175766399999997,20484.999339638278,0.0,0.0
2026-08-07,JIN,6.57111276,-0.0007213799999998827,-457.0053248242475,0.0,0.0
2026-08-07,ARB,6.27915631,0.14253393999999986,119244.00395513419,0.0,0.0
2026-08-07,FFM,6.24913944,-0.06107329999999944,-469522.97891652584,0.0,0.0
2026-08-07,ORA,6.19684867,0.06775123999999977,830184.9405732155,0.0,0.0
2026-08-07,ASX,6.19115672,0.0023499300000002776,4591.994664605707,0.0,0.0
2026-08-07,LLC,6.05783369,0.0023513099999998843,16244.993522025645,0.0,0.0
2026-08-07,HMC,6.03841689,0.003364389999999773,13882.00239219144,0.0,0.0
2026-08-07,MI6,6.00387389,0.1350374400000005,3066164.9564329833,0.0,0.0
2026-08-07,DGT,5.91433068,-0.007586919999999608,-42358.97741790861,0.0,0.0
2026-08-07,GEM,5.66798688,0.12428490000000014,958931.0270929933,0.0,0.0
2026-08-07,CIA,5.61472847,0.23091421999999984,1293227.9815703072,0.0,0.0
2026-08-07,PWH,5.60002403,-0.046229590000000265,-46495.004246699624,0.0,0.0
2026-08-07,AGL,5.5936181,0.028140729999999614,189315.98242099583,0.0,0.0
2026-08-07,ING,5.57537324,0.07679007000000038,285413.0257836245,0.0,0.0
2026-08-07,CTD,5.38711007,0.0,0.0,0.0,0.0
2026-08-07,RHC,5.32243255,-0.04022963999999973,-92862.00197797827,0.0,0.0
2026-08-07,CYL,5.23980006,-0.2310417600000001,-603716.9892403018,0.0,0.0
2026-08-07,SBM,5.16091136,-0.01868241000000026,-226019.0229150504,0.0,0.0
2026-08-07,SGP,5.12608485,-0.003015040000000191,-73315.04293596745,0.0,0.0
2026-08-07,NEU,5.09082321,-0.14154246000000015,-179439.00427020993,0.0,0.0
2026-08-07,UNI,5.03173389,-0.0003988499999998396,-306.00095068477094,0.0,0.0
2026-08-07,PNI,5.0130526,0.09824286000000004,236726.00429785624,0.0,0.0
2026-08-07,NCK,4.75281162,0.5364670299999998,458844.0006635394,0.0,0.0
2026-08-07,AGE,1.79031063,0.5241697999999999,23257593.003778197,0.0,0.0
2026-08-07,AUB,4.94254857,-0.05750819000000007,-75128.99673334323,0.0,0.0
2026-08-07,MIN,4.90774696,0.04267661999999994,84728.98902124912,0.0,0.0
2026-08-07,XVGHAF,4.77777778,0.0,0.0,0.0,0.0
2026-08-07,NHC,4.77137766,-0.09361771000000019,-789921.0107518584,0.0,0.0
2026-08-07,PXA,4.62342935,0.01568694000000015,27599.006446018815,0.0,0.0
2026-08-07,KAR,4.45836174,-0.20330384000000024,-1436048.935094595,0.0,0.0
2026-08-07,XRO,4.39563018,-0.013388879999999936,-22847.99304453004,0.0,0.0
2026-08-07,TLC,4.33677124,0.045463159999999725,1011906.1505696028,0.0,0.0
2026-08-07,EVN,4.31983165,0.05046378000000029,1024965.0627156794,0.0,0.0
2026-08-07,TYR,4.19596081,0.0012686699999999718,6754.998843744397,0.0,0.0
2026-08-07,OBM,4.12910882,-0.2667499900000001,-5158948.124969885,0.0,0.0
2026-08-07,PME,4.12342637,-0.059865049999999975,-62540.995584931225,0.0,0.0
2026-08-07,PDI,4.09461756,-0.0051710300000005205,-255452.87325954437,0.0,0.0
2026-08-07,IEL,4.08689691,0.028203300000000375,78499.99659696408,0.0,0.0
2026-08-07,GDG,3.88785124,-0.09158138999999998,-366250.01725883037,0.0,0.0
2026-08-07,REA,3.79064965,0.01472645000000039,19271.004784275778,0.0,0.0
2026-08-07,JHX,3.78041394,0.18685342999999976,-125572.99135620333,0.0,0.0
2026-08-07,EVT,3.70579021,0.04183115000000015,67984.99813045282,0.0,0.0
2026-08-07,BC8,3.66462366,-0.09734925999999966,-709605.9886219949,0.0,0.0
2026-08-07,LOV,3.62502401,0.042208440000000014,46740.990796893835,0.0,0.0
2026-08-07,SUL,3.60067441,0.004150529999999986,9372.99663044978,0.0,0.0
2026-08-07,SOL,3.57073525,0.00617498999999988,23460.00237153098,0.0,0.0
2026-08-07,LTR,3.54367998,0.10885323999999974,3460565.267915651,0.0,0.0
2026-08-07,MYR,3.52783089,-0.10833546999999966,-1875012.0291937813,0.0,0.0
2026-08-07,JBH,3.4577283,0.16056855999999975,175555.99888237333,0.0,0.0
2026-08-07,BEN,3.42890954,0.03707130999999997,214970.98402188718,0.0,0.0
2026-08-07,SIG,3.40998945,-0.059259830000000235,-6840778.676318824,0.0,0.0
2026-08-07,MPL,3.38063222,-0.014830820000000244,-408441.26331856847,0.0,0.0
2026-08-07,CHN,3.36185915,-0.007112929999999906,-27751.98828529194,0.0,0.0
2026-08-07,SNL,3.34133606,-0.0057274999999998855,-2506.00147237489,0.0,0.0
2026-08-07,PPT,3.32513562,0.019354100000000152,22390.99460356077,0.0,0.0
2026-08-07,PNR,3.24323798,0.04090822999999988,159426.9984222371,0.0,0.0
2026-08-07,MTS,3.20146873,0.023672170000000214,260329.04541950673,0.0,0.0
2026-08-07,ANN,3.17158969,0.015535889999999775,21799.002438945696,0.0,0.0
2026-08-07,WDS,3.15928449,0.03446068000000002,655132.0367587656,0.0,0.0
2026-08-07,ELV,3.1417497,-0.024560339999999847,-47650.99637689814,0.0,0.0
2026-08-07,MFG,3.10833204,0.015513600000000238,45394.01870899275,0.0,0.0
2026-08-07,IMM,3.02620549,0.004838170000000197,71301.14211050421,0.0,0.0
2026-08-07,GNC,2.97519005,-0.024246639999999875,-53906.01408049371,0.0,0.0
2026-08-07,EML,2.97374924,-0.004932799999999737,-19211.98822107166,0.0,0.0
2026-08-07,FMG,2.94070954,-0.014555410000000268,-448155.96757106483,0.0,0.0
2026-08-07,FBU,2.93757095,-0.0011456299999998976,-12321.958271283656,0.0,0.0
2026-08-07,HLI,2.92823062,0.044421859999999924,121803.02054979932,0.0,0.0
2026-08-07,MMS,2.92501658,-0.05554755999999994,-38685.00054221437,0.0,0.0
2026-08-07,SX2,2.85468554,-0.009000589999999864,-34049.006062138826,0.0,0.0
2026-08-07,INA,2.84636859,-0.04917448999999996,-200426.9913973529,0.0,0.0
2026-08-07,SDR,2.8348089,-0.010380979999999873,-29386.983426296152,0.0,0.0
2026-08-07,VCX,2.76093784,-0.02158301000000007,-1001524.2405402362,0.0,0.0
2026-08-07,DTL,2.75397179,-0.029819219999999813,-46243.002579039894,0.0,0.0
2026-08-07,BOQ,2.72146399,-0.012097149999999779,-80018.95217553154,0.0,0.0
2026-08-07,GTK,2.70362325,-0.0017784299999998865,-2000.0041490923613,0.0,0.0
2026-08-07,EMR,2.68816597,0.02811553,186186.00711184368,0.0,0.0
2026-08-07,MP1,2.67288819,-0.048029609999999945,-113381.0176764587,0.0,0.0
2026-08-07,PFP,2.63107664,-0.0006008400000001579,-829.0005421899259,0.0,0.0
2026-08-07,CIP,2.59572416,0.007998709999999853,49942.99107388407,0.0,0.0
2026-08-07,PMT,2.57804409,0.062426450000000244,424482.01852059364,0.0,0.0
2026-08-07,SFR,2.53621856,-0.01859547000000017,-86834.02110633068,0.0,0.0
2026-08-07,APE,2.5236515,0.001893310000000259,5346.003848139197,0.0,0.0
2026-08-07,RFF,2.51789271,-0.08458983000000009,-329666.02232500166,0.0,0.0
2026-08-07,NHF,2.4840428,-0.014258780000000026,-69712.99926055036,0.0,0.0
2026-08-07,CBO,2.45539083,0.011860489999999668,56786.98132943548,0.0,0.0
2026-08-07,DTR,2.45316773,0.006187200000000281,248374.958693251,0.0,0.0
2026-08-07,NXG,2.44571959,0.04398641999999997,60557.00085723959,0.0,0.0
2026-08-07,NEC,2.43220345,0.016663789999999956,264248.070076257,0.0,0.0
2026-08-07,SS1,2.39943529,0.008151100000000078,14998.995774142444,0.0,0.0
2026-08-07,NWS,2.36361728,0.012286680000000327,-7449.0015249711,0.0,0.0
2026-08-07,TCG,2.35520635,-0.01197026999999995,-129004.06303944439,0.0,0.0
2026-08-07,MYX,2.27793607,0.02644320000000011,21483.996525264112,0.0,0.0
2026-08-07,NEM,2.25675377,0.11088313999999988,38922.00590797351,0.0,0.0
2026-08-07,HSN,2.24362684,0.004549550000000124,9305.008128945716,0.0,0.0
2026-08-07,WA1,2.23316816,-0.13592285000000004,-101050.99875160144,0.0,0.0
2026-08-07,DXS,2.23238458,0.10254085999999996,1099842.9733592905,0.0,0.0
2026-08-07,MAF,2.22607951,-0.0011076100000000366,-2185.004609647207,0.0,0.0
2026-08-07,REH,2.17665877,-0.13273088,-816416.967335321,0.0,0.0
2026-08-07,JDO,2.16409646,-0.08561912999999999,-960033.9481057189,0.0,0.0
2026-08-07,PEN,2.15142228,-0.027383640000000042,-156505.0081818886,0.0,0.0
2026-08-07,MEK,2.12032084,0.0035506400000002714,105956.00430043787,0.0,0.0
2026-08-07,TNE,2.11737938,-0.03550707999999991,-116239.00974770263,0.0,0.0
2026-08-07,QRI,2.10733355,-0.017168080000000252,-108351.97279406525,0.0,0.0
2026-08-07,RRL,2.09645113,0.09290151000000035,703625.010259781,0.0,0.0
2026-08-07,AOV,2.07369054,-0.021708639999999946,-29057.00639071688,0.0,0.0
2026-08-07,WEB,2.06889923,-0.1116813200000002,-404272.0072477432,0.0,0.0
2026-08-07,CBA,2.05559503,0.001322950000000045,22139.07026515901,0.0,0.0
2026-08-07,CWY,2.05066343,-0.05531708999999996,-1239772.0227938294,0.0,0.0
2026-08-07,MAQ,2.04511322,-0.026480449999999767,-6825.000215393957,0.0,0.0
2026-08-07,SVL,1.97021378,0.008750439999999804,194205.00643390417,0.0,0.0
2026-08-07,SMI,1.96474618,-0.03859680000000032,-380472.03297998756,0.0,0.0
2026-08-07,AIS,1.95670267,-0.0008082400000000156,-12100.038494654,0.0,0.0
2026-08-07,CXU,1.9507031,0.09628233999999991,1961249.1497464925,0.0,0.0
2026-08-07,ALD,1.93563129,0.07675214999999991,182901.98447762802,0.0,0.0
2026-08-07,KLS,1.93061984,-0.004108129999999877,-11160.010061059147,0.0,0.0
2026-08-07,DXI,1.90862881,-0.028025270000000102,-87575.00373480096,0.0,0.0
2026-08-07,HVN,1.88762387,0.01861539000000012,231948.99806805328,0.0,0.0
2026-08-07,BGL,1.86403088,-0.0019347800000000248,-28840.906765937805,0.0,0.0
2026-08-07,DRR,1.82771085,0.030545480000000014,161725.03114892915,0.0,0.0
2026-08-07,BRN,1.82664772,-0.015694129999999973,-357170.95667205006,0.0,0.0
2026-08-07,WBC,1.82304242,-0.03914100000000009,-1338740.9166100547,0.0,0.0
2026-08-07,MVF,1.80700653,-0.00033364999999996314,-1300.016643660143,0.0,0.0
2026-08-07,SYR,1.79467624,0.010352270000000052,240372.20369368047,0.0,0.0
2026-08-07,AZJ,1.74785491,-0.02422320999999994,-407751.0581063852,0.0,0.0
2026-08-07,GGP,1.72545341,0.28456112,1919840.9987360407,0.0,0.0
2026-08-07,TUA,1.7044313,-0.0013750999999999625,-7540.995747420937,0.0,0.0
2026-08-07,SHA,1.69181349,0.0,0.0,0.0,0.0
2026-08-07,WOR,1.67533171,-0.025148039999999927,-122636.9829145195,0.0,0.0
2026-08-07,ARU,1.61498655,-0.04114126000000007,-2498300.1488340795,0.0,0.0
2026-08-07,ASB,1.59927302,0.008518640000000133,35954.98265311681,0.0,0.0
2026-08-07,SEK,1.59594798,0.009467270000000028,33890.0044068126,0.0,0.0
2026-08-07,VNT,1.5779421,-0.016004659999999893,-130890.00965559483,0.0,0.0
2026-08-07,SHV,1.55563914,-0.018769990000000014,-26535.99096224364,0.0,0.0
2026-08-07,ABB,1.55547701,-0.018829830000000047,-59393.998997731134,0.0,0.0
2026-08-07,RWC,1.55338854,0.012074909999999939,90325.01174433157,0.0,0.0
2026-08-07,CKF,1.52615653,0.01762226999999994,20834.99608839373,0.0,0.0
2026-08-07,WHC,1.5229471,0.020756300000000172,170683.98846494965,0.0,0.0
2026-08-07,AYA,1.49753428,0.0012119299999999722,1975.0049392692745,0.0,0.0
2026-08-07,OBL,1.49696133,0.02679097999999991,77597.98869593628,0.0,0.0
2026-08-07,WOW,1.49657581,0.0010542700000000238,12878.953801497817,0.0,0.0
2026-08-07,SUN,1.49302382,-0.06800661000000008,-720905.0254779365,0.0,0.0
2026-08-07,KCN,1.48703114,-0.04547936000000008,-120997.00091456948,0.0,0.0
2026-08-07,GMG,1.47480627,-0.01914540999999992,-391484.0103936456,0.0,0.0
2026-08-07,WBT,1.47250697,-0.018667149999999966,-44881.016574327834,0.0,0.0
2026-08-07,MGR,1.46806533,0.01398842999999994,551963.8943528906,0.0,0.0
2026-08-07,SGH,1.45978495,-0.08885446000000008,-361636.0234977482,0.0,0.0
2026-08-07,XYZ,1.44520618,-0.030219919999999956,-11467.001226660796,0.0,0.0
2026-08-07,VSL,1.44242038,0.008423539999999896,12343.009792583995,0.0,0.0
2026-08-07,VMM,1.43971353,-0.07678976000000004,-100000.00095252506,0.0,0.0
2026-08-07,S32,1.43365925,-0.014907349999999875,-668816.1316637397,0.0,0.0
2026-08-07,BTR,1.41304315,-0.026392669999999896,-289775.0467821378,0.0,0.0
2026-08-07,WES,1.3989391,-0.02508142000000002,-284566.9608968906,0.0,0.0
2026-08-07,BHP,1.38477354,-0.012731569999999914,-646940.9420235902,0.0,0.0
2026-08-07,360,1.38366829,-0.02498056000000015,-74822.00490532583,0.0,0.0
2026-08-07,RSG,1.38323451,0.00552419000000004,118075.01003558561,0.0,0.0
2026-08-07,APA,1.38042021,-0.03363221999999988,-445206.98747326434,0.0,0.0
2026-08-07,NST,1.37123039,0.12600214999999992,1795285.011428833,0.0,0.0
2026-08-07,NAB,1.3676562,-0.013552749999999891,-422490.04546253383,0.0,0.0
2026-08-07,AD8,1.36170003,-0.002509230000000029,-2115.9974759034812,0.0,0.0
2026-08-07,NUF,1.3514469,-0.049471239999999916,-190096.9846728677,0.0,0.0
2026-08-07,IDX,1.34754085,-0.07294839000000009,-272146.0323702544,0.0,0.0
2026-08-07,CNU,1.33103345,-0.09860393999999983,-427829.96704338305,0.0,0.0
2026-08-07,SDF,1.32023179,-0.036459629999999965,-405428.0331997778,0.0,0.0
2026-08-07,ALX,1.2808502,-0.0024580100000000105,-35727.01481736824,0.0,0.0
2026-08-07,WAF,1.2676215,0.03979757999999989,455186.01836120524,0.0,0.0
2026-08-07,AMP,1.26319653,-0.03049455000000001,-741869.0152234249,0.0,0.0
2026-08-07,ASM,1.2478307,-0.010920739999999984,-29675.0024827281,0.0,0.0
2026-08-07,HUM,1.24481839,-0.019775630000000044,-99850.01423956081,0.0,0.0
2026-08-07,AAI,1.22122738,-0.2651237799999999,-101892.99947295856,0.0,0.0
2026-08-07,L1G,1.21793029,-0.0039032900000000037,-100179.94741982594,0.0,0.0
2026-08-07,TLS,1.20114522,-0.004721420000000087,-525925.4065930843,0.0,0.0
2026-08-07,CLW,1.19213209,0.024261920000000048,174490.9757926222,0.0,0.0
2026-08-07,BWP,1.18805279,0.005066369999999987,39777.95804216154,0.0,0.0
2026-08-07,OCL,1.17686866,0.006797170000000019,6498.998747525271,0.0,0.0
2026-08-07,ONE,1.16979685,0.0,0.0,0.0,0.0
2026-08-07,CCP,1.16186357,0.04294160999999996,29229.003842781647,0.0,0.0
2026-08-07,WJL,1.15805158,-0.013216050000000035,-51877.00824629888,0.0,0.0
2026-08-07,ABG,1.14401932,-0.008860780000000013,-79185.03681333922,0.0,0.0
2026-08-07,KGN,1.1425234,-0.013474390000000058,-12773.000166415703,0.0,0.0
2026-08-07,CMM,1.13804772,0.06810231,311083.0361069264,0.0,0.0
2026-08-07,NXL,1.13111803,0.005395990000000017,18279.029117031023,0.0,0.0
2026-08-07,CSL,1.12809081,-0.004984840000000101,-23872.99589398317,0.0,0.0
2026-08-07,ALL,1.11808531,0.018875000000000197,113146.9910087511,0.0,0.0
2026-08-07,TEA,1.11504991,0.007401129999999867,20460.998212687206,0.0,0.0
2026-08-07,HUB,1.09892319,-0.015139330000000006,-12380.001953494153,0.0,0.0
2026-08-07,COL,1.09422868,-0.006171119999999863,-82886.99475046061,0.0,0.0
2026-08-07,MLX,1.09381279,-0.054458439999999886,-482715.00388680585,0.0,0.0
2026-08-07,PMV,1.09261505,-0.01487882000000007,-23734.999721327564,0.0,0.0
2026-08-07,BHM,1.07655024,-0.013135260000000093,-21804.990414631786,0.0,0.0
2026-08-07,RIC,1.06641249,-0.00359661,-13482.00314479135,0.0,0.0
2026-08-07,TCL,1.06152549,-0.05505522000000007,-1717824.0384272486,0.0,0.0
2026-08-07,IRE,1.056241,-0.030212080000000086,-56432.985316459555,0.0,0.0
2026-08-07,BVS,1.05359676,-0.008862369999999897,-39730.00249440782,0.0,0.0
2026-08-07,WGX,1.04662994,-0.07978426999999999,-753826.9660669826,0.0,0.0
2026-08-07,ORG,1.04026093,-0.04456328999999992,-767713.0405959748,0.0,0.0
2026-08-07,IAG,1.03739998,0.016684209999999977,390068.97103656456,0.0,0.0
2026-08-07,TAH,1.03454285,-0.0042340199999999495,-97071.01522704586,0.0,0.0
2026-08-07,AMC,1.03155932,-0.02810536000000008,-39428.99408605229,0.0,0.0
2026-08-07,REG,1.01718868,-0.029995879999999975,-90695.99420599407,0.0,0.0
2026-08-07,USL,0.99975401,-0.04366562000000007,-280055.98974000197,0.0,0.0
2026-08-07,COF,0.99385852,0.001268129999999923,7575.008823090233,0.0,0.0
2026-08-07,AIA,0.98389947,-0.006055229999999967,-102937.02094990015,0.0,0.0
2026-08-07,SGLLV,0.97604648,-0.0016621399999999786,-1151.0026797145838,0.0,0.0
2026-08-07,SKG,0.96618814,-0.001942700000000075,-25529.078242775053,0.0,0.0
2026-08-07,MPW,0.95190962,0.0001212000000000435,147.000147000188,0.0,0.0
2026-08-07,GQG,0.94827947,0.008163250000000066,241470.07312031463,0.0,0.0
2026-08-07,AII,0.9274255,-0.03121887000000001,-665.9999584274992,0.0,0.0
2026-08-07,ANZ,0.9192646,-0.014592660000000035,-440102.93644155934,0.0,0.0
2026-08-07,QAN,0.91897248,-0.005234669999999997,-79210.98869802803,0.0,0.0
2026-08-07,DNL,0.91487948,-0.026487510000000047,-464098.0182669088,0.0,0.0
2026-08-07,FTI,0.91407041,-0.02123984000000001,-73172.00281431945,0.0,0.0
2026-08-07,IMD,0.90843866,-0.034172280000000055,-174908.02022921946,0.0,0.0
2026-08-07,ELS,0.89541396,0.007288169999999927,16179.989716445329,0.0,0.0
2026-08-07,NIC,0.88868139,0.01891299000000002,821189.8978451565,0.0,0.0
2026-08-07,ALQ,0.88377575,0.006967689999999971,35363.99171112571,0.0,0.0
2026-08-07,STX,0.87811811,0.0027297299999999858,98253.81967351213,0.0,0.0
2026-08-07,MGH,0.87235172,-0.06636420999999992,-239795.97142995102,0.0,0.0
2026-08-07,APX,0.86505789,-0.06380927999999997,-171343.0064185341,0.0,0.0
2026-08-07,GPT,0.86460269,-0.00041658999999993895,-7980.104015637189,0.0,0.0
2026-08-07,ALK,0.85321789,-0.3994755400000001,-5457654.086195784,0.0,0.0
2026-08-07,NWL,0.85130565,0.0011723900000000231,2877.0064063016325,0.0,0.0
2026-08-07,IFT,0.84013312,-0.0032675300000000185,-32744.03853848204,0.0,0.0
2026-08-07,PAF,0.83857191,0.25351766,0.007191072800196707,0.0,0.0
2026-08-07,POL,0.81457338,-0.03114952000000004,-90743.02099610027,0.0,0.0
2026-08-07,CQR,0.80714883,0.050153840000000005,291508.9681304861,0.0,0.0
2026-08-07,AX1,0.8025667,-0.04193446000000001,-252103.96598926,0.0,0.0
2026-08-07,EBO,0.7940025,-0.014011629999999942,-29000.012128463015,0.0,0.0
2026-08-07,BXB,0.76470674,0.052610030000000085,702711.9718440883,0.0,0.0
2026-08-07,BML,0.76258732,-0.07751234000000007,-448492.98236303683,0.0,0.0
2026-08-07,BGA,0.754812,-0.007841659999999973,-23961.988811139017,0.0,0.0
2026-08-07,IGO,0.75374959,0.034987229999999925,264947.03145027906,0.0,0.0
2026-08-07,A1N,0.75076001,0.0,0.0,0.0,0.0
2026-08-07,CEH,0.73966495,-0.011645250000000051,-45249.00163198542,0.0,0.0
2026-08-07,CPU,0.72512582,-0.07742375999999995,-447809.01694783196,0.0,0.0
2026-08-07,BLX,0.7137576,-0.002358489999999991,-5409.01157919527,0.0,0.0
2026-08-07,DDR,0.7104958,-0.019529049999999937,-35422.00317077339,0.0,0.0
2026-08-07,AXQ,0.70932127,-0.022842979999999957,-51721.003817472374,0.0,0.0
2026-08-07,AUE,0.7076239,0.001112009999999941,4579.01013585832,0.0,0.0
2026-08-07,RMS,0.7035651,0.01758604000000008,332220.04894357175,0.0,0.0
2026-08-07,PIQ,0.68587871,7.80000000000225e-05,128.991030480247,0.0,0.0
2026-08-07,ARF,0.67863514,0.03583546999999998,146314.99449502444,0.0,0.0
2026-08-07,29M,0.66881417,0.005050800000000022,88392.86613486148,0.0,0.0
2026-08-07,YAL,0.66277761,-0.008686659999999957,-114702.08439810388,0.0,0.0
2026-08-07,CVW,0.66241486,0.0886001500000001,568116.989329718,0.0,0.0
2026-08-07,FRS,0.64388446,0.09938276000000001,1579556.9252959266,0.0,0.0
2026-08-07,LIN,0.62871518,0.018381670000000017,339949.94415896386,0.0,0.0
2026-08-07,SGQ,0.62138456,0.001280679999999923,59411.71840154007,0.0,0.0
2026-08-07,ASL,0.59428662,-0.045990980000000015,-97822.99704419053,0.0,0.0
2026-08-07,BOT,0.57864342,-0.0038031099999999984,-103988.9235280808,0.0,0.0
2026-08-07,STO,0.56676274,-0.03055023000000001,-992202.109463308,0.0,0.0
2026-08-07,TTT,0.55925813,0.027123220000000003,436013.98417537473,0.0,0.0
2026-08-07,LNW,0.55527131,0.01833633999999995,14127.999795375334,0.0,0.0
2026-08-07,SCG,0.55160288,0.02978129000000007,1555469.9541042782,0.0,0.0
2026-08-07,VAU,0.5513731,-0.07184684000000008,-743302.9032752197,0.0,0.0
2026-08-07,SGR,0.54659342,-0.031029920000000044,-2059208.4124305844,0.0,0.0
2026-08-07,SSM,0.54558643,-0.0024593900000000612,-15209.000812999438,0.0,0.0
2026-08-07,WC8,0.53820692,-0.0021782200000000085,95686.01394309103,0.0,0.0
2026-08-07,QUB,0.53275093,0.0,0.0,0.0,0.0
2026-08-07,BSL,0.52530987,0.01588120999999998,69571.99677971471,0.0,0.0
2026-08-07,APZ,0.52100487,-0.014245029999999992,-32431.009230479598,0.0,0.0
2026-08-07,INR,0.51878669,0.010641279999999975,328564.88047485426,0.0,0.0
2026-08-07,CTT,0.51579928,0.011737279999999961,44746.997348415665,0.0,0.0
2026-08-07,FCL,0.51035793,0.00024431999999996457,843.0055516078137,0.0,0.0
2026-08-07,WWI,0.50804137,0.0,0.0,0.0,0.0
2026-08-07,FEX,0.50756987,0.017070529999999973,131559.98528130446,0.0,0.0
2026-08-07,C79,0.50084757,0.0044648000000000465,5201.996388456086,0.0,0.0
2026-08-07,MRT,0.49758067,-0.012555029999999967,-46359.97482508281,0.0,0.0
2026-08-07,CRN,0.49523735,-0.0003719099999999753,-6234.8990672416985,0.0,0.0
2026-08-07,MMI,0.49347559,-0.023035769999999955,-70988.9723599148,0.0,0.0
2026-08-07,BBN,0.49199145,-0.0017311600000000094,-2344.003208221635,0.0,0.0
2026-08-07,ARR,0.48883846,0.004130909999999988,24067.00382967107,0.0,0.0
2026-08-07,PLUS,0.47926955,0.0,0.0,0.0,0.0
2026-08-07,MYS,0.47847015,-0.001358999999999999,-2315.9941012799973,0.0,0.0
2026-08-07,CHC,0.4742231,0.0001281100000000146,605.9567116387188,0.0,0.0
2026-08-07,ORI,0.47283774,-0.005401659999999975,-25038.99120993167,0.0,0.0
2026-08-07,TTM,0.46271578,0.0,0.0,0.0,0.0
2026-08-07,ADH,0.45946965,-0.051312149999999945,-91651.00532818027,0.0,0.0
2026-08-07,AFG,0.45932131,0.004917349999999987,13267.000612820499,0.0,0.0
2026-08-07,GLF,0.45824214,-0.0044655599999999795,-16982.009443687275,0.0,0.0
2026-08-07,AEU,0.45808884,0.010026849999999976,38433.97699099872,0.0,0.0
2026-08-07,HCW,0.45452753,0.0016834600000000255,9261.991525997873,0.0,0.0
2026-08-07,SGM,0.45272342,-0.007390039999999987,-14279.99532809644,0.0,0.0
2026-08-07,RMD,0.45074306,0.04146788999999995,245218.9783406849,0.0,0.0
2026-08-07,RDX,0.44997707,-0.009101630000000027,-47790.968775276095,0.0,0.0
2026-08-07,VGN,0.44941557,-0.01016294000000001,-79701.01186824404,0.0,0.0
2026-08-07,MQG,0.43706006,0.0006125599999999842,2349.9702067400794,0.0,0.0
2026-08-07,PPS,0.4292456,-0.00017273000000000982,-842.0111438848544,0.0,0.0
2026-08-07,FXG,0.42624691,4.0699999999671554e-06,21.015331162139773,0.0,0.0
2026-08-07,GWA,0.42306726,-0.053313830000000006,-141391.00309612812,0.0,0.0
2026-08-07,EIQ,0.41276961,-0.0009918500000000163,-7332.992820512038,0.0,0.0
2026-08-07,MEI,0.40964319,-0.003571920000000006,-103822.09820524044,0.0,0.0
2026-08-07,CNQ,0.40663295,-0.0008737899999999854,-773.0008138014819,0.0,0.0
2026-08-07,SLC,0.40487114,-0.03663141999999997,-188547.00794318016,0.0,0.0
2026-08-07,TER,0.39994334,-0.0006001600000000162,-10938.054937040433,0.0,0.0
2026-08-07,GSBI34,0.39838,0.10400000000000004,260000.0,0.0,0.0
2026-08-07,DBI,0.39733366,0.006028900000000004,29888.975141762756,0.0,0.0
2026-08-07,NVX,0.39722748,-0.0002839799999999615,-2833.021380360704,0.0,0.0
2026-08-07,EQT,0.39356387,0.0016384799999999977,438.99974872799066,0.0,0.0
2026-08-07,SXL,0.39245152,0.0011416599999999888,5466.029918307206,0.0,0.0
2026-08-07,PPM,0.38811917,-0.001613119999999968,-7247.023094822187,0.0,0.0
2026-08-07,IMU,0.38784461,0.001123289999999999,5500.973934571492,0.0,0.0
2026-08-07,ASN,0.38186112,-0.005605599999999988,-90784.00062731933,0.0,0.0
2026-08-07,C1X,0.38023555,-0.006100450000000035,-14759.01316734613,0.0,0.0
2026-08-07,DEV,0.37641426,-0.0034934400000000143,-24814.967129251454,0.0,0.0
2026-08-07,SRL,0.36678861,-0.08126989000000001,-137702.0112022881,0.0,0.0
2026-08-07,OML,0.36196013,-0.0036385099999999837,-19219.037781546125,0.0,0.0
2026-08-07,TM1,0.35968535,-0.0010646199999999606,-10975.021641890053,0.0,0.0
2026-08-07,AEL,0.35294253,-0.014596800000000021,-43773.00513940817,0.0,0.0
2026-08-07,MKR,0.34971831,-0.004809060000000032,-76311.0149950767,0.0,0.0
2026-08-07,OCC,0.34659465,-0.0009356199999999704,-2547.9922935081413,0.0,0.0
2026-08-07,LKE,0.34622134,0.0011785799999999846,27403.989788151346,0.0,0.0
2026-08-07,CMW,0.34500851,-0.004830790000000029,-126511.95060862228,0.0,0.0
2026-08-07,ORN,0.34040499,-0.0023694799999999794,-212172.251777824,0.0,0.0
2026-08-07,MTH,0.33635476,-0.007610630000000007,-14268.999556675437,0.0,0.0
2026-08-07,HDN,0.33572992,-0.020774330000000008,-434329.9473012816,0.0,0.0
2026-08-07,GDI,0.32894702,0.0,0.0,0.0,0.0
2026-08-07,NTU,0.32693885,-3.67499999999743e-05,-3507.4766365252435,0.0,0.0
2026-08-07,VEA,0.32295485,-0.02228489,-366033.9838145701,0.0,0.0
2026-08-07,CYV,0.30811442,0.0,0.0,0.0,0.0
2026-08-07,CXL,0.30575218,0.0,0.0,0.0,0.0
2026-08-07,VTM,0.30226636,-0.0020976299999999615,-2763.9958268753253,0.0,0.0
2026-08-07,GOVT,0.29871747,0.0,0.0,0.0,0.0
2026-08-07,PRU,0.29847314,-0.00567569999999995,-75324.00214820076,0.0,0.0
2026-08-07,EQR,0.29727723,-0.00436909000000002,-225038.22771904804,0.0,0.0
2026-08-07,BVR,0.29489306,-6.019999999995473e-06,-13.001648164354265,0.0,0.0
2026-08-07,PRN,0.29234306,-0.014203889999999997,-132778.01712662634,0.0,0.0
2026-08-07,TOR,0.28993861,-0.008351350000000035,-52189.96620123647,0.0,0.0
2026-08-07,AAR,0.2817349,0.0,0.0,0.0,0.0
2026-08-07,GOZ,0.2815516,0.0021551599999999893,16263.025850293692,0.0,0.0
2026-08-07,EBR,0.27934321,0.03292688000000002,248040.02765259217,0.0,0.0
2026-08-07,MEL,0.278845,0.0,0.0,0.0,0.0
2026-08-07,LKY,0.27669759,0.021130480000000007,79239.98948756244,0.0,0.0
2026-08-07,CSC,0.27377617,-0.020100920000000022,-42875.000244003255,0.0,0.0
2026-08-07,WPR,0.27282241,-0.024016590000000004,-156845.9961814473,0.0,0.0
2026-08-07,CDA,0.26726166,-0.01391943000000001,-25316.00785467605,0.0,0.0
2026-08-07,EL8,0.26656842,0.004511229999999977,21232.99636140652,0.0,0.0
2026-08-07,SKC,0.26412399,-0.0013416400000000328,-14799.027732570656,0.0,0.0
2026-08-07,HCH,0.26369396,0.0020260000000000278,4110.008391480194,0.0,0.0
2026-08-07,AVH,0.26228939,-0.04074465999999999,-41688.002615754,0.0,0.0
2026-08-07,A300,0.25911827,0.0,0.0,0.0,0.0
2026-08-07,MND,0.25765545,-0.009031799999999979,-9079.001631888008,0.0,0.0
2026-08-07,WIA,0.2546261,-3.0079999999987894e-05,-511.9237786112353,0.0,0.0
2026-08-07,LAU,0.25331414,0.0005220400000000014,1911.979638603516,0.0,0.0
2026-08-07,MAD,0.25201349,-0.001210549999999977,-2463.005948303966,0.0,0.0
2026-08-07,3DA,0.24958115,0.0007396199999999964,7050.998636639677,0.0,0.0
2026-08-07,CMA,0.24089115,0.0,0.0,0.0,0.0
2026-08-07,PPE,0.23833516,-0.0022722700000000207,-2486.9916075003857,0.0,0.0
2026-08-07,DOW,0.23632561,-0.0028336399999999984,-18673.990431106882,0.0,0.0
2026-08-07,PYC,0.2342877,-0.00197476000000002,-19421.97090317728,0.0,0.0
2026-08-07,BTL,0.22924535,0.0,0.0,0.0,0.0
2026-08-07,CQE,0.2281889,0.008880140000000009,32954.977173859836,0.0,0.0
2026-08-07,SRG,0.22555419,-0.002929970000000004,-18358.964126933366,0.0,0.0
2026-08-07,AAC,0.21925811,-0.002774709999999986,-16725.02920568362,0.0,0.0
2026-08-07,HAS,0.21720633,0.0004135299999999953,952.9932296131155,0.0,0.0
2026-08-07,CXO,0.21399115,8.159999999998724e-05,2641.230157823302,0.0,0.0
2026-08-07,RGN,0.2137663,0.00545917999999998,62711.91109415935,0.0,0.0
2026-08-07,AEF,0.21068596,0.008907130000000013,10138.993115632707,0.0,0.0
2026-08-07,SIQ,0.20916074,-0.01673740999999998,-23123.006743272184,0.0,0.0
2026-08-07,STN,0.20876771,-0.003565929999999995,-21789.989259738475,0.0,0.0
2026-08-07,TPG,0.20488088,-0.0006755400000000022,-13261.048808759544,0.0,0.0
2026-08-07,WTM,0.20474178,0.0069345800000000235,26888.995248330757,0.0,0.0
2026-08-07,AEE,0.20314813,-0.015099029999999986,-150604.0115501501,0.0,0.0
2026-08-07,IGL,0.19860499,-0.0023498499999999867,-3581.999581134005,0.0,0.0
2026-08-07,AUC,0.19836015,-0.0057866799999999885,-31808.979174543172,0.0,0.0
2026-08-07,FAL,0.19480889,-0.010449409999999992,-22178.99199531268,0.0,0.0
2026-08-07,ACF,0.19350745,-0.015058199999999994,-62238.00683199591,0.0,0.0
2026-08-07,VEE,0.19276743,0.0,0.0,0.0,0.0
2026-08-07,SVM,0.19230726,0.00016204999999999692,1062.985129461391,0.0,0.0
2026-08-07,GG8,0.19185752,-0.012112010000000006,-88739.01249810611,0.0,0.0
2026-08-07,AGY,0.18326016,-0.0002526800000000051,-3900.0170880309306,0.0,0.0
2026-08-07,AZY,0.18309473,-0.0421677,-279950.0050301219,0.0,0.0
2026-08-07,SPK,0.18125064,0.001771990000000001,33492.91650074907,0.0,0.0
2026-08-07,BRE,0.18029745,0.008234770000000002,23070.014159053157,0.0,0.0
2026-08-07,FPH,0.17507817,-0.0035310600000000025,-20738.013896573917,0.0,0.0
2026-08-07,LRV,0.17309306,0.0,0.0,0.0,0.0
2026-08-07,RXL,0.16789556,-0.00023055999999999077,-3212.089155264199,0.0,0.0
2026-08-07,KNB,0.16752197,-0.006116540000000004,-74389.97192915017,0.0,0.0
2026-08-07,EVO,0.16317092,0.0015697600000000034,3196.9933717183885,0.0,0.0
2026-08-07,JGH,0.16130053,-0.005898960000000009,-130810.0488373083,0.0,0.0
2026-08-07,SKS,0.15883827,0.03200636000000001,36925.99646345238,0.0,0.0
2026-08-07,SKY,0.1559077,0.0,0.0,0.0,0.0
2026-08-07,IXR,0.15514097,0.004880539999999989,11063.001869185013,0.0,0.0
2026-08-07,ETM,0.15334965,-0.0025419700000000045,-55936.06398335332,0.0,0.0
2026-08-07,SMR,0.15304835,0.0007741400000000065,6978.033195447642,0.0,0.0
2026-08-07,IMR,0.15267897,0.0,0.0,0.0,0.0
2026-08-07,DHHF,0.1522981,-0.00700423,-0.0017043254047166556,0.0,0.0
2026-08-07,QPM,0.15092773,0.0,0.0,0.0,0.0
2026-08-07,CGF,0.15031862,-0.011902550000000012,-81125.98375300108,0.0,0.0
2026-08-07,QBE,0.14357415,-0.02682606999999998,-400788.04960280703,0.0,0.0
2026-08-07,CNI,0.14287834,-0.02048854,-205170.98852974758,0.0,0.0
2026-08-07,SPL,0.14176139,-0.047031510000000026,-197968.99899986852,0.0,0.0
2026-08-07,GSBK39,0.14142857,0.0,0.0,0.0,0.0
2026-08-07,FWD,0.13727408,-0.0011101099999999975,-999.9992881088838,0.0,0.0
2026-08-07,CEL,0.13512314,0.05320688,122131.0039606446,0.0,0.0
2026-08-07,QAL,0.13006872,0.002106340000000012,6349.0251713778125,0.0,0.0
2026-08-07,RML,0.1292461,-0.0024195599999999873,-55232.892521492206,0.0,0.0
2026-08-07,XCLWAU,0.12686957,0.0,0.0,0.0,0.0
2026-08-07,STK,0.12629398,-0.009608189999999989,-253629.19459901704,0.0,0.0
2026-08-07,GOLD,0.12600632,0.08219965000000001,83176.00264676301,0.0,0.0
2026-08-07,NWH,0.12569783,-0.00411302999999999,-18898.013411324355,0.0,0.0
2026-08-07,XCLWBB,0.11930818,-0.0025547800000000065,-0.004600000102072954,0.0,0.0
2026-08-07,HGO,0.11823385,-0.019577609999999995,-692905.9275605725,0.0,0.0
2026-08-07,IOZ,0.11777621,-0.0018059999999999882,-551.9839465217665,0.0,0.0
2026-08-07,SLD,0.11736391,0.0012225000000000014,3080.9910772500443,0.0,0.0
2026-08-07,MEZ,0.11504078,-0.00025052000000000407,-3299.9601272514556,0.0,0.0
2026-08-07,ALTB,0.11323434,0.0,0.0,0.0,0.0
2026-08-07,BET,0.11291565,0.0064704200000000045,72486.96837805491,0.0,0.0
2026-08-07,KMD,0.11252233,-0.006798020000000002,-4892.999094825413,0.0,0.0
2026-08-07,ACE,0.11197663,-7.969000000000726e-05,-134.993149055721,0.0,0.0
2026-08-07,BKB,0.11107354,-0.0006757000000000013,-1030.0035855510214,0.0,0.0
2026-08-07,NVA,0.11021473,0.003995760000000001,8822.995780435245,0.0,0.0
2026-08-07,GBR,0.10672761,0.008572579999999996,168976.85594689124,0.0,0.0
2026-08-07,TLG,0.10495457,-0.0007944299999999987,-4058.955745462794,0.0,0.0
2026-08-07,FDR,0.10493558,0.0,0.0,0.0,0.0
2026-08-07,AR1,0.10315126,0.04687751999999999,1244530.924260816,0.0,0.0
2026-08-07,EOL,0.10048151,-7.5600000000009e-05,-24.0008340600034,0.0,0.0
2026-08-07,BNZ,0.09644389,0.011207690000000006,32718.99866007376,0.0,0.0
2026-08-07,AQZ,0.09513796,-0.018711560000000002,-30136.997210028785,0.0,0.0
2026-08-07,CVN,0.0944626,-0.02231485000000001,-399232.05408797716,0.0,0.0
2026-08-07,FPR,0.09179385,0.0007962200000000003,1700.9803043277934,0.0,0.0
2026-08-07,ERD,0.09065824,-2.169000000000476e-05,-41.00508598500164,0.0,0.0
2026-08-07,SGC,0.08866533,-0.0012732200000000055,-2364.0030690874264,0.0,0.0
2026-08-07,MM8,0.08804695,-0.0012754199999999993,-10244.968715386698,0.0,0.0
2026-08-07,PEB,0.08567377,0.0,0.0,0.0,0.0
2026-08-07,BM1,0.08517781,-0.020234349999999998,-60358.01588723497,0.0,0.0
2026-08-07,SXE,0.08462534,-0.00691433000000001,-21248.007339165895,0.0,0.0
2026-08-07,SPLR,0.08445438,0.0,0.0,0.0,0.0
2026-08-07,CCL,0.08237268,-0.0007336800000000004,-1465.9852230791876,0.0,0.0
2026-08-07,BBT,0.08234061,-0.008210599999999998,-85908.02613517793,0.0,0.0
2026-08-07,GSBK54,0.08196721,0.0,0.0,0.0,0.0
2026-08-07,LTP,0.08122234,-0.0027819699999999947,-5056.997881424468,0.0,0.0
2026-08-07,XCLWAX,0.0781978,0.0,0.0,0.0,0.0
2026-08-07,CEN,0.07442548,0.0,0.0,0.0,0.0
2026-08-07,NGI,0.07336288,4.277000000001141e-05,260.9817727062036,0.0,0.0
2026-08-07,TVN,0.07319795,0.0,0.0,0.0,0.0
2026-08-07,AVM,0.07248338,0.002001569999999994,9715.004096282937,0.0,0.0
2026-08-07,GLN,0.07236794,0.018525390000000003,234767.938271611,0.0,0.0
2026-08-07,AI1,0.07032675,3.0479999999999396e-05,611.914798055659,0.0,0.0
2026-08-07,QUS,0.06912087,-0.014783119999999997,0.0006939766008144943,0.0,0.0
2026-08-07,XCLWBP,0.06834008,0.0,0.0,0.0,0.0
2026-08-07,VR1,0.06820848,0.0,0.0,0.0,0.0
2026-08-07,RAS,0.06684047,-0.0023193900000000045,-4597.002822605427,0.0,0.0
2026-08-07,AMA,0.06675213,-0.0017279399999999973,-8316.005863770028,0.0,0.0
2026-08-07,PAC,0.06614972,0.00018610999999998934,51.99847889279772,0.0,0.0
2026-08-07,PPK,0.0660702,0.0,0.0,0.0,0.0
2026-08-07,XCLWAF,0.06564103,0.0,0.0,0.0,0.0
2026-08-07,SDV,0.06354195,0.0,0.0,0.0,0.0
2026-08-07,TRE,0.06240242,-0.007879689999999995,-79622.0617671751,0.0,0.0
2026-08-07,CWP,0.0622986,-0.0021522,-1831.000334543991,0.0,0.0
2026-08-07,VYS,0.05962519,-0.016202269999999998,-48364.03475039045,0.0,0.0
2026-08-07,EGH,0.059185,-0.01025819,-43997.98932394301,0.0,0.0
2026-08-07,OFX,0.05806668,-0.0012489600000000003,-2906.993355062412,0.0,0.0
2026-08-07,COI,0.05702087,0.010060840000000001,151254.87913338118,0.0,0.0
2026-08-07,AL3,0.05509954,-0.002452739999999995,-13917.96969795425,0.0,0.0
2026-08-07,RDY,0.05386839,-7.769999999999999e-05,-96.00931113900151,0.0,0.0
2026-08-07,DUG,0.05289507,0.0,0.0,0.0,0.0
2026-08-07,GSBW35,0.05257085,0.0,0.0,0.0,0.0
2026-08-07,PSC,0.05210213,0.0,0.0,0.0,0.0
2026-08-07,CAY,0.05210141,0.0046069200000000005,94999.99089180585,0.0,0.0
2026-08-07,AIZ,0.05173285,0.001545539999999998,49975.996082180645,0.0,0.0
2026-08-07,CRD,0.05106789,0.0,0.0,0.0,0.0
2026-08-07,CVL,0.04942909,-0.0009557999999999997,-4870.995750000002,0.0,0.0
2026-08-07,ARD,0.04856437,-0.0017620399999999994,-30000.020707557676,0.0,0.0
2026-08-07,RTR,0.04773764,0.0,0.0,0.0,0.0
2026-08-07,GL1,0.04705997,-0.01077678,-29905.008310384175,0.0,0.0
2026-08-07,ANG,0.0460475,-0.0017574799999999988,-10951.04898837523,0.0,0.0
2026-08-07,POD,0.0460359,-0.002439990000000003,-24253.93491822004,0.0,0.0
2026-08-07,PGL,0.0459242,-0.01463105,-34239.00206469398,0.0,0.0
2026-08-07,TGN,0.04458405,0.000669900000000001,9354.083039994002,0.0,0.0
2026-08-07,XCLWBO,0.04418033,0.0,0.0,0.0,0.0
2026-08-07,CTM,0.04323763,-0.002777670000000003,-15739.02274666683,0.0,0.0
2026-08-07,CBE,0.04254012,-0.02652625,-320481.00067848753,0.0,0.0
2026-08-07,MGX,0.04180981,-0.0019144699999999945,-22598.954002954415,0.0,0.0
2026-08-07,IVZ,0.04126635,0.002369679999999999,42140.90534486796,0.0,0.0
2026-08-07,CGS,0.04098121,-0.0007332900000000045,-1246.0016162808024,0.0,0.0
2026-08-07,OMA,0.03884401,0.0,0.0,0.0,0.0
2026-08-07,NDQ,0.03850073,-0.00035148000000000124,0.0027810255051008426,0.0,0.0
2026-08-07,MM1,0.03848443,-0.03035607,-74448.9984168189,0.0,0.0
2026-08-07,SPD,0.03639038,0.0,0.0,0.0,0.0
2026-08-07,IOO,0.03609726,-0.000350099999999999,0.0003804263997153612,0.0,0.0
2026-08-07,MAT,0.03562652,0.0,0.0,0.0,0.0
2026-08-07,AKN,0.03478461,-0.003993169999999997,-81128.09349601879,0.0,0.0
2026-08-07,TDO,0.03453257,0.0,0.0,0.0,0.0
2026-08-07,KOA,0.03252003,0.0,0.0,0.0,0.0
2026-08-07,MAH,0.03234982,-0.006329370000000001,-136397.02586874657,0.0,0.0
2026-08-07,EHL,0.03234147,-0.000258880000000003,-1341.9685709216283,0.0,0.0
2026-08-07,KGL,0.03206428,-0.00012150999999999829,-2759.966919766506,0.0,0.0
2026-08-07,STW,0.0319147,-6.712000000000384e-05,-0.0017721376025292557,0.0,0.0
2026-08-07,PWR,0.0316105,0.0001010099999999986,173.9958542867971,0.0,0.0
2026-08-07,CML,0.03085038,0.01410277,10946.996964847902,0.0,0.0
2026-08-07,KYP,0.03075537,0.0,0.0,0.0,0.0
2026-08-07,GNP,0.03041882,-1.968999999999929e-05,-39.99969450948993,0.0,0.0
2026-08-07,EUR,0.03030167,0.00017379000000000006,3000.0179254464456,0.0,0.0
2026-08-07,XCLWBH,0.03013187,-0.014945049999999998,-67999.97749999998,0.0,0.0
2026-08-07,DRE,0.02868969,0.0,0.0,0.0,0.0
2026-08-07,MTM,0.02773154,-0.006779270000000004,-50047.9451148863,0.0,0.0
2026-08-07,KYN,0.0276801,-0.0012969900000000013,-1711.008416421908,0.0,0.0
2026-08-07,GSBU33,0.02706849,0.0,0.0,0.0,0.0
2026-08-07,RPL,0.02702757,0.0,0.0,0.0,0.0
2026-08-07,BGBL,0.02690534,-9.556999999999968e-05,708.0000051324969,0.0,0.0
2026-08-07,BGD,0.02601351,0.0,0.0,0.0,0.0
2026-08-07,ESR,0.02590515,0.0,0.0,0.0,0.0
2026-08-07,HLO,0.02501525,-0.0007117500000000006,-1164.9935815049976,0.0,0.0
2026-08-07,FND,0.02481366,0.0,0.0,0.0,0.0
2026-08-07,XCLWBJ,0.02473054,0.0,0.0,0.0,0.0
2026-08-07,AT4,0.02467948,0.0,0.0,0.0,0.0
2026-08-07,IVR,0.02262098,0.0,0.0,0.0,0.0
2026-08-07,SPZ,0.02247228,0.0019013200000000015,7931.009769364013,0.0,0.0
2026-08-07,JMS,0.02243019,-0.0007944600000000003,-15617.896287474607,0.0,0.0
2026-08-07,BLS,0.02174124,0.0,0.0,0.0,0.0
2026-08-07,GSBU28,0.02173913,0.007871739999999999,36210.00399999999,0.0,0.0
2026-08-07,IMB,0.02153939,0.0,0.0,0.0,0.0
2026-08-07,WCE,0.02139024,6.192000000000003e-05,229.9871996351867,0.0,0.0
2026-08-07,EGR,0.02134324,-0.0011431099999999993,-5276.038082355401,0.0,0.0
2026-08-07,DPM,0.02082869,-6.690000000000168e-06,-0.9992271639002865,0.0,0.0
2026-08-07,GSBW30,0.02082403,2.1400000000011687e-06,9.972400000013295,0.0,0.0
2026-08-07,IVV,0.01980828,-0.0002888700000000001,-0.0006269393998081796,0.0,0.0
2026-08-07,88E,0.01977575,0.0,0.0,0.0,0.0
2026-08-07,BCI,0.01921415,0.0,0.0,0.0,0.0
2026-08-07,MFF,0.01908597,-1.011999999999888e-05,-60.019661591984914,0.0,0.0
2026-08-07,SYL,0.01846417,0.0,0.0,0.0,0.0
2026-08-07,LNQ,0.0175254,-0.0008501700000000008,-785.000779762202,0.0,0.0
2026-08-07,14D,0.01712059,-0.0004533499999999982,-3235.9660719004896,0.0,0.0
2026-08-07,PGC,0.01659603,-0.0006168099999999989,-10210.089169890853,0.0,0.0
2026-08-07,QUAL,0.01578668,0.0,0.0,0.0,0.0
2026-08-07,DXN,0.01546139,-0.00731469,-26972.9828665092,0.0,0.0
2026-08-07,FDV,0.01489995,2.8460000000000985e-05,124.04212450400519,0.0,0.0
2026-08-07,GSBW34,0.01487671,0.0,0.0,0.0,0.0
2026-08-07,PC2,0.01483151,0.0,0.0,0.0,0.0
2026-08-07,AVL,0.01464208,-0.0013310899999999983,-4999.97065157639,0.0,0.0
2026-08-07,SKK,0.01463261,0.0006460300000000006,20160.84081683983,0.0,0.0
2026-08-07,HPG,0.01315409,9.51900000000002e-05,129.99706688340302,0.0,0.0
2026-08-07,BKI,0.01285016,0.0037319699999999994,30122.007286011285,0.0,0.0
2026-08-07,BMC,0.01281335,0.00014634,250.0035331104009,0.0,0.0
2026-08-07,WNX,0.0126748,0.0,0.0,0.0,0.0
2026-08-07,PBH,0.0126403,0.0,0.0,0.0,0.0
2026-08-07,GML,0.01257225,0.0007558100000000009,17556.066985807905,0.0,0.0
2026-08-07,EDE,0.01180098,0.004003770000000001,25299.009704539196,0.0,0.0
2026-08-07,BKY,0.01165691,0.0,0.0,0.0,0.0
2026-08-07,SRV,0.01110745,0.0,0.0,0.0,0.0
2026-08-07,LYL,0.01078253,0.0006265699999999999,249.00033404819987,0.0,0.0
2026-08-07,ENL,0.01020576,0.0,0.0,0.0,0.0
2026-08-07,ALU,0.01004391,0.0,0.0,0.0,0.0
2026-08-07,GSBI30,0.00994966,0.008340960000000001,36449.995200000005,0.0,0.0
2026-08-07,RAC,0.00987102,0.0,0.0,0.0,0.0
2026-08-07,CUF,0.00964859,0.0,0.0,0.0,0.0
2026-08-07,VGAD,0.00943899,0.0,0.0,0.0,0.0
2026-08-07,SLS,0.00934013,0.0,0.0,0.0,0.0
2026-08-07,DLI,0.00870146,0.0,0.0,0.0,0.0
2026-08-07,ADN,0.0086216,0.0,0.0,0.0,0.0
2026-08-07,STM,0.00854024,0.0,0.0,0.0,0.0
2026-08-07,AFI,0.00838958,0.00011751000000000122,1441.9853688405274,0.0,0.0
2026-08-07,ACDC,0.00803154,0.0,0.0,0.0,0.0
2026-08-07,EDU,0.0078119,0.004470770000000001,5616.004812708102,0.0,0.0
2026-08-07,WLE,0.00758281,0.0,0.0,0.0,0.0
2026-08-07,A1M,0.00720306,-0.0016739799999999994,-13351.996279575797,0.0,0.0
2026-08-07,DAVA,0.00711969,0.0038262799999999996,1830.9975357484,0.0,0.0
2026-08-07,SSG,0.00711383,0.00544681,7136.0016244414,0.0,0.0
2026-08-07,GRR,0.00685262,-0.00711373,-82329.95016123542,0.0,0.0
2026-08-07,VGS,0.00659381,-8.46299999999996e-05,-0.0012599638002939173,0.0,0.0
2026-08-07,VDHG,0.00654849,0.0,0.0,0.0,0.0
2026-08-07,SVR,0.00623568,0.0,0.0,0.0,0.0
2026-08-07,VAF,0.00621807,0.0059311,4953.9992451613,0.0,0.0
2026-08-07,G50,0.00619423,4.454000000000003e-05,111.00070395799958,0.0,0.0
2026-08-07,XCLWBS,0.00612291,0.0,0.0,0.0,0.0
2026-08-07,ATX,0.00587245,0.0,0.0,0.0,0.0
2026-08-07,TSO,0.00472748,-0.0003978100000000002,-715.0084459426998,0.0,0.0
2026-08-07,RIV,0.00452035,0.0,0.0,0.0,0.0
2026-08-07,CY5,0.00438484,0.0,0.0,0.0,0.0
2026-08-07,MXT,0.00434664,0.0009419499999999996,11547.045333330992,0.0,0.0
2026-08-07,SNM,0.00415163,-0.00046517,-252.99820396439964,0.0,0.0
2026-08-07,AGD,0.00407332,0.00019892,1328.9918382667965,0.0,0.0
2026-08-07,CHW,0.00398751,-0.0007040400000000004,-690.0020901168009,0.0,0.0
2026-08-07,EGL,0.00398268,0.0,0.0,0.0,0.0
2026-08-07,M7T,0.0038675,1.4890000000000042e-05,34.992946265700084,0.0,0.0
2026-08-07,NVO,0.00385809,0.0,0.0,0.0,0.0
2026-08-07,ATV,0.00381423,0.0,0.0,0.0,0.0
2026-08-07,CRI,0.00379889,0.0,0.0,0.0,0.0
2026-08-07,BSX,0.00373825,-0.00219765,-37836.0578034075,0.0,0.0
2026-08-07,NMG,0.00369648,0.00010187999999999994,11068.489336985978,0.0,0.0
2026-08-07,AMI,0.00354116,0.0010210299999999996,17290.140725269594,0.0,0.0
2026-08-07,COB,0.00334505,-0.0074208699999999996,-43595.0003653079,0.0,0.0
2026-08-07,DUR,0.00327239,0.00101798,2628.0198351075996,0.0,0.0
2026-08-07,6KA,0.00323032,-5.7579999999999784e-05,-99.99736819940063,0.0,0.0
2026-08-07,FFG,0.0031517,0.0,0.0,0.0,0.0
2026-08-07,FML,0.00303079,0.00020239999999999972,579.9946974799986,0.0,0.0
2026-08-07,LMS,0.0030149,7.628000000000018e-05,49.99471980520002,0.0,0.0
2026-08-07,KSL,0.00282402,0.00062005,1825.0074013480016,0.0,0.0
2026-08-07,DXB,0.00250451,0.0013043000000000002,7830.9751493680005,0.0,0.0
2026-08-07,AS1,0.00233504,0.0,0.0,0.0,0.0
2026-08-07,SGI,0.0021323,0.0,0.0,0.0,0.0
2026-08-07,DXC,0.00207482,0.0,0.0,0.0,0.0
2026-08-07,RCM,0.00206877,2.0570000000000137e-05,246.0227308616013,0.0,0.0
2026-08-07,OD6,0.00188388,0.0,0.0,0.0,0.0
2026-08-07,BOC,0.00186156,0.0,0.0,0.0,0.0
2026-08-07,WGN,0.00169484,-0.00032996000000000024,-659.0087428688012,0.0,0.0
2026-08-07,TBN,0.0016823,0.00040511,5730.0054752,0.0,0.0
2026-08-07,STG,0.0016413,0.0,0.0,0.0,0.0
2026-08-07,VVA,0.0016236,0.0,0.0,0.0,0.0
2026-08-07,AIH,0.00161811,0.0,0.0,0.0,0.0
2026-08-07,PPC,0.00160031,3.523999999999997e-05,164.97921609439982,0.0,0.0
2026-08-07,AGI,0.00158019,-1.4850000000000063e-05,-50.0138984565001,0.0,0.0
2026-08-07,VHM,0.00155338,0.0,0.0,0.0,0.0
2026-08-07,CLV,0.00152336,0.0,0.0,0.0,0.0
2026-08-07,AHE,0.00120019,0.0,0.0,0.0,0.0
2026-08-07,ATG,0.00109269,0.0,0.0,0.0,0.0
2026-08-07,IPG,0.00104828,-0.00063473,-659.9930220233,0.0,0.0
2026-08-07,AXE,0.00100088,2.140999999999992e-05,60.002473248899605,0.0,0.0
2026-08-07,LAC,0.00099997,0.0,0.0,0.0,0.0
2026-08-07,CRS,0.00092433,-0.00053807,-4688.977729989799,0.0,0.0
2026-08-07,GNG,0.00091903,0.0005531800000000001,942.0011830388001,0.0,0.0
2026-08-07,SK1,0.00091253,-0.0010880500000000001,-1214.9970151340003,0.0,0.0
2026-08-07,ADX,0.00090559,0.0,0.0,0.0,0.0
2026-08-07,REP,0.00083782,0.0,0.0,0.0,0.0
2026-08-07,HZN,0.00083613,0.0,0.0,0.0,0.0
2026-08-07,MTO,0.00082991,0.0,0.0,0.0,0.0
2026-08-07,1AI,0.00082971,0.0,0.0,0.0,0.0
2026-08-07,EMD,0.00078965,0.0,0.0,0.0,0.0
2026-08-07,VBC,0.00076889,0.0,0.0,0.0,0.0
2026-08-07,BENPI,0.00076667,0.0,0.0,0.0,0.0
2026-08-07,CYM,0.00076079,-0.009656109999999999,-55820.014809625194,0.0,0.0
2026-08-07,LDX,0.00072712,0.00010160000000000008,959.9374898240012,0.0,0.0
2026-08-07,GBM,0.00069585,0.00048059000000000003,23589.278118230002,0.0,0.0
2026-08-07,DGL,0.00058305,0.0,0.0,0.0,0.0
2026-08-07,BDM,0.00057494,0.0,0.0,0.0,0.0
2026-08-07,PCL,0.00054967,0.0,0.0,0.0,0.0
2026-08-07,AQD,0.00051206,7.000000000001796e-08,1.1495427943991672,0.0,0.0
2026-08-07,ATH,0.00046057,-5.648000000000003e-05,-122.99758832319992,0.0,0.0
2026-08-07,HRN,0.0004415,0.0,0.0,0.0,0.0
2026-08-07,FDC,0.00043317,0.00021921999999999998,708.0105241348,0.0,0.0
2026-08-07,MEU,0.00043175,-0.00010553,-1367.0534556253015,0.0,0.0
2026-08-07,PNC,0.00041893,0.0,0.0,0.0,0.0
2026-08-07,PLY,0.00041705,0.0,0.0,0.0,0.0
2026-08-07,KPG,0.00038653,0.0,0.0,0.0,0.0
2026-08-07,RCE,0.00033293,0.0,0.0,0.0,0.0
2026-08-07,RMC,0.00030693,-1.5679999999999958e-05,-62.01894908160011,0.0,0.0
2026-08-07,MME,0.00030458,0.0,0.0,0.0,0.0
2026-08-07,WAU,0.00029245,0.0,0.0,0.0,0.0
2026-08-07,LED,0.00028427,0.0,0.0,0.0,0.0
2026-08-07,AAA,0.00025137,1.5050000000000013e-05,11.00127729890005,0.0,0.0
2026-08-07,AGR,0.00023875,0.0,0.0,0.0,0.0
2026-08-07,SKO,0.00022356,0.0,0.0,0.0,0.0
2026-08-07,MTC,0.00019131,0.0,0.0,0.0,0.0
2026-08-07,IRI,0.00018605,0.0,0.0,0.0,0.0
2026-08-07,CAA,0.00017043,0.0,0.0,0.0,0.0
2026-08-07,MLG,0.00016341,0.0,0.0,0.0,0.0
2026-08-07,ATR,0.00015072,0.0,0.0,0.0,0.0
2026-08-07,IVE,0.00014551,0.0,0.0,0.0,0.0
2026-08-07,MVP,0.00013492,0.0,0.0,0.0,0.0
2026-08-07,VGL,0.00012621,0.0,0.0,0.0,0.0
2026-08-07,VAS,0.00010696,-1.579999999999995e-06,-0.010876595599995653,0.0,0.0
2026-08-07,CVV,0.00010237,0.0,0.0,0.0,0.0
2026-08-07,SPG,9.402e-05,0.0,0.0,0.0,0.0
2026-08-07,TNC,9.203e-05,-0.0022293300000000003,-3463.9951077204,0.0,0.0
2026-08-07,RFG,8.22e-05,0.0,0.0,0.0,0.0
2026-08-07,ART,6.684e-05,0.0,0.0,0.0,0.0
2026-08-07,ALC,6.341e-05,0.0,0.0,0.0,0.0
2026-08-07,AAU,6.099e-05,0.0,0.0,0.0,0.0
2026-08-07,AR9,5.726e-05,0.0,0.0,0.0,0.0
2026-08-07,DUB,5.554e-05,0.0,0.0,0.0,0.0
2026-08-07,NMT,5.403e-05,0.0,0.0,0.0,0.0
2026-08-07,MEX,5.314e-05,0.0,0.0,0.0,0.0
2026-08-07,BPM,4.74e-05,0.0,0.0,0.0,0.0
2026-08-07,ZEO,4.525e-05,0.0,0.0,0.0,0.0
2026-08-07,ARX,3.99e-05,-0.00022636,-782.9852453307999,0.0,0.0
2026-08-07,OR3,3.456e-05,0.0,0.0,0.0,0.0
2026-08-07,GRE,3.445e-05,0.0,0.0,0.0,0.0
2026-08-07,SEA,3.422e-05,0.0,0.0,0.0,0.0
2026-08-07,NABPK,3e-05,0.0,0.0,0.0,0.0
2026-08-07,BAS,2.97e-05,0.0,0.0,0.0,0.0
2026-08-07,SKT,2.324e-05,1.4500000000000014e-06,1.9962876450000024,0.0,0.0
2026-08-07,IIQ,1.918e-05,0.0,0.0,0.0,0.0
2026-08-07,BRK,1.903e-05,-1.999999999999981e-08,0.003940000000000055,0.0,0.0
2026-08-07,BNL,1.248e-05,0.0,0.0,0.0,0.0
2026-08-07,PTR,7.08e-06,0.0,0.0,0.0,0.0
2026-08-07,EMP,6.13e-06,0.0,0.0,0.0,0.0
2026-08-07,WAM,6.06e-06,0.0,0.0,0.0,0.0
2026-08-07,DACE,4.07e-06,-0.00345722,-12750.9932033744,0.0,0.0
2026-08-07,MCY,2.6e-06,1.2000000000000002e-06,17.100491388000002,0.0,0.0
2026-08-07,OPH,2.25e-06,0.0,0.0,0.0,0.0
2026-08-07,NGX,2.21e-06,0.0,0.0,0.0,0.0
2026-08-07,HCL,2.12e-06,0.0,0.0,0.0,0.0
2026-08-07,IME,1.84e-06,0.0,0.0,0.0,0.0
2026-08-07,JNS,1.24e-06,0.0,0.0,0.0,0.0
2026-08-07,PAR,8.3e-07,0.0,0.0,0.0,0.0
2026-08-07,EFE,7.7e-07,0.0,0.0,0.0,0.0
2026-08-07,OEC,5.6e-07,0.0,0.0,0.0,0.0
2026-08-07,GCM,5.2e-07,0.0,0.0,0.0,0.0
2026-08-07,ENP,3.7e-07,0.0,0.0028374226999998697,0.0,0.0
2026-08-07,PET,3.2e-07,0.0,0.0,0.0,0.0
2026-08-07,LSA,2.7e-07,0.0,0.0,0.0,0.0
2026-08-07,LIS,1.6e-07,0.0,0.0,0.0,0.0
2026-08-07,GA8,1.4e-07,0.0,0.0,0.0,0.0
2026-08-07,ODE,5e-08,0.0,0.0,0.0,0.0
2026-08-07,GPR,3e-08,0.0,0.0,0.0,0.0
