Date,Code,PctShort_pp_num,Delta_pp_num,DeltaShares_num,DaysToCover,ADV
2026-02-18,BOE,16.56022888,-0.4694225299999992,-1948685.001353249,0.0,0.0
2026-02-18,DMP,15.67494701,0.015178309999999584,14359.005772266537,0.0,0.0
2026-02-18,TWE,14.12816334,-0.16082761000000012,-1298582.0475074798,0.0,0.0
2026-02-18,GYG,13.26020376,-0.5449838099999997,-563653.9961590953,0.0,0.0
2026-02-18,TLX,12.40820183,0.11869339999999973,402105.9978777617,0.0,0.0
2026-02-18,PNV,12.40232399,-0.07086704000000132,-489579.97876918316,0.0,0.0
2026-02-18,IEL,11.77637537,0.006059940000000097,16867.007384873927,0.0,0.0
2026-02-18,IPH,11.63508923,-0.09672684999999959,-252922.00480993837,0.0,0.0
2026-02-18,FLT,10.81924684,-0.0872010000000003,-185315.00022764876,0.0,0.0
2026-02-18,NAN,10.24013434,-0.00908237000000156,-27551.00882491097,0.0,0.0
2026-02-18,LYC,9.83586144,0.06794636999999959,683881.9657074064,0.0,0.0
2026-02-18,PWH,9.78718462,-0.050275360000000546,-50564.00190233812,0.0,0.0
2026-02-18,DRO,9.75588767,0.13937783999999986,1280677.0000469983,0.0,0.0
2026-02-18,PDN,9.59777459,-0.08043024999999915,-361395.9723313451,0.0,0.0
2026-02-18,KAR,9.57790464,0.029830459999999448,214298.97566868365,0.0,0.0
2026-02-18,SLX,8.88962633,-0.09301516999999926,-258561.00327745453,0.0,0.0
2026-02-18,LIC,8.78573456,-0.05654917999999931,-68843.0022685565,0.0,0.0
2026-02-18,PLS,8.63734257,0.4357904399999999,14036239.12155506,0.0,0.0
2026-02-18,CTD,8.47311723,-0.86804478,-1270172.9999490604,0.0,0.0
2026-02-18,ILU,8.43298457,0.1147774100000003,493203.0128278583,0.0,0.0
2026-02-18,BRG,8.37038832,-0.06250625000000021,-90189.00660766289,0.0,0.0
2026-02-18,NXT,8.2577143,0.01998546999999995,128077.00041072816,0.0,0.0
2026-02-18,DGT,7.94031601,0.014963940000000342,82826.02770639211,0.0,0.0
2026-02-18,IPX,7.80683283,-0.039778059999999726,-134487.98637951538,0.0,0.0
2026-02-18,CU6,7.79296037,-0.05405235000000008,-201090.9960821718,0.0,0.0
2026-02-18,DYL,7.61447804,-0.1250208500000003,-1218540.059835136,0.0,0.0
2026-02-18,BAP,7.46048098,0.03380517999999988,114739.00656750053,0.0,0.0
2026-02-18,PNI,7.30822433,0.027991019999999978,63930.99032020196,0.0,0.0
2026-02-18,MSB,7.14981226,-0.02717030999999981,-350579.1041446626,0.0,0.0
2026-02-18,CUV,7.07981994,-0.02480839999999951,-12454.000382159837,0.0,0.0
2026-02-18,ING,6.84705266,0.020603499999999997,76579.00659203157,0.0,0.0
2026-02-18,AX1,6.50830895,-0.1725540099999998,-1037369.9880325273,0.0,0.0
2026-02-18,CAT,6.39934133,0.014943580000000622,45892.01153285056,0.0,0.0
2026-02-18,EDV,6.37982887,0.02131120999999947,382690.8691969365,0.0,0.0
2026-02-18,MIN,6.23178861,-0.061225470000000115,-121001.00821553543,0.0,0.0
2026-02-18,BPT,6.21837067,-0.014900190000000535,-339923.04927796125,0.0,0.0
2026-02-18,AD8,6.16995609,0.05505727000000071,46429.00186516717,0.0,0.0
2026-02-18,RIO,6.06802736,-0.004818709999999449,-17916.986021138728,0.0,0.0
2026-02-18,HLS,6.00383324,0.24985923999999926,1814310.0029101893,0.0,0.0
2026-02-18,ELD,5.97122044,-0.050538809999999934,-108394.99986666627,0.0,0.0
2026-02-18,LOT,5.7438677,0.2877623500000004,782162.9961523805,0.0,0.0
2026-02-18,NXL,5.59859883,0.028885719999999893,96697.02400555462,0.0,0.0
2026-02-18,JIN,5.56172693,0.030662050000000107,19417.99693372473,0.0,0.0
2026-02-18,NEU,5.52353615,-0.02582052999999984,-32698.996802687645,0.0,0.0
2026-02-18,ZIP,5.20679371,-0.20383704999999974,-2590123.9365366027,0.0,0.0
2026-02-18,RFF,5.10123782,-0.08164645000000004,-318194.99351703376,0.0,0.0
2026-02-18,GMD,5.08012622,-0.0028549499999996897,-32612.898746043444,0.0,0.0
2026-02-18,ACL,5.07528241,0.1863923500000002,358284.99678344466,0.0,0.0
2026-02-18,WTC,4.86703383,0.09311757999999948,312953.02031974494,0.0,0.0
2026-02-18,NHC,4.61288224,0.05936932000000006,500704.07779664546,0.0,0.0
2026-02-18,REA,4.59476678,0.019867960000000018,26248.995826673694,0.0,0.0
2026-02-18,ADH,4.51416646,0.12853263000000048,227935.98461202532,0.0,0.0
2026-02-18,BMN,4.48150342,-0.12097624000000007,-251232.00120159797,0.0,0.0
2026-02-18,GEM,4.45010231,-0.4887301199999996,-3770840.029182002,0.0,0.0
2026-02-18,MAQ,4.36196434,0.0017769999999996955,457.99921763991006,0.0,0.0
2026-02-18,CIA,4.33947859,0.01660493999999968,88546.00876544788,0.0,0.0
2026-02-18,SNL,4.31783538,-0.022615159999999968,-9895.002052902011,0.0,0.0
2026-02-18,COH,4.26407835,0.06301044000000022,41207.996652296744,0.0,0.0
2026-02-18,GDG,4.19061545,0.07048212000000031,281677.00543441065,0.0,0.0
2026-02-18,WDS,4.18905954,-0.006970279999999995,-132512.00304749608,0.0,0.0
2026-02-18,BRN,4.17462432,0.018733749999999993,422024.8922058791,0.0,0.0
2026-02-18,STX,4.11737625,0.057094040000000845,2055041.1617969573,0.0,0.0
2026-02-18,HMC,4.10905395,-0.06268423000000034,-258644.99383622408,0.0,0.0
2026-02-18,ORA,3.98793893,0.09500405,1172145.0447137803,0.0,0.0
2026-02-18,MFG,3.84675854,-0.14348384999999997,-241079.00214843918,0.0,0.0
2026-02-18,SYR,3.84205746,0.0017887399999998443,23460.01803998649,0.0,0.0
2026-02-18,RHC,3.82374528,-0.12847604000000024,-296561.00031228736,0.0,0.0
2026-02-18,SFR,3.80556125,0.04601938999999966,212574.01755521074,0.0,0.0
2026-02-18,SDF,3.69383249,-0.0625698899999998,-695771.9384488091,0.0,0.0
2026-02-18,LOV,3.67935652,0.07665987999999979,84891.99661420705,0.0,0.0
2026-02-18,MMS,3.63311047,-0.040012630000000105,-27866.005513931625,0.0,0.0
2026-02-18,BC8,3.61996643,0.10354285999999968,759713.0126894601,0.0,0.0
2026-02-18,NCK,3.5940347,0.3046052499999998,260530.9995156969,0.0,0.0
2026-02-18,SDR,3.4705779,-0.08734271000000016,-246179.0065658316,0.0,0.0
2026-02-18,CHN,3.46799649,-0.05451839000000014,-212348.9823955316,0.0,0.0
2026-02-18,CCP,3.43757908,-0.06295134000000013,-42848.997947870754,0.0,0.0
2026-02-18,LTR,3.3701262,0.0384228499999999,1221505.0301151574,0.0,0.0
2026-02-18,A2M,3.33267301,0.04006458000000013,290638.9578360878,0.0,0.0
2026-02-18,NVX,3.32996877,0.0009767399999995874,8399.010897103697,0.0,0.0
2026-02-18,DVP,3.32643914,-0.021008499999999763,-69324.99851537496,0.0,0.0
2026-02-18,CAR,3.27837326,0.10462437999999974,395934.0012667794,0.0,0.0
2026-02-18,REH,3.26471185,-0.03724711000000003,-229103.977824945,0.0,0.0
2026-02-18,SHL,3.23298664,0.018771730000000098,92777.014094688,0.0,0.0
2026-02-18,QOR,3.22951723,0.07932724999999996,1074272.9448845983,0.0,0.0
2026-02-18,COF,3.15022812,0.00040781000000000844,2435.9997383132577,0.0,0.0
2026-02-18,EML,3.13011308,-0.05883997999999968,-228546.0014228858,0.0,0.0
2026-02-18,BEN,3.08538322,0.1404974000000001,798013.9978278968,0.0,0.0
2026-02-18,PMT,3.06299914,0.17805731000000025,970998.9849192593,0.0,0.0
2026-02-18,MYR,3.06096914,0.031937040000000305,552749.1058731079,0.0,0.0
2026-02-18,AGL,3.04679276,0.00888744000000008,59790.00668453798,0.0,0.0
2026-02-18,ASX,2.95595934,0.09021643000000035,175290.00474552717,0.0,0.0
2026-02-18,ANN,2.94327478,0.06589593999999988,94779.00098736677,0.0,0.0
2026-02-18,IDX,2.94219188,-0.033534739999999896,-125059.98682772554,0.0,0.0
2026-02-18,ARB,2.92149034,-0.014402899999999885,-12020.005440136418,0.0,0.0
2026-02-18,A4N,2.89918496,0.0203439099999998,260663.04612456262,0.0,0.0
2026-02-18,OPT,2.89810136,0.0,0.0,0.0,0.0
2026-02-18,PPT,2.83388145,0.021372879999999927,24691.995933158323,0.0,0.0
2026-02-18,VCX,2.806444,-0.027201450000000182,-1251185.3391029835,0.0,0.0
2026-02-18,CXO,2.79810403,0.01345521000000005,358247.1123559922,0.0,0.0
2026-02-18,RWC,2.75622854,0.058389060000000104,447513.00145806745,0.0,0.0
2026-02-18,FMG,2.63833565,0.002054750000000105,63265.031652614474,0.0,0.0
2026-02-18,FBU,2.63519976,-0.04869097999999994,-523378.0644210428,0.0,0.0
2026-02-18,MYX,2.62056413,0.013674550000000174,11110.001236028504,0.0,0.0
2026-02-18,BOQ,2.62023255,-0.004332180000000019,-28656.047435618937,0.0,0.0
2026-02-18,SOL,2.61954394,0.022734809999999772,86374.01785530522,0.0,0.0
2026-02-18,PFP,2.60088463,-0.04812298000000004,-66397.00504590105,0.0,0.0
2026-02-18,BOT,2.59556392,-0.10191818000000019,-2007892.9382726774,0.0,0.0
2026-02-18,LLC,2.51906848,0.04003414999999988,276495.0074503347,0.0,0.0
2026-02-18,TYR,2.51388388,0.017031699999999983,90442.98534026556,0.0,0.0
2026-02-18,SIG,2.50916993,-0.0008540199999997888,-98585.5309599638,0.0,0.0
2026-02-18,IMU,2.50397169,-0.008010179999999867,-25754.01153032668,0.0,0.0
2026-02-18,SUL,2.45655625,-0.00930891999999961,-21022.00822379999,0.0,0.0
2026-02-18,HSN,2.45161343,-0.14395700999999983,-293999.9897418618,0.0,0.0
2026-02-18,VEA,2.40967155,0.00167053000000017,27157.003119416535,0.0,0.0
2026-02-18,PXA,2.36640593,-0.03647935000000002,-64788.0048454972,0.0,0.0
2026-02-18,CIP,2.34750753,-0.09855634000000002,-615374.0301742014,0.0,0.0
2026-02-18,DRR,2.33664786,-0.0037994400000003203,-20104.037283098325,0.0,0.0
2026-02-18,JHX,2.31641783,-0.004530520000000315,-19500.99051696807,0.0,0.0
2026-02-18,VUL,2.29539337,0.03716253000000025,177600.9624362439,0.0,0.0
2026-02-18,ALX,2.27220844,0.0018044100000000896,26178.988492477685,0.0,0.0
2026-02-18,WOW,2.26416857,0.008962919999999652,109490.95829960331,0.0,0.0
2026-02-18,NEC,2.26342971,0.03109798000000019,493139.9878581166,0.0,0.0
2026-02-18,QRI,2.24513782,-0.04787603999999979,-302110.977353476,0.0,0.0
2026-02-18,MP1,2.1916195,0.015570289999999876,27644.016806258354,0.0,0.0
2026-02-18,MVF,2.17603256,0.005656829999999946,22040.98051957041,0.0,0.0
2026-02-18,OBL,2.14584384,-0.007569709999999841,-21894.02340010926,0.0,0.0
2026-02-18,IMM,2.14309333,-0.0010896199999996803,-16057.962094437331,0.0,0.0
2026-02-18,HUB,2.13915397,0.10940304000000012,89462.9979608208,0.0,0.0
2026-02-18,DTL,2.13695134,-0.013624769999999842,-21128.999157215934,0.0,0.0
2026-02-18,YAL,2.13459695,0.02633312000000032,347712.9014725387,0.0,0.0
2026-02-18,EOS,2.11924049,0.14019594000000013,270511.008942781,0.0,0.0
2026-02-18,OBM,2.11649545,0.04131798000000009,794205.8438426852,0.0,0.0
2026-02-18,NWS,2.11566457,0.08360135999999985,35846.99995145027,0.0,0.0
2026-02-18,WBT,2.07356361,0.023997449999999976,50504.003539420664,0.0,0.0
2026-02-18,PMV,2.0609645,0.004255069999999694,6803.005830898415,0.0,0.0
2026-02-18,ELV,1.9616586,-0.01402376999999988,-23753.00879846653,0.0,0.0
2026-02-18,BVS,1.95001885,-0.2034891900000002,-912241.9878977034,0.0,0.0
2026-02-18,MGH,1.94780779,0.00606343999999992,21882.007668768056,0.0,0.0
2026-02-18,SS1,1.87371991,-0.0832951500000001,-111482.99674128275,0.0,0.0
2026-02-18,DXS,1.86907025,-0.13022789,-1400685.925439112,0.0,0.0
2026-02-18,SGR,1.82797776,0.008412910000000107,558297.7669623941,0.0,0.0
2026-02-18,XYZ,1.79888675,-0.0011777799999999061,-446.9992511708988,0.0,0.0
2026-02-18,AOV,1.75875582,-0.005534560000000077,-7408.006456867792,0.0,0.0
2026-02-18,ABB,1.71328382,0.17505978999999994,512183.0064661093,0.0,0.0
2026-02-18,APE,1.70998117,-0.020342859999999963,-57440.98196926713,0.0,0.0
2026-02-18,AUB,1.70330056,0.05052042999999995,65774.00128977094,0.0,0.0
2026-02-18,RDX,1.70210191,-0.015867819999999977,-83318.97584846988,0.0,0.0
2026-02-18,KGN,1.68512497,-0.022269470000000124,-21792.000760380644,0.0,0.0
2026-02-18,CTT,1.67952521,0.0,0.0,0.0,0.0
2026-02-18,GQG,1.679122,-0.12316791000000005,-3643308.117866859,0.0,0.0
2026-02-18,IMD,1.67874325,-0.019904780000000066,-101880.98841804452,0.0,0.0
2026-02-18,AMC,1.67225355,-0.21098429000000007,-298658.9994855183,0.0,0.0
2026-02-18,ALD,1.64548865,-0.003547179999999983,-8453.004395307973,0.0,0.0
2026-02-18,TUA,1.63572295,-0.0013975300000002022,-7664.001008577645,0.0,0.0
2026-02-18,ALQ,1.63351032,-0.012884640000000003,-65395.030800859444,0.0,0.0
2026-02-18,EVT,1.62902569,0.032074959999999875,52129.00184753118,0.0,0.0
2026-02-18,MTS,1.62461899,0.008265870000000008,90901.93449361622,0.0,0.0
2026-02-18,CBO,1.62178247,0.020128560000000073,96095.99802714959,0.0,0.0
2026-02-18,WHC,1.61837873,0.03993042000000013,329863.01103368215,0.0,0.0
2026-02-18,SHV,1.61029486,-0.0008943900000000227,-1270.9965124521405,0.0,0.0
2026-02-18,HVN,1.58643166,0.0027402799999998173,34144.071138225496,0.0,0.0
2026-02-18,AMP,1.58617664,0.029855079999999923,755852.9543253109,0.0,0.0
2026-02-18,PEN,1.58303439,-0.08682421000000007,-371168.01219641324,0.0,0.0
2026-02-18,EVN,1.57170039,0.015549919999999995,315759.9977604076,0.0,0.0
2026-02-18,ONE,1.56732684,0.0,0.0,0.0,0.0
2026-02-18,DDR,1.54423909,0.011038730000000108,19959.99480524147,0.0,0.0
2026-02-18,SBM,1.53733027,-0.011867379999999983,-143571.0720491372,0.0,0.0
2026-02-18,CYL,1.52372317,0.006463710000000011,16845.015488053672,0.0,0.0
2026-02-18,TNE,1.45729549,-0.061409080000000005,-201034.0092375232,0.0,0.0
2026-02-18,AZJ,1.45412607,0.010070570000000112,172631.1234381497,0.0,0.0
2026-02-18,APX,1.4474744,0.044532859999999896,118284.01401097514,0.0,0.0
2026-02-18,FFM,1.42802735,0.02647389000000011,203460.99905642495,0.0,0.0
2026-02-18,SX2,1.42540036,-0.00468727999999996,-6412.006017809501,0.0,0.0
2026-02-18,APA,1.41479049,0.016101809999999883,211767.9483523853,0.0,0.0
2026-02-18,RMS,1.39098989,0.020827589999999896,400884.89357709885,0.0,0.0
2026-02-18,WEB,1.37634795,0.2963560599999999,1070854.9964980865,0.0,0.0
2026-02-18,KLS,1.37412003,-0.06659733999999995,-180874.98297150014,0.0,0.0
2026-02-18,CWY,1.3578807,-0.06956063000000001,-1558240.914887134,0.0,0.0
2026-02-18,SGH,1.35739383,0.07770060000000001,316240.01774800196,0.0,0.0
2026-02-18,CKF,1.35486471,-0.03647663000000012,-43092.00535362656,0.0,0.0
2026-02-18,TLC,1.33441345,0.15326171999999993,3411255.995291088,0.0,0.0
2026-02-18,XRO,1.32192764,0.022854270000000065,38858.01644769823,0.0,0.0
2026-02-18,JDO,1.31923419,0.09630210999999989,1079605.9790518433,0.0,0.0
2026-02-18,SLC,1.29836208,-0.2271493,-1169169.0049522482,0.0,0.0
2026-02-18,RRL,1.27645189,-0.012209540000000185,-92457.01013778709,0.0,0.0
2026-02-18,BGA,1.23277559,-0.010438230000000104,-31875.994962491095,0.0,0.0
2026-02-18,CNU,1.22934921,-0.01141148000000003,-49512.961777350865,0.0,0.0
2026-02-18,CBA,1.21035199,0.02624097999999986,439132.9226703085,0.0,0.0
2026-02-18,JBH,1.20849619,0.22380049999999996,244689.99614790478,0.0,0.0
2026-02-18,IRE,1.17269295,0.06849154000000013,127934.98730050004,0.0,0.0
2026-02-18,ORG,1.16979273,0.012630809999999881,217596.9851034321,0.0,0.0
2026-02-18,GNC,1.14091777,0.009878959999999992,21960.995553297456,0.0,0.0
2026-02-18,LNW,1.13291642,-0.02146915000000016,-17240.999282446224,0.0,0.0
2026-02-18,WOR,1.12818105,-0.027298510000000054,-138168.0116114011,0.0,0.0
2026-02-18,L1G,1.11548686,-0.025403309999999957,-651969.0198568664,0.0,0.0
2026-02-18,BGL,1.11539174,-0.008891509999999991,-131660.93767428584,0.0,0.0
2026-02-18,REG,1.1119944,-0.00707232999999996,-21384.00342656579,0.0,0.0
2026-02-18,NUF,1.11177544,0.014718580000000037,56542.0030686371,0.0,0.0
2026-02-18,BWP,1.09492966,0.0017659300000001377,12792.018799070269,0.0,0.0
2026-02-18,ABG,1.08802193,0.039447659999999996,352527.02462988906,0.0,0.0
2026-02-18,MPL,1.08078391,-0.1723557899999999,-4746684.040927593,0.0,0.0
2026-02-18,IFT,1.07994409,0.0028559599999999907,28539.964418211952,0.0,0.0
2026-02-18,360,1.07855631,0.025270369999999875,46107.992630449124,0.0,0.0
2026-02-18,GTK,1.06930834,0.01828344000000004,20559.997960740002,0.0,0.0
2026-02-18,PME,1.06784186,-0.31412092000000014,-328162.0088992596,0.0,0.0
2026-02-18,AIS,1.05421209,0.007780279999999973,93143.08331218734,0.0,0.0
2026-02-18,BHP,1.02854042,0.015057689999999901,764767.0012606531,0.0,0.0
2026-02-18,SVL,1.02319727,0.05904558000000004,1271552.0845235623,0.0,0.0
2026-02-18,TPG,1.00412612,0.0006886800000001081,13518.990871921182,0.0,0.0
2026-02-18,S32,1.0012135,0.008241260000000028,369742.95453149825,0.0,0.0
2026-02-18,NAB,0.97463589,0.0030966599999999733,94990.75076431409,0.0,0.0
2026-02-18,HLI,0.97297894,-0.011641690000000038,-31721.982747664675,0.0,0.0
2026-02-18,EMR,0.96078819,0.0032705100000000042,21604.972740155645,0.0,0.0
2026-02-18,APZ,0.94725535,0.004051120000000075,9222.99988935003,0.0,0.0
2026-02-18,NST,0.93770818,0.013468739999999979,192702.0192614682,0.0,0.0
2026-02-18,ALK,0.92881754,0.0011746400000000046,16047.988309394568,0.0,0.0
2026-02-18,GMG,0.92461353,-0.024863049999999998,-508397.91493719816,0.0,0.0
2026-02-18,PDI,0.91058847,-0.03517482000000005,-927008.852311153,0.0,0.0
2026-02-18,A1N,0.86776961,0.0003424399999999439,1072.0096973013133,0.0,0.0
2026-02-18,WGX,0.86413508,0.023846370000000006,225308.0306282267,0.0,0.0
2026-02-18,TPW,0.86058752,0.09923607000000001,119355.99365160614,0.0,0.0
2026-02-18,FCL,0.85787838,-0.07215432,-248811.0007488844,0.0,0.0
2026-02-18,HCW,0.84904061,0.023549739999999986,129564.9984671101,0.0,0.0
2026-02-18,MI6,0.83559154,0.03035553000000002,627808.0121038165,0.0,0.0
2026-02-18,OCL,0.83258055,0.01556827999999999,14930.99494912487,0.0,0.0
2026-02-18,NHF,0.83075844,-0.00962244000000001,-46953.033823868725,0.0,0.0
2026-02-18,AIA,0.8288978,0.004477889999999984,75906.0389797762,0.0,0.0
2026-02-18,SGLLV,0.82253028,-0.0056842600000001076,-3884.9951482893666,0.0,0.0
2026-02-18,IFL,0.80535015,0.10776246,722790.9915599171,0.0,0.0
2026-02-18,ASK,0.80287499,0.05243812999999997,689091.0195474103,0.0,0.0
2026-02-18,SEK,0.80119016,0.02667571000000002,95291.02194584906,0.0,0.0
2026-02-18,NSR,0.79235476,0.05490094000000001,770842.0519695245,0.0,0.0
2026-02-18,IAG,0.75810467,0.015255800000000042,360842.96840132773,0.0,0.0
2026-02-18,CVN,0.75571668,-0.07212065000000001,-1290301.0883631352,0.0,0.0
2026-02-18,INA,0.74596512,0.012069920000000067,49194.97389818914,0.0,0.0
2026-02-18,RSG,0.74243591,0.03647550999999993,779633.9751715735,0.0,0.0
2026-02-18,WBC,0.73468634,0.017081879999999994,584252.1061961353,0.0,0.0
2026-02-18,SIQ,0.73366321,0.005235039999999969,7099.004575318308,0.0,0.0
2026-02-18,SGM,0.71225105,-0.08706691,-168241.99436427816,0.0,0.0
2026-02-18,HUM,0.71053389,-8.158999999996475e-05,-408.0095435655676,0.0,0.0
2026-02-18,EMXC,0.70593859,0.28991473,36585.0007842844,0.0,0.0
2026-02-18,WGN,0.70128337,-6.259000000008452e-05,-125.0071439454332,0.0,0.0
2026-02-18,NIC,0.69300174,-0.017603319999999978,-764148.8330710493,0.0,0.0
2026-02-18,VSL,0.68704584,0.018035899999999994,26427.997055640095,0.0,0.0
2026-02-18,BSL,0.67922992,-0.0913512099999999,-400189.0339554143,0.0,0.0
2026-02-18,CXL,0.67554094,-0.009113220000000033,-19646.007646383252,0.0,0.0
2026-02-18,MAF,0.67365714,-0.005469359999999979,-10657.998370687244,0.0,0.0
2026-02-18,CGF,0.67221092,-0.0012634799999999835,-8739.004480138421,0.0,0.0
2026-02-18,SPK,0.66977286,-0.00867584999999993,-163983.04605563544,0.0,0.0
2026-02-18,UNI,0.66522369,0.0026994000000000185,2071.001545140054,0.0,0.0
2026-02-18,IGO,0.65015268,-0.2740285499999999,-2075130.00758061,0.0,0.0
2026-02-18,CSL,0.62445167,-0.012783230000000034,-62018.01854322618,0.0,0.0
2026-02-18,AAI,0.59614805,-0.010079959999999999,-4072.0026507951843,0.0,0.0
2026-02-18,CWP,0.59520132,-0.0003303000000000056,-281.0052088560187,0.0,0.0
2026-02-18,OCC,0.5941728,-0.007442100000000007,-20191.008277160814,0.0,0.0
2026-02-18,VNT,0.59239797,0.021188990000000074,175097.02077671047,0.0,0.0
2026-02-18,SMI,0.58668933,0.13444613,1124988.9918128955,0.0,0.0
2026-02-18,BLX,0.58400256,0.00021495999999998627,492.9938770418521,0.0,0.0
2026-02-18,ASB,0.57617645,-0.02450823000000002,-103437.03887818847,0.0,0.0
2026-02-18,CLW,0.57333896,-0.01985169000000009,-142077.99345301837,0.0,0.0
2026-02-18,PRU,0.56933728,-0.04276836000000006,-577899.0472590681,0.0,0.0
2026-02-18,MQG,0.55636664,0.010396220000000067,39623.98812791356,0.0,0.0
2026-02-18,AEL,0.55314973,-0.02634512999999994,-79003.99477203027,0.0,0.0
2026-02-18,CSC,0.55221011,0.08421788999999996,149565.0007494199,0.0,0.0
2026-02-18,TAH,0.54416367,-0.021360519999999994,-488989.15411014855,0.0,0.0
2026-02-18,ANZ,0.53321366,-0.01548779999999994,-466833.085773224,0.0,0.0
2026-02-18,OFX,0.53061614,0.013977829999999969,32387.98600261379,0.0,0.0
2026-02-18,SSM,0.5281089,-0.016742900000000005,-103538.99939089036,0.0,0.0
2026-02-18,RIC,0.52086541,-0.009576820000000041,-35899.00416144682,0.0,0.0
2026-02-18,AEF,0.52061986,-0.029163649999999985,-33197.00583428342,0.0,0.0
2026-02-18,3DA,0.52050972,-0.016996330000000004,-161904.01525304,0.0,0.0
2026-02-18,STO,0.51970243,0.009655140000000006,313577.02626669407,0.0,0.0
2026-02-18,EBO,0.49542007,0.0016885199999999712,3462.004013127531,0.0,0.0
2026-02-18,CEH,0.48988852,-0.001481610000000022,-5756.971581371501,0.0,0.0
2026-02-18,QUB,0.48608432,-0.023881709999999945,-422756.8990910053,0.0,0.0
2026-02-18,WA1,0.48350894,-0.031926750000000004,-23711.000791132567,0.0,0.0
2026-02-18,VGN,0.48098259,-0.01027749,-80368.99194410304,0.0,0.0
2026-02-18,CRN,0.48037884,0.0,0.0,0.0,0.0
2026-02-18,PNR,0.4801123,-0.010313280000000036,-40652.9806454496,0.0,0.0
2026-02-18,ALL,0.4786136,-0.01000298000000005,-61290.98587252665,0.0,0.0
2026-02-18,BXB,0.47822387,-0.001491940000000025,-20260.925480587408,0.0,0.0
2026-02-18,NWL,0.47337471,-0.011372170000000015,-27904.00099600642,0.0,0.0
2026-02-18,CNQ,0.469988,0.0013195300000000132,1166.9996685868246,0.0,0.0
2026-02-18,MPW,0.46091459,-7.804000000000144e-05,-86.00247036514338,0.0,0.0
2026-02-18,RFG,0.46085823,0.03716174,23451.99743363401,0.0,0.0
2026-02-18,COL,0.45906133,0.013550989999999985,181873.05934154522,0.0,0.0
2026-02-18,PAR,0.45621531,-0.006351030000000035,-2485.035152698867,0.0,0.0
2026-02-18,ANG,0.44814012,-0.01480952000000002,-92182.0158499591,0.0,0.0
2026-02-18,IPD,0.44512312,0.01622477,330782.1122254748,0.0,0.0
2026-02-18,USL,0.44208105,-0.022351290000000024,-140717.0332164676,0.0,0.0
2026-02-18,PYC,0.44100533,-0.010319890000000054,-81603.03941583168,0.0,0.0
2026-02-18,SMR,0.43958617,0.004653359999999995,41944.99773990223,0.0,0.0
2026-02-18,SKC,0.43845382,-4.895999999998679e-05,-540.0557510117069,0.0,0.0
2026-02-18,TLS,0.43793002,-0.022734650000000023,-2558770.5967360884,0.0,0.0
2026-02-18,SUN,0.43168874,0.014399600000000012,155942.9960497804,0.0,0.0
2026-02-18,QAN,0.43113231,-0.016490950000000004,-249540.93650025036,0.0,0.0
2026-02-18,INR,0.42906272,-0.001739590000000013,-53486.024852575734,0.0,0.0
2026-02-18,MAD,0.42779397,0.0005372000000000154,1092.996402816032,0.0,0.0
2026-02-18,DUG,0.4270488,0.000778700000000021,1054.9923925190233,0.0,0.0
2026-02-18,GPT,0.42593856,0.0011327600000000104,21698.89489606861,0.0,0.0
2026-02-18,DNL,0.41888189,0.011101879999999953,197555.9860146381,0.0,0.0
2026-02-18,MEI,0.41107938,0.009443019999999969,249899.97523488477,0.0,0.0
2026-02-18,NEM,0.41100487,0.09901639000000001,86712.99756219325,0.0,0.0
2026-02-18,TCL,0.40944604,0.033536940000000015,1044605.7947122138,0.0,0.0
2026-02-18,AUE,0.40622068,-6.3299999999988366e-06,-22.015482432441786,0.0,0.0
2026-02-18,GDI,0.40429957,0.0,0.0,0.0,0.0
2026-02-18,SXL,0.39653983,-0.001518240000000004,-7269.016399953514,0.0,0.0
2026-02-18,MGR,0.39152968,-0.03740737999999999,-1476042.9256420154,0.0,0.0
2026-02-18,NXG,0.38962596,-0.002181880000000025,-3211.999418617226,0.0,0.0
2026-02-18,DBI,0.38575976,-0.00897871,-44513.002371095354,0.0,0.0
2026-02-18,WES,0.38463456,-0.007170279999999973,-81352.0441976469,0.0,0.0
2026-02-18,AGY,0.38137697,-0.02429428,-374963.00328457635,0.0,0.0
2026-02-18,DEV,0.37257766,-0.0006600600000000179,-4686.956840054132,0.0,0.0
2026-02-18,AYA,0.3708237,0.024182079999999995,38228.00345815357,0.0,0.0
2026-02-18,HDN,0.36902955,-0.02232150999999999,-466095.1422731606,0.0,0.0
2026-02-18,FWD,0.36295205,0.0,0.0,0.0,0.0
2026-02-18,MTH,0.36126213,0.0013578800000000335,2508.9923263303936,0.0,0.0
2026-02-18,TTT,0.35626346,7.838999999998375e-05,1259.019276816398,0.0,0.0
2026-02-18,GGP,0.34798088,-0.047975020000000035,-322827.03035505116,0.0,0.0
2026-02-18,WAF,0.34329397,0.02110688999999999,241110.09296348924,0.0,0.0
2026-02-18,PRN,0.33557,-0.007271140000000009,-68340.00524699176,0.0,0.0
2026-02-18,ASM,0.314826,0.0,0.0,0.0,0.0
2026-02-18,CPU,0.31444237,-0.0032881099999999552,-19018.003087376943,0.0,0.0
2026-02-18,C79,0.30546902,-0.001505880000000015,-1753.9932612636476,0.0,0.0
2026-02-18,GLF,0.30271757,-0.03391110000000003,-128960.00063728215,0.0,0.0
2026-02-18,WPR,0.30250893,-0.005481860000000005,-35792.952550407266,0.0,0.0
2026-02-18,QBE,0.29796834,-0.026272440000000008,-395546.9879942965,0.0,0.0
2026-02-18,DOW,0.29055554,-0.005214249999999976,-34577.956976627465,0.0,0.0
2026-02-18,SVM,0.28897823,0.00107908000000001,6980.986156332539,0.0,0.0
2026-02-18,SRG,0.28380627,-0.0013828699999999805,-8664.955860371236,0.0,0.0
2026-02-18,CQR,0.28368806,0.006969190000000014,40506.99578746711,0.0,0.0
2026-02-18,EL8,0.28222939,-0.003488009999999986,-16253.014692172175,0.0,0.0
2026-02-18,DXI,0.27984311,-0.00019826000000000565,-629.0193255486665,0.0,0.0
2026-02-18,ASL,0.26616957,0.0002666199999999952,567.0129233705811,0.0,0.0
2026-02-18,RGN,0.26489742,-9.049999999999336e-05,-1045.0538885905407,0.0,0.0
2026-02-18,A1M,0.26317187,0.0,0.0,0.0,0.0
2026-02-18,OML,0.26304199,0.005817760000000005,31345.00214439351,0.0,0.0
2026-02-18,KPG,0.26212283,0.0012965199999999677,586.9988724963914,0.0,0.0
2026-02-18,CMM,0.25734983,0.00013888000000000789,634.0104207359254,0.0,0.0
2026-02-18,MND,0.25566452,-0.004435850000000019,-4437.003454075515,0.0,0.0
2026-02-18,RPL,0.25415314,0.007568760000000008,27958.97824747197,0.0,0.0
2026-02-18,PIQ,0.25388294,-0.04116804000000002,-68003.01478191966,0.0,0.0
2026-02-18,CHC,0.2529571,-2.4520000000027853e-05,-115.97891319496557,0.0,0.0
2026-02-18,STN,0.24266304,0.010116409999999992,55317.967725353315,0.0,0.0
2026-02-18,AAC,0.23819015,-4.48000000000115e-06,-27.00395026570186,0.0,0.0
2026-02-18,LKY,0.23614018,-0.04833924999999997,-178363.99912453745,0.0,0.0
2026-02-18,BBN,0.23256375,0.003000730000000007,4063.0102052998263,0.0,0.0
2026-02-18,ARR,0.23029169,0.018471729999999992,106140.00119022257,0.0,0.0
2026-02-18,ARU,0.22942503,0.0,0.0,0.0,0.0
2026-02-18,SCG,0.22817398,-0.08114504,-4232863.995534364,0.0,0.0
2026-02-18,SKY,0.22490511,-0.06982017999999998,-600000.0072819488,0.0,0.0
2026-02-18,SGP,0.22462953,0.009535829999999995,230992.98437727708,0.0,0.0
2026-02-18,VTM,0.22359936,-0.0008499299999999987,-1116.0000340454862,0.0,0.0
2026-02-18,CMW,0.2220231,0.00455098000000001,119184.09969815146,0.0,0.0
2026-02-18,WJL,0.22002859,-0.09262799000000002,-363592.9798289243,0.0,0.0
2026-02-18,MTM,0.21567455,-0.052137320000000015,-384169.99781402317,0.0,0.0
2026-02-18,AFG,0.21072706,0.0032966499999999843,8958.978116889484,0.0,0.0
2026-02-18,NGI,0.20921955,0.0049432100000000034,24276.997597479145,0.0,0.0
2026-02-18,TTM,0.2039394,0.01652695999999998,47513.00197435997,0.0,0.0
2026-02-18,ARF,0.2006417,-0.0051927699999999855,-21037.010527481325,0.0,0.0
2026-02-18,ACF,0.19549898,-0.011180140000000005,-34832.98058170802,0.0,0.0
2026-02-18,CMA,0.19249976,0.0012433899999999831,1701.9930773614615,0.0,0.0
2026-02-18,SGQ,0.19155675,-0.0009071400000000007,-34555.877349677496,0.0,0.0
2026-02-18,AGE,0.18660025,-0.00988789000000001,-438729.05552004185,0.0,0.0
2026-02-18,ATH,0.18631685,0.0,0.0,0.0,0.0
2026-02-18,FAL,0.18559098,-0.008279060000000005,-17605.00937234622,0.0,0.0
2026-02-18,TCG,0.18430297,0.0,0.0,0.0,0.0
2026-02-18,TER,0.18287926,-0.0035839400000000077,-64626.962386253756,0.0,0.0
2026-02-18,GLPR,0.17919948,0.0,0.0,0.0,0.0
2026-02-18,ORI,0.17800069,-0.06679170000000001,-312401.99984760163,0.0,0.0
2026-02-18,MYS,0.17534705,-0.0015039400000000092,-2551.9979619090445,0.0,0.0
2026-02-18,IRI,0.17206318,0.0025698799999999966,4640.992626936408,0.0,0.0
2026-02-18,QPM,0.17078327,0.0054470999999999825,215591.75284871552,0.0,0.0
2026-02-18,AQZ,0.16847422,-0.03897842999999998,-62778.989895086386,0.0,0.0
2026-02-18,CDA,0.1672634,0.0013069900000000079,2377.007512706332,0.0,0.0
2026-02-18,BM1,0.1671836,-0.0004358100000000087,-1299.9986114610801,0.0,0.0
2026-02-18,HGO,0.16615108,-0.013156000000000001,-449157.96154372115,0.0,0.0
2026-02-18,EQR,0.16601805,0.013408780000000009,641790.7356462292,0.0,0.0
2026-02-18,FPH,0.16510419,0.032973400000000014,193645.00472095003,0.0,0.0
2026-02-18,POL,0.16489166,0.0,0.0,0.0,0.0
2026-02-18,DPM,0.16022612,0.0,0.0,0.0,0.0
2026-02-18,TBN,0.15904808,0.046533430000000015,763246.9959384601,0.0,0.0
2026-02-18,MMI,0.15500173,0.0009042400000000006,55256.21304803528,0.0,0.0
2026-02-18,MKR,0.15310559,0.12082795000000002,1772337.8969485373,0.0,0.0
2026-02-18,BET,0.152971,-0.0015774600000000027,-17672.004775215173,0.0,0.0
2026-02-18,CEN,0.15113337,0.0,0.0,0.0,0.0
2026-02-18,FXG,0.14783979,8.901000000000048e-05,438.00580111599993,0.0,0.0
2026-02-18,GG8,0.14544101,0.005834740000000005,42602.011494067265,0.0,0.0
2026-02-18,VHM,0.14529734,0.0,0.0,0.0,0.0
2026-02-18,ARX,0.14177069,0.0,0.0,0.0,0.0
2026-02-18,DXB,0.14054506,-0.00025049999999998684,-1503.993923879927,0.0,0.0
2026-02-18,EBTC,0.13945874,0.0,0.0,0.0,0.0
2026-02-18,VAE,0.13891911,0.0,0.0,0.0,0.0
2026-02-18,BTR,0.13891446,0.0034215099999999887,27984.988498618826,0.0,0.0
2026-02-18,SXE,0.13539191,-0.01257491999999999,-33445.99219371233,0.0,0.0
2026-02-18,RXL,0.1339927,0.007517329999999989,104359.96818765183,0.0,0.0
2026-02-18,BRE,0.12977976,0.003369199999999989,10791.01483047282,0.0,0.0
2026-02-18,STP,0.12766139,0.0007532000000000094,1395.983071812021,0.0,0.0
2026-02-18,RAS,0.12604063,0.0,0.0,0.0,0.0
2026-02-18,CNI,0.12208154,0.008503030000000009,70582.96541032766,0.0,0.0
2026-02-18,SNT,0.12065871,0.0,0.0,0.0,0.0
2026-02-18,BIO,0.11978389,0.00027491999999999794,611.997297865164,0.0,0.0
2026-02-18,VR1,0.11929017,0.006622009999999998,149193.85238861013,0.0,0.0
2026-02-18,4DX,0.11694269,-0.01863568,-106259.01524714555,0.0,0.0
2026-02-18,HRZ,0.116115,0.0,0.0,0.0,0.0
2026-02-18,RMD,0.10891174,0.003810380000000002,22121.01781971194,0.0,0.0
2026-02-18,VAU,0.10639836,-0.018959439999999994,-197807.0213787593,0.0,0.0
2026-02-18,PEB,0.10404395,0.0,0.0,0.0,0.0
2026-02-18,AVM,0.10108715,0.002776500000000001,13077.027548954939,0.0,0.0
2026-02-18,GOZ,0.10045342,-0.00022113999999999467,-1668.0652296112385,0.0,0.0
2026-02-18,PGC,0.09587415,4.830000000011214e-06,79.95125028910115,0.0,0.0
2026-02-18,ENV,0.09499511,0.0,0.0,0.0,0.0
2026-02-18,RUL,0.09482951,-1.0356982099999998,-2294154.9917117613,0.0,0.0
2026-02-18,KCN,0.09458301,-0.0007760799999999984,-2073.982851184788,0.0,0.0
2026-02-18,EUR,0.09371545,3.16000000000205e-06,54.97142986766994,0.0,0.0
2026-02-18,MEK,0.09199263,0.008146130000000001,239975.88177496986,0.0,0.0
2026-02-18,TM1,0.09035713,0.012668639999999995,100257.05244720471,0.0,0.0
2026-02-18,GSBK39,0.08826786,0.0,0.0,0.0,0.0
2026-02-18,ENL,0.08676357,-0.029002440000000004,-241640.96781060612,0.0,0.0
2026-02-18,SPL,0.08465866,0.0,0.0,0.0,0.0
2026-02-18,KNB,0.08437477,0.0,0.0,0.0,0.0
2026-02-18,VEE,0.08277923,-0.0031516300000000025,-4624.997232763621,0.0,0.0
2026-02-18,MAY,0.08271737,0.0,0.0,0.0,0.0
2026-02-18,ASG,0.08254749,0.0004606600000000016,948.0006717176002,0.0,0.0
2026-02-18,BBT,0.0819091,0.0019876100000000008,20723.954459806322,0.0,0.0
2026-02-18,LRV,0.08080449,-0.0046460299999999954,-24048.99764144217,0.0,0.0
2026-02-18,BKB,0.07917171,0.012937810000000008,19463.000036758312,0.0,0.0
2026-02-18,LKE,0.07832404,0.000801099999999999,18542.870869968785,0.0,0.0
2026-02-18,RDY,0.07746182,7.608000000000614e-05,94.00757260560931,0.0,0.0
2026-02-18,WWI,0.07649097,-0.007609350000000001,-328908.04854021454,0.0,0.0
2026-02-18,DGL,0.07534501,0.0,0.0,0.0,0.0
2026-02-18,TLG,0.07395392,-0.0030521799999999877,-15578.99511689815,0.0,0.0
2026-02-18,CVB,0.06916481,0.007293809999999991,34845.03192801564,0.0,0.0
2026-02-18,AQI,0.06855384,0.0008888600000000052,1439.0037730795884,0.0,0.0
2026-02-18,PPK,0.06783868,0.0017684800000000028,1606.0008646303904,0.0,0.0
2026-02-18,NWH,0.06759072,-0.0005895899999999871,-2708.9711787131964,0.0,0.0
2026-02-18,HCH,0.06743565,0.02427204,48982.00561177562,0.0,0.0
2026-02-18,BTL,0.06708419,0.0,0.0,0.0,0.0
2026-02-18,CCX,0.06558429,0.0,0.0,0.0,0.0
2026-02-18,XCLWBP,0.06524891,0.0,0.0,0.0,0.0
2026-02-18,SDV,0.06229517,0.0,0.0,0.0,0.0
2026-02-18,SPD,0.06091597,-0.010706640000000003,-13220.9922434904,0.0,0.0
2026-02-18,XMET,0.06066084,0.0,0.0,0.0,0.0
2026-02-18,ETM,0.06001586,0.0,0.0,0.0,0.0
2026-02-18,FDV,0.05971431,-0.000659800000000002,-2874.977999264025,0.0,0.0
2026-02-18,ALA,0.05910377,0.0,0.0,0.0,0.0
2026-02-18,MAU,0.05866825,0.0,0.0,0.0,0.0
2026-02-18,ATX,0.05862515,0.0,0.0,0.0,0.0
2026-02-18,TEA,0.05767305,3.495999999999361e-05,90.9815083144058,0.0,0.0
2026-02-18,EGH,0.05676441,0.0,0.0,0.0,0.0
2026-02-18,RTR,0.05639998,0.0,0.0,0.0,0.0
2026-02-18,IXR,0.05612466,0.0,0.0,0.0,0.0
2026-02-18,GSBW35,0.05593886,0.0,0.0,0.0,0.0
2026-02-18,AVH,0.0555949,0.0,0.0,0.0,0.0
2026-02-18,GCM,0.05367547,0.0,0.0,0.0,0.0
2026-02-18,CRD,0.05144892,0.0,0.0,0.0,0.0
2026-02-18,SKK,0.04986599,-0.003154839999999999,-98453.9836270744,0.0,0.0
2026-02-18,MLX,0.04975882,-0.003314789999999998,-29382.01806247019,0.0,0.0
2026-02-18,SPZ,0.0486855,0.0,0.0,0.0,0.0
2026-02-18,PAC,0.0486315,0.0,0.0,0.0,0.0
2026-02-18,CAY,0.04787827,0.0,0.0,0.0,0.0
2026-02-18,EQT,0.04720852,-0.04697337000000001,-12584.999130583803,0.0,0.0
2026-02-18,SLS,0.04674602,0.03980853,46112.0005364616,0.0,0.0
2026-02-18,MM8,0.04671238,-0.0026362200000000016,-20963.964511331462,0.0,0.0
2026-02-18,NTU,0.04669481,-0.00022911999999999932,-21867.565903705545,0.0,0.0
2026-02-18,XCLWBO,0.04646552,0.0,0.0,0.0,0.0
2026-02-18,HJPN,0.04613919,0.0,0.0,0.0,0.0
2026-02-18,WIA,0.04357145,0.004352789999999995,64228.04274937429,0.0,0.0
2026-02-18,IGL,0.04307316,-0.0017722699999999994,-2724.989485185899,0.0,0.0
2026-02-18,CQE,0.04292381,0.0021562499999999984,8002.032572812488,0.0,0.0
2026-02-18,MEZ,0.04215921,0.0,0.0,0.0,0.0
2026-02-18,LIN,0.04205066,-0.000443030000000004,-7413.90937444428,0.0,0.0
2026-02-18,ELS,0.04150066,0.0006141500000000008,1349.9836828835105,0.0,0.0
2026-02-18,EHL,0.04145649,-0.0072235400000000005,-37445.007921797805,0.0,0.0
2026-02-18,VMM,0.04116212,0.0015950200000000025,1769.001639410606,0.0,0.0
2026-02-18,FRS,0.04106133,0.0,0.0,0.0,0.0
2026-02-18,FUEL,0.040265,0.0,0.0,0.0,0.0
2026-02-18,LAU,0.03979544,-0.022602119999999996,-82514.0038416792,0.0,0.0
2026-02-18,HZR,0.03974322,-0.03497494,-92926.0016096412,0.0,0.0
2026-02-18,IOZ,0.03859616,-0.000809780000000003,-1823.0045114540117,0.0,0.0
2026-02-18,NVA,0.03575742,0.0,0.0,0.0,0.0
2026-02-18,CEL,0.03507446,0.0008950700000000048,21708.009843741194,0.0,0.0
2026-02-18,SRL,0.03480181,-0.011509169999999999,-16531.0026301689,0.0,0.0
2026-02-18,TDO,0.03453257,0.0,0.0,0.0,0.0
2026-02-18,RZI,0.03413132,0.0,0.0,0.0,0.0
2026-02-18,ASN,0.0336775,1.3090000000000324e-05,211.99560586048756,0.0,0.0
2026-02-18,GSBW34,0.03306507,0.0,0.0,0.0,0.0
2026-02-18,KKC,0.03203694,2.4799999999991496e-06,7.998840248808847,0.0,0.0
2026-02-18,AMI,0.03087726,0.003151890000000001,53348.02778289601,0.0,0.0
2026-02-18,BNZ,0.03075995,-0.0014574299999999957,-4033.9984752326855,0.0,0.0
2026-02-18,IAA,0.03064713,0.0,0.0,0.0,0.0
2026-02-18,XCLWAZ,0.03050314,0.0,0.0,0.0,0.0
2026-02-18,RAD,0.03031638,0.02609263,924779.2090290079,0.0,0.0
2026-02-18,CCL,0.0293419,-0.0007532799999999985,-1443.0001393983985,0.0,0.0
2026-02-18,RML,0.02904223,0.00393172,79416.94768843678,0.0,0.0
2026-02-18,XCLWBH,0.02867865,-0.007006739999999997,-31179.992999999988,0.0,0.0
2026-02-18,AVR,0.02863152,0.0,0.0,0.0,0.0
2026-02-18,WCE,0.02795531,-0.02882749,-103452.9864906537,0.0,0.0
2026-02-18,GWA,0.02755716,0.02450292,64982.9966742996,0.0,0.0
2026-02-18,DAI,0.02692647,-0.01207933,-38527.0271419722,0.0,0.0
2026-02-18,RXR,0.02690757,0.0,0.0,0.0,0.0
2026-02-18,AMA,0.02657965,0.00017491000000000034,841.9809201811149,0.0,0.0
2026-02-18,AUC,0.02615834,0.002614179999999997,14322.039777273807,0.0,0.0
2026-02-18,BCB,0.02613274,0.0,0.0,0.0,0.0
2026-02-18,BCI,0.02569537,0.0,0.0,0.0,0.0
2026-02-18,HPG,0.02510009,-0.0019422300000000031,-2658.988927726801,0.0,0.0
2026-02-18,MAH,0.02452165,-0.001836110000000002,-39567.91010287986,0.0,0.0
2026-02-18,STK,0.02392198,-0.04644118,-1222270.9114462505,0.0,0.0
2026-02-18,AT4,0.02368589,-0.0016961799999999985,-22081.95438662439,0.0,0.0
2026-02-18,SVR,0.02366279,-0.0007444500000000007,-1406.0138973404974,0.0,0.0
2026-02-18,AAM,0.02333508,0.00513576,40550.032533477584,0.0,0.0
2026-02-18,AEU,0.0231098,0.0,0.0,0.0,0.0
2026-02-18,WTM,0.02296311,0.003116459999999998,9638.001063721793,0.0,0.0
2026-02-18,88E,0.02274212,0.0,0.0,0.0,0.0
2026-02-18,PNN,0.02271737,0.0,0.0,0.0,0.0
2026-02-18,EGR,0.02241203,0.003951670000000001,18238.980858273804,0.0,0.0
2026-02-18,PPS,0.02226977,0.00282518,13771.973852140203,0.0,0.0
2026-02-18,29M,0.02181962,-0.33327831,-5546313.961093322,0.0,0.0
2026-02-18,GSBQ26,0.02158376,0.0,0.0,0.0,0.0
2026-02-18,IMB,0.02153939,0.0,0.0,0.0,0.0
2026-02-18,STM,0.02122467,0.01697247,1153555.5291648607,0.0,0.0
2026-02-18,BFG,0.02112932,0.005390599999999999,17290.023260887996,0.0,0.0
2026-02-18,FND,0.02011052,0.00204234,1311.9993181169993,0.0,0.0
2026-02-18,TOE,0.01974778,0.0,0.0,0.0,0.0
2026-02-18,PPE,0.01934131,0.002191870000000002,2398.9940872924053,0.0,0.0
2026-02-18,ARD,0.01932638,0.0,0.0,0.0,0.0
2026-02-18,SRH,0.01871622,0.0,0.0,0.0,0.0
2026-02-18,KMD,0.01784021,0.0,0.0,0.0,0.0
2026-02-18,EVO,0.01763744,-5.896999999999847e-05,-119.9932799681992,0.0,0.0
2026-02-18,ERD,0.01761267,0.0022668800000000006,4253.006367948798,0.0,0.0
2026-02-18,FEX,0.01744879,0.005614779999999998,41828.034317469195,0.0,0.0
2026-02-18,SGI,0.01729574,-0.006931799999999998,-10366.998295302,0.0,0.0
2026-02-18,GHY,0.01721101,0.002680459999999999,4837.004927711001,0.0,0.0
2026-02-18,CBE,0.01695879,-0.0049782199999999985,-18126.969223389882,0.0,0.0
2026-02-18,VIF,0.01692951,0.0,0.0,0.0,0.0
2026-02-18,JMS,0.01679436,0.0,0.0,0.0,0.0
2026-02-18,GSBU32,0.01634154,0.0,0.0,0.0,0.0
2026-02-18,BUB,0.0158128,-0.0022931800000000023,-20504.01120540846,0.0,0.0
2026-02-18,KNI,0.01517906,0.0,0.0,0.0,0.0
2026-02-18,UNT,0.01516309,0.0,0.0,0.0,0.0
2026-02-18,E25,0.01494412,0.0,0.0,0.0,0.0
2026-02-18,EIQ,0.01481704,0.00249102,16285.982613642016,0.0,0.0
2026-02-18,NMG,0.01463904,-6.455000000000002e-05,-7012.867949572392,0.0,0.0
2026-02-18,AMD,0.01455888,0.0,0.0,0.0,0.0
2026-02-18,GHM,0.01453373,0.0,0.0,0.0,0.0
2026-02-18,GSBU33,0.01418794,0.0,0.0,0.0,0.0
2026-02-18,DTR,0.01384822,0.000807239999999999,29330.88338352478,0.0,0.0
2026-02-18,FML,0.0138045,-0.00044633999999999993,-1279.0258560930088,0.0,0.0
2026-02-18,WR1,0.01369316,0.0,0.0,0.0,0.0
2026-02-18,IMR,0.01318286,-0.0405475,-130135.9961783,0.0,0.0
2026-02-18,AAR,0.01308812,0.0,0.0,0.0,0.0
2026-02-18,FPR,0.01247831,-0.0035505400000000013,-7667.986875106602,0.0,0.0
2026-02-18,TRI,0.01240251,0.0,0.0,0.0,0.0
2026-02-18,KSN,0.01220708,0.0,0.0,0.0,0.0
2026-02-18,SLD,0.01185523,0.0001444299999999992,363.9979887829977,0.0,0.0
2026-02-18,RAG,0.01163716,0.0,0.0,0.0,0.0
2026-02-18,CGS,0.01162372,0.0,0.0,0.0,0.0
2026-02-18,KYP,0.01125478,0.0,0.0,0.0,0.0
2026-02-18,MTL,0.01090129,0.0,0.0,0.0,0.0
2026-02-18,ACE,0.01069183,0.0,0.0,0.0,0.0
2026-02-18,G50,0.01040451,0.0033721000000000003,6914.991840571001,0.0,0.0
2026-02-18,PPC,0.0094626,0.0039700199999999995,18586.004184991198,0.0,0.0
2026-02-18,RYZ,0.00932282,0.0,0.0,0.0,0.0
2026-02-18,BKI,0.00918843,0.0,0.0,0.0,0.0
2026-02-18,FANG,0.00871553,0.0,0.0,0.0,0.0
2026-02-18,QAL,0.00851291,1.990000000000325e-06,5.998347888300486,0.0,0.0
2026-02-18,CYM,0.00845721,0.0,0.0,0.0,0.0
2026-02-18,MHC,0.00843669,0.0,0.0,0.0,0.0
2026-02-18,DLI,0.00841471,0.0,0.0,0.0,0.0
2026-02-18,EBR,0.00841375,0.0024400199999999993,10980.991855792192,0.0,0.0
2026-02-18,ARG,0.00764429,0.00097722,7415.038452132001,0.0,0.0
2026-02-18,PBH,0.00764069,-9.320999999999982e-05,-323.98545308219764,0.0,0.0
2026-02-18,WHK,0.00757693,0.0,0.0,0.0,0.0
2026-02-18,GL1,0.00751021,0.0,0.0,0.0,0.0
2026-02-18,XCLWBN,0.00736301,0.0,0.0,0.0,0.0
2026-02-18,AEM,0.00722632,0.0,0.0,0.0,0.0
2026-02-18,FID,0.00671574,0.0,0.0,0.0,0.0
2026-02-18,GSBU31,0.00670562,0.0,0.0,0.0,0.0
2026-02-18,AEE,0.0064839,-0.06711358,-669417.9856383447,0.0,0.0
2026-02-18,BM8,0.00648384,4.6520000000000415e-05,103.00810044680111,0.0,0.0
2026-02-18,GRX,0.00646701,0.0,0.0,0.0,0.0
2026-02-18,IVZ,0.00629286,0.00327624,52534.00674213121,0.0,0.0
2026-02-18,KAL,0.00622502,0.0,0.0,0.0,0.0
2026-02-18,HYT,0.00611048,0.0,0.0,0.0,0.0
2026-02-18,CYC,0.0059091,-2.2390000000000604e-05,-27.004698562601334,0.0,0.0
2026-02-18,ESR,0.00590826,0.0,0.0,0.0,0.0
2026-02-18,WCN,0.00573921,0.0,0.0,0.0,0.0
2026-02-18,CVL,0.00496875,0.0,0.0,0.0,0.0
2026-02-18,SVG,0.00489723,0.0,0.0,0.0,0.0
2026-02-18,OVT,0.00487437,0.0,0.0,0.0,0.0
2026-02-18,CHW,0.00477499,0.0,0.0,0.0,0.0
2026-02-18,BANK,0.00477475,0.0,0.0,0.0,0.0
2026-02-18,NZM,0.00429532,0.0,0.0,0.0,0.0
2026-02-18,BSX,0.00385209,0.0,0.0,0.0,0.0
2026-02-18,COI,0.00375239,0.0,0.0,0.0,0.0
2026-02-18,BHM,0.00350323,0.0,0.0,0.0,0.0
2026-02-18,QGL,0.00349502,0.0,0.0,0.0,0.0
2026-02-18,DUR,0.00348226,-7.989e-05,-205.99615329149856,0.0,0.0
2026-02-18,VML,0.00341221,0.0,0.0,0.0,0.0
2026-02-18,TD1,0.00341127,0.0,0.0,0.0,0.0
2026-02-18,PGY,0.00336331,0.0,0.0,0.0,0.0
2026-02-18,CTM,0.00329905,0.0,0.0,0.0,0.0
2026-02-18,XCLWBR,0.00328922,-0.00033578000000000037,-249.9912000000004,0.0,0.0
2026-02-18,6KA,0.0032879,0.0,0.0,0.0,0.0
2026-02-18,FFG,0.0031517,0.0,0.0,0.0,0.0
2026-02-18,LED,0.0030361,0.0,0.0,0.0,0.0
2026-02-18,GSBK51,0.00279703,0.0,0.0,0.0,0.0
2026-02-18,NH3,0.00269148,0.0,0.0,0.0,0.0
2026-02-18,ADN,0.00265391,0.0,0.0,0.0,0.0
2026-02-18,AQD,0.00262512,0.00035391999999999976,5757.114219091192,0.0,0.0
2026-02-18,FGX,0.00260843,0.0,0.0,0.0,0.0
2026-02-18,VGL,0.0026039,0.0006628100000000002,1583.0181607061004,0.0,0.0
2026-02-18,M7T,0.00260032,0.0,0.0,0.0,0.0
2026-02-18,BOC,0.00251283,0.0,0.0,0.0,0.0
2026-02-18,VAS,0.00243594,0.0006087500000000001,1280.0084832250004,0.0,0.0
2026-02-18,3PL,0.00240888,0.0,0.0,0.0,0.0
2026-02-18,CVV,0.0020676,0.0012941100000000002,7231.0021393338,0.0,0.0
2026-02-18,AGD,0.00195532,0.00019223000000000005,1193.9903194923008,0.0,0.0
2026-02-18,AFI,0.00188207,-4.308999999999997e-05,-539.9106091096,0.0,0.0
2026-02-18,AIZ,0.00182585,0.0,0.0,0.0,0.0
2026-02-18,PCL,0.00181662,0.0,0.0,0.0,0.0
2026-02-18,LTP,0.00165037,0.0,0.0,0.0,0.0
2026-02-18,BCM,0.00163173,7.524000000000007e-05,1460.0472472475994,0.0,0.0
2026-02-18,MMA,0.0016246,-0.00018254000000000013,-458.99146332400005,0.0,0.0
2026-02-18,GLN,0.00161702,-0.00028531999999999993,-3533.0171844239994,0.0,0.0
2026-02-18,AGI,0.00159593,0.0,0.0,0.0,0.0
2026-02-18,DACE,0.00153913,0.0012468700000000002,4355.967863420899,0.0,0.0
2026-02-18,NMR,0.00151071,0.00015356000000000007,1686.0317017851994,0.0,0.0
2026-02-18,AHE,0.00150703,0.0,0.0,0.0,0.0
2026-02-18,GNG,0.0015048,-0.00017963000000000007,-304.9936171293002,0.0,0.0
2026-02-18,LMS,0.00139675,0.00027658,159.99754448220006,0.0,0.0
2026-02-18,PLY,0.00132143,0.0,0.0,0.0,0.0
2026-02-18,SRV,0.00125457,-8.718000000000007e-05,-87.00118335840011,0.0,0.0
2026-02-18,VGS,0.00119435,-0.00565728,-5343.0019161792,0.0,0.0
2026-02-18,ATG,0.00116671,0.0,0.0,0.0,0.0
2026-02-18,GRR,0.00091883,-0.00014057999999999996,-1626.9867416484012,0.0,0.0
2026-02-18,ION,0.00090445,0.0,0.0,0.0,0.0
2026-02-18,CUE,0.00089528,0.0,0.0,0.0,0.0
2026-02-18,KKO,0.00087425,0.0,0.0,0.0,0.0
2026-02-18,1AI,0.0008268,0.0,0.0,0.0,0.0
2026-02-18,VHY,0.00078718,0.0,0.0,0.0,0.0
2026-02-18,DCC,0.0007832,0.0,0.0,0.0,0.0
2026-02-18,DJW,0.00078026,0.00031346999999999994,823.9890037014,0.0,0.0
2026-02-18,RHI,0.0007563,0.0,0.0,0.0,0.0
2026-02-18,MRZ,0.00065962,0.0,0.0,0.0,0.0
2026-02-18,OR3,0.00061896,0.0,0.0,0.0,0.0
2026-02-18,PWR,0.00060143,0.0,0.0,0.0,0.0
2026-02-18,BDM,0.00057494,0.0,0.0,0.0,0.0
2026-02-18,SHG,0.00049796,0.0,0.0,0.0,0.0
2026-02-18,YRL,0.00049011,0.0,0.0,0.0,0.0
2026-02-18,MC2,0.00043689,0.0,0.0,0.0,0.0
2026-02-18,BGD,0.0004113,0.0,0.0,0.0,0.0
2026-02-18,CY5,0.00039393,-0.00042267,-4500.012539177999,0.0,0.0
2026-02-18,AIH,0.00038381,0.0,0.0,0.0,0.0
2026-02-18,BMC,0.00038048,3.1610000000000004e-05,54.00171984160011,0.0,0.0
2026-02-18,MME,0.00030475,0.0,0.0,0.0,0.0
2026-02-18,MSV,0.00030383,-0.004130920000000001,-8755.9975045536,0.0,0.0
2026-02-18,SYL,0.00026971,-4.766999999999998e-05,-114.00008542649994,0.0,0.0
2026-02-18,XRF,0.00025036,0.0,0.0,0.0,0.0
2026-02-18,LYL,0.00024409,0.00023906,95.0029842756,0.0,0.0
2026-02-18,IR1,0.00020171,0.0,0.0,0.0,0.0
2026-02-18,BIS,0.00019567,0.00013947,67.00280083109999,0.0,0.0
2026-02-18,HZN,0.00018125,0.0,0.0,0.0,0.0
2026-02-18,MVP,0.00013492,0.0,0.0,0.0,0.0
2026-02-18,WIN,0.0001164,0.0,0.0,0.0,0.0
2026-02-18,ART,6.71e-05,0.0,0.0,0.0,0.0
2026-02-18,NMT,6.139e-05,0.0,0.0,0.0,0.0
2026-02-18,CAF,5.636e-05,0.0,0.0,0.0,0.0
2026-02-18,PTR,5.611e-05,0.0,0.0,0.0,0.0
2026-02-18,DUB,5.575e-05,0.0,0.0,0.0,0.0
2026-02-18,MEX,5.314e-05,0.0,0.0,0.0,0.0
2026-02-18,SKT,5.084e-05,2.905e-05,39.994590405,0.0,0.0
2026-02-18,CVW,4.537e-05,0.0,0.0,0.0,0.0
2026-02-18,OSM,4.057e-05,-0.00389269,-5372.9988833404,0.0,0.0
2026-02-18,PCI,2.791e-05,0.0,0.0,0.0,0.0
2026-02-18,PPM,2.767e-05,0.0,0.0,0.0,0.0
2026-02-18,WGR,2.631e-05,1.3700000000000021e-06,4.009448274600004,0.0,0.0
2026-02-18,CCV,2.1e-05,0.0,0.0,0.0,0.0
2026-02-18,WAM,6.18e-06,0.0,0.0,0.0,0.0
2026-02-18,HCL,2.34e-06,0.0,0.0,0.0,0.0
2026-02-18,NGX,2.21e-06,0.0,0.0,0.0,0.0
2026-02-18,JNS,2.06e-06,0.0,0.0,0.0,0.0
2026-02-18,IME,1.85e-06,0.0,0.0,0.0,0.0
2026-02-18,GCI,1.02e-06,0.0,0.0,0.0,0.0
2026-02-18,HBRD,7.9e-07,0.0,0.0,0.0,0.0
2026-02-18,EFE,7.7e-07,0.0,0.0,0.0,0.0
2026-02-18,OEC,5.6e-07,0.0,0.0,0.0,0.0
2026-02-18,LM8,4.5e-07,0.0,0.0,0.0,0.0
2026-02-18,ENP,3.8e-07,0.0,0.0,0.0,0.0
2026-02-18,LSA,3.4e-07,0.0,0.0,0.0,0.0
2026-02-18,DXN,3.2e-07,0.0,0.0,0.0,0.0
2026-02-18,PET,3.2e-07,0.0,0.0,0.0,0.0
2026-02-18,GA8,1.7e-07,0.0,0.0,0.0,0.0
2026-02-18,LIS,1.6e-07,0.0,0.0,0.0,0.0
2026-02-18,ODE,6e-08,0.0,0.0,0.0,0.0
2026-02-18,GPR,3e-08,0.0,0.0,0.0,0.0
